Data;Compradora;Valor;Quantidade;Vendedora;Agressor;Total (USD);Agente Agressor;Núm;Var
19:10:38.865;Elliot-Warren;2.565,60;4;Genial;Comprador;;;;
19:10:37.474;XP;2.565,50;1;Elliot-Warren;Comprador;;;;
19:10:34.886;XP;2.565,50;1;Elliot-Warren;Comprador;;;;
19:10:32.295;XP;2.565,50;1;Elliot-Warren;Comprador;;;;
19:10:29.688;XP;2.565,50;1;Elliot-Warren;Comprador;;;;
19:03:09.163;Genial;2.553,50;1;XP;Vendedor;;;;
19:02:12.051;XP;2.565,90;1;Genial;Comprador;;;;
18:36:43.655;Genial;2.562,90;1;BGC Liquidez;Vendedor;;;;
18:36:43.387;Genial;2.562,90;1;BGC Liquidez;Vendedor;;;;
18:36:43.119;Genial;2.562,90;1;BGC Liquidez;Vendedor;;;;
18:36:42.850;Genial;2.562,90;1;BGC Liquidez;Vendedor;;;;
18:36:13.237;Genial;2.562,90;1;BGC Liquidez;Vendedor;;;;
18:34:52.850;Santander;2.568,00;1;BGC Liquidez;Comprador;;;;
18:33:15.558;Elliot-Warren;2.567,50;1;BGC Liquidez;Vendedor;;;;
18:33:15.291;Elliot-Warren;2.567,50;1;BGC Liquidez;Vendedor;;;;
18:33:15.025;Elliot-Warren;2.567,50;1;BGC Liquidez;Vendedor;;;;
18:33:14.759;Elliot-Warren;2.567,50;1;BGC Liquidez;Vendedor;;;;
18:33:14.492;Elliot-Warren;2.567,20;1;BGC Liquidez;Vendedor;;;;
18:33:13.797;Elliot-Warren;2.567,20;1;BGC Liquidez;Comprador;;;;
18:30:14.062;XP;2.574,70;1;Genial;Comprador;;;;
18:29:11.688;XP;2.570,20;6;Elliot-Warren;Comprador;;;;
18:29:11.688;XP;2.570,10;1;Genial;Comprador;;;;
18:29:06.714;XP;2.568,60;1;Genial;Comprador;;;;
18:29:06.714;XP;2.568,60;1;Genial;Comprador;;;;
18:29:06.714;XP;2.565,00;1;XP;Comprador;;;;
18:28:14.202;UBS;2.565,50;10;Genial;Vendedor;;;;
18:28:05.236;UBS;2.566,60;10;Genial;Vendedor;;;;
18:27:56.259;UBS;2.564,80;1;Genial;Vendedor;;;;
18:27:42.919;Genial;2.564,10;10;UBS;Comprador;;;;
18:27:41.252;Genial;2.563,70;10;UBS;Comprador;;;;
18:27:29.576;Genial;2.563,60;1;XP;Vendedor;;;;
18:27:29.576;UBS;2.566,00;10;Genial;Vendedor;;;;
18:27:25.002;UBS;2.567,40;10;Genial;Vendedor;;;;
18:24:38.957;UBS;2.567,30;7;Genial;Vendedor;;;;
18:24:30.047;UBS;2.568,30;10;Genial;Vendedor;;;;
18:20:01.384;UBS;2.563,90;1;Genial;Comprador;;;;
18:20:01.383;Genial;2.563,60;10;UBS;Comprador;;;;
18:19:16.524;Genial;2.563,50;10;UBS;Comprador;;;;
18:18:02.927;Elliot-Warren;2.562,00;7;UBS;Comprador;;;;
18:17:28.400;UBS;2.561,60;1;Genial;Vendedor;;;;
18:16:38.495;BTG;2.564,60;7;Elliot-Warren;Comprador;;;;
18:16:38.495;BTG;2.564,30;1;Genial;Comprador;;;;
18:16:38.495;BTG;2.562,90;1;Genial;Comprador;;;;
18:16:38.495;BTG;2.561,60;10;UBS;Comprador;;;;
18:16:38.495;BTG;2.561,50;1;Genial;Comprador;;;;
18:12:54.118;Genial;2.561,00;10;UBS;Comprador;;;;
18:12:43.325;Genial;2.561,10;10;UBS;Comprador;;;;
18:12:11.211;Genial;2.560,60;10;UBS;Comprador;;;;
18:11:06.645;Genial;2.563,10;10;UBS;Comprador;;;;
18:11:04.773;Elliot-Warren;2.563,50;9;UBS;Comprador;;;;
18:11:02.989;Genial;2.563,50;10;UBS;Comprador;;;;
18:11:01.853;Genial;2.563,30;10;UBS;Comprador;;;;
18:11:00.617;Genial;2.563,20;10;UBS;Comprador;;;;
18:10:55.477;Genial;2.562,30;10;UBS;Comprador;;;;
18:10:52.347;XP;2.561,20;1;UBS;Comprador;;;;
18:10:12.695;UBS;2.574,30;10;Genial;Vendedor;;;;
18:10:09.892;UBS;2.574,90;10;Genial;Vendedor;;;;
18:09:52.503;UBS;2.574,30;10;Genial;Vendedor;;;;
18:09:51.344;Elliot-Warren;2.574,60;10;Genial;Vendedor;;;;
18:09:48.315;Elliot-Warren;2.575,40;10;Genial;Vendedor;;;;
18:09:47.113;UBS;2.575,60;10;Genial;Vendedor;;;;
18:09:42.808;UBS;2.577,80;10;Genial;Vendedor;;;;
18:09:38.023;UBS;2.575,50;10;Elliot-Warren;Vendedor;;;;
18:09:34.250;Agora;2.576,80;4;UBS;Comprador;;;;
18:09:34.000;Agora;2.576,50;5;UBS;Comprador;;;;
18:09:33.000;Agora;2.576,60;5;UBS;Comprador;;;;
18:09:31.750;Agora;2.577,10;5;UBS;Comprador;;;;
18:09:31.000;Agora;2.576,30;5;UBS;Comprador;;;;
18:09:29.764;Agora;2.577,10;5;UBS;Comprador;;;;
18:09:28.450;Agora;2.584,20;5;Elliot-Warren;Comprador;;;;
18:09:28.000;Agora;2.576,20;5;UBS;Comprador;;;;
18:09:26.459;Agora;2.578,90;5;UBS;Comprador;;;;
18:09:26.000;Agora;2.584,20;4;Elliot-Warren;Comprador;;;;
18:09:26.000;Agora;2.583,90;1;Elliot-Warren;Comprador;;;;
18:09:24.550;Agora;2.583,90;5;Elliot-Warren;Comprador;;;;
18:09:23.800;Agora;2.576,10;5;UBS;Comprador;;;;
18:09:22.243;Agora;2.575,90;5;UBS;Comprador;;;;
18:09:21.460;Agora;2.574,80;5;UBS;Comprador;;;;
18:09:20.479;UBS;2.575,70;2;XP;Vendedor;;;;
18:09:20.460;Agora;2.583,90;4;Elliot-Warren;Comprador;;;;
18:09:20.460;Agora;2.583,60;1;Genial;Comprador;;;;
18:09:19.459;Agora;2.575,40;5;UBS;Comprador;;;;
18:09:19.000;Agora;2.576,60;5;UBS;Comprador;;;;
18:09:18.000;Agora;2.576,80;5;UBS;Comprador;;;;
18:09:17.027;UBS;2.576,50;10;XP;Vendedor;;;;
18:09:17.000;Agora;2.583,60;4;Genial;Comprador;;;;
18:09:17.000;Agora;2.583,40;1;Genial;Comprador;;;;
18:09:16.000;Agora;2.576,10;5;UBS;Comprador;;;;
18:09:14.533;Agora;2.583,40;4;Genial;Comprador;;;;
18:09:14.533;Agora;2.580,00;1;XP;Comprador;;;;
18:09:14.000;Agora;2.575,50;5;UBS;Comprador;;;;
18:09:13.027;UBS;2.574,80;10;XP;Vendedor;;;;
18:09:13.000;Agora;2.575,60;5;UBS;Comprador;;;;
18:08:59.570;XP;2.577,00;1;UBS;Vendedor;;;;
18:08:35.839;XP;2.575,60;1;UBS;Comprador;;;;
18:07:49.185;UBS;2.574,10;10;XP;Vendedor;;;;
18:07:23.122;UBS;2.574,10;10;XP;Vendedor;;;;
18:07:08.192;Agora;2.572,10;5;UBS;Vendedor;;;;
18:07:08.192;XP;2.572,20;1;UBS;Vendedor;;;;
18:07:03.190;XP;2.572,90;1;UBS;Vendedor;;;;
18:06:52.890;UBS;2.574,10;10;XP;Vendedor;;;;
18:03:34.644;Genial;2.563,90;10;UBS;Comprador;;;;
18:03:11.713;UBS;2.567,00;10;Genial;Vendedor;;;;
18:02:40.011;UBS;2.566,80;1;XP;Vendedor;;;;
18:02:33.066;UBS;2.567,10;1;XP;Vendedor;;;;
18:02:28.461;UBS;2.569,30;1;XP;Vendedor;;;;
18:02:27.451;UBS;2.570,30;10;Genial;Vendedor;;;;
18:02:23.873;UBS;2.570,30;1;XP;Vendedor;;;;
18:02:19.269;UBS;2.570,80;1;XP;Vendedor;;;;
18:02:16.187;UBS;2.571,10;6;Ideal;Vendedor;;;;
18:02:13.897;UBS;2.570,80;1;XP;Vendedor;;;;
18:02:04.178;UBS;2.567,00;10;Ideal;Vendedor;;;;
18:02:02.114;Genial;2.567,30;1;BGC Liquidez;Vendedor;;;;
18:02:01.662;UBS;2.567,90;1;BGC Liquidez;Comprador;;;;
18:02:01.393;Agora;2.568,00;1;BGC Liquidez;Vendedor;;;;
18:02:01.124;Agora;2.568,00;1;BGC Liquidez;Vendedor;;;;
18:02:00.853;UBS;2.568,80;1;BGC Liquidez;Comprador;;;;
18:02:00.585;UBS;2.568,20;1;BGC Liquidez;Comprador;;;;
18:01:59.522;UBS;2.569,80;1;BGC Liquidez;Comprador;;;;
18:01:59.251;UBS;2.569,30;1;BGC Liquidez;Comprador;;;;
18:01:58.323;UBS;2.569,10;1;BGC Liquidez;Comprador;;;;
18:01:58.043;Agora;2.568,60;5;UBS;Vendedor;;;;
18:01:57.775;UBS;2.569,10;1;BGC Liquidez;Vendedor;;;;
18:01:57.507;UBS;2.569,10;1;BGC Liquidez;Vendedor;;;;
18:01:57.237;UBS;2.569,10;1;BGC Liquidez;Vendedor;;;;
18:01:56.969;UBS;2.569,10;1;BGC Liquidez;Vendedor;;;;
18:01:56.699;UBS;2.569,20;1;BGC Liquidez;Comprador;;;;
18:01:56.430;UBS;2.569,30;1;BGC Liquidez;Comprador;;;;
18:01:56.160;UBS;2.569,30;1;BGC Liquidez;Comprador;;;;
18:01:55.890;UBS;2.569,40;1;BGC Liquidez;Comprador;;;;
18:01:55.622;UBS;2.569,60;1;BGC Liquidez;Comprador;;;;
18:01:51.205;UBS;2.570,60;1;BGC Liquidez;Vendedor;;;;
18:01:50.936;UBS;2.570,60;1;BGC Liquidez;Vendedor;;;;
18:01:47.950;UBS;2.569,30;1;XP;Vendedor;;;;
18:01:46.262;UBS;2.570,20;1;BGC Liquidez;Comprador;;;;
18:01:45.993;UBS;2.570,30;1;BGC Liquidez;Comprador;;;;
18:01:45.724;UBS;2.570,00;1;BGC Liquidez;Comprador;;;;
18:01:45.452;UBS;2.570,40;1;BGC Liquidez;Vendedor;;;;
18:01:43.890;UBS;2.569,90;1;BGC Liquidez;Comprador;;;;
18:01:42.643;UBS;2.569,60;1;BGC Liquidez;Comprador;;;;
18:01:42.375;UBS;2.569,10;1;BGC Liquidez;Comprador;;;;
18:01:42.107;UBS;2.569,10;1;BGC Liquidez;Comprador;;;;
18:01:41.839;UBS;2.569,60;1;BGC Liquidez;Vendedor;;;;
18:01:41.569;UBS;2.568,70;1;BGC Liquidez;Comprador;;;;
18:01:41.300;UBS;2.569,10;1;BGC Liquidez;Comprador;;;;
18:01:41.031;UBS;2.569,10;1;BGC Liquidez;Comprador;;;;
18:01:40.761;UBS;2.569,20;1;BGC Liquidez;Comprador;;;;
18:01:40.488;UBS;2.568,80;1;BGC Liquidez;Comprador;;;;
18:01:40.220;UBS;2.570,50;1;BGC Liquidez;Vendedor;;;;
18:01:38.667;UBS;2.569,80;1;BGC Liquidez;Comprador;;;;
18:01:38.397;UBS;2.570,40;1;BGC Liquidez;Vendedor;;;;
18:01:38.126;UBS;2.569,50;1;BGC Liquidez;Comprador;;;;
18:01:37.858;UBS;2.572,00;1;BGC Liquidez;Vendedor;;;;
18:01:37.591;UBS;2.569,40;1;BGC Liquidez;Comprador;;;;
18:01:37.322;UBS;2.569,20;1;BGC Liquidez;Comprador;;;;
18:01:37.054;UBS;2.569,20;1;BGC Liquidez;Comprador;;;;
18:01:36.785;UBS;2.569,80;1;BGC Liquidez;Comprador;;;;
18:01:36.511;UBS;2.570,20;1;BGC Liquidez;Comprador;;;;
18:01:36.242;UBS;2.571,10;1;BGC Liquidez;Vendedor;;;;
18:01:35.460;UBS;2.570,30;1;BGC Liquidez;Comprador;;;;
18:01:35.192;UBS;2.570,40;1;BGC Liquidez;Comprador;;;;
18:01:34.920;UBS;2.571,70;1;BGC Liquidez;Vendedor;;;;
18:01:28.839;UBS;2.572,50;1;BGC Liquidez;Vendedor;;;;
18:01:28.571;UBS;2.572,50;1;BGC Liquidez;Vendedor;;;;
18:01:28.303;UBS;2.572,50;1;BGC Liquidez;Vendedor;;;;
18:01:28.031;UBS;2.572,20;1;BGC Liquidez;Comprador;;;;
18:01:27.761;UBS;2.572,30;1;BGC Liquidez;Comprador;;;;
18:01:27.494;UBS;2.572,70;1;BGC Liquidez;Comprador;;;;
18:01:27.167;UBS;2.572,70;1;BGC Liquidez;Comprador;;;;
18:01:26.221;UBS;2.572,50;1;BGC Liquidez;Comprador;;;;
18:01:25.951;UBS;2.573,20;1;BGC Liquidez;Vendedor;;;;
18:01:25.683;UBS;2.572,50;1;BGC Liquidez;Comprador;;;;
18:01:25.414;UBS;2.573,60;1;BGC Liquidez;Vendedor;;;;
18:01:24.068;XP;2.573,30;2;UBS;Comprador;;;;
18:01:23.900;XP;2.573,60;1;BGC Liquidez;Comprador;;;;
18:01:23.900;XP;2.573,40;10;UBS;Comprador;;;;
18:01:23.610;XP;2.573,40;1;BGC Liquidez;Comprador;;;;
18:01:23.321;UBS;2.573,10;1;BGC Liquidez;Comprador;;;;
18:01:23.052;XP;2.573,80;1;BGC Liquidez;Comprador;;;;
18:01:23.052;XP;2.572,70;10;UBS;Comprador;;;;
18:01:22.766;XP;2.573,80;1;BGC Liquidez;Comprador;;;;
18:01:22.689;XP;2.573,30;10;UBS;Comprador;;;;
18:01:22.477;XP;2.573,90;10;UBS;Comprador;;;;
18:01:22.477;XP;2.573,60;1;BGC Liquidez;Comprador;;;;
18:01:22.187;XP;2.573,60;1;BGC Liquidez;Comprador;;;;
18:01:21.866;XP;2.573,90;1;BGC Liquidez;Comprador;;;;
18:01:20.298;UBS;2.575,40;1;BGC Liquidez;Comprador;;;;
18:01:20.025;UBS;2.575,20;1;BGC Liquidez;Comprador;;;;
17:59:30.004;UBS;2.577,40;1;Safra;Vendedor;;;;
17:59:22.813;XP;2.577,70;1;Ideal;Vendedor;;;;
17:59:17.247;ABN;2.576,90;10;UBS;Comprador;;;;
17:59:17.185;ABN;2.576,70;10;UBS;Vendedor;;;;
17:59:16.974;ABN;2.576,80;4;UBS;Vendedor;;;;
17:59:16.974;ABN;2.576,80;6;UBS;Vendedor;;;;
17:59:16.974;ABN;2.576,90;10;UBS;Vendedor;;;;
17:59:16.974;BTG;2.577,00;1;UBS;Vendedor;;;;
17:59:16.969;ABN;2.577,30;10;UBS;Comprador;;;;
17:59:15.514;ABN;2.577,10;10;UBS;Comprador;;;;
17:59:14.501;ABN;2.576,90;1;Safra;Comprador;;;;
17:59:13.419;Nova Futura;2.578,20;10;UBS;Vendedor;;;;
17:59:13.371;Nova Futura;2.577,90;10;UBS;Comprador;;;;
17:59:08.236;Ideal;2.578,50;9;ABN;Comprador;;;;
17:59:07.746;BTG;2.578,50;1;ABN;Comprador;;;;
17:59:07.183;UBS;2.578,70;1;BGC Liquidez;Comprador;;;;
17:59:07.183;UBS;2.578,60;10;ABN;Comprador;;;;
17:59:06.926;Ideal;2.578,00;9;ABN;Comprador;;;;
17:59:06.926;BTG;2.578,00;1;ABN;Comprador;;;;
17:59:06.536;UBS;2.578,40;1;BTG;Comprador;;;;
17:59:06.265;UBS;2.578,50;1;BGC Liquidez;Comprador;;;;
17:59:06.255;UBS;2.591,30;1;BTG;Comprador;;;;
17:59:05.508;BTG;2.601,10;1;UBS;Vendedor;;;;
17:59:05.508;BTG;2.601,10;1;UBS;Vendedor;;;;
17:59:05.269;UBS;2.579,00;1;BGC Liquidez;Comprador;;;;
17:59:05.258;UBS;2.598,00;1;BTG;Comprador;;;;
17:59:04.204;UBS;2.592,50;10;XP;Vendedor;;;;
17:59:04.204;BTG;2.592,60;1;XP;Vendedor;;;;
17:59:04.204;BTG;2.592,60;1;XP;Vendedor;;;;
17:59:04.020;UBS;2.595,00;5;XP;Vendedor;;;;
17:59:04.020;BTG;2.595,10;1;XP;Vendedor;;;;
17:59:04.020;BTG;2.595,10;1;XP;Vendedor;;;;
17:59:04.009;Ideal;2.579,00;1;BGC Liquidez;Comprador;;;;
17:59:04.008;BTG;2.568,40;1;UBS;Comprador;;;;
17:59:04.008;BTG;2.568,40;1;UBS;Comprador;;;;
17:59:04.008;BGC Liquidez;2.572,10;1;UBS;Vendedor;;;;
17:59:04.000;UBS;2.623,60;1;BTG;Vendedor;;;;
17:59:03.390;UBS;2.578,40;1;BGC Liquidez;Comprador;;;;
17:59:03.384;UBS;2.578,60;20;Nova Futura;Comprador;;;;
17:59:03.121;BTG;2.599,70;1;UBS;Vendedor;;;;
17:59:03.031;BTG;2.612,30;1;XP;Vendedor;;;;
17:59:03.031;UBS;2.620,20;10;XP;Vendedor;;;;
17:59:03.031;BTG;2.620,30;1;XP;Vendedor;;;;
17:59:03.020;BTG;2.565,50;1;UBS;Comprador;;;;
17:59:03.013;UBS;2.628,50;1;BGC Liquidez;Vendedor;;;;
17:59:03.009;BTG;2.570,20;1;UBS;Comprador;;;;
17:59:02.142;XP;2.569,90;10;UBS;Comprador;;;;
17:59:02.142;XP;2.569,80;1;BTG;Comprador;;;;
17:59:02.119;UBS;2.632,70;1;BTG;Vendedor;;;;
17:59:02.101;UBS;2.619,40;1;BTG;Vendedor;;;;
17:59:02.018;UBS;2.632,50;10;XP;Vendedor;;;;
17:59:02.018;UBS;2.632,10;1;BTG;Vendedor;;;;
17:59:02.018;UBS;2.578,20;1;BGC Liquidez;Comprador;;;;
17:59:02.011;BGC Liquidez;2.566,70;1;UBS;Comprador;;;;
17:59:02.008;UBS;2.601,00;1;BTG;Vendedor;;;;
17:59:01.998;UBS;2.625,00;1;BTG;Vendedor;;;;
17:59:01.113;BGC Liquidez;2.566,80;1;UBS;Comprador;;;;
17:59:01.106;UBS;2.597,10;10;XP;Vendedor;;;;
17:59:01.105;BGC Liquidez;2.565,60;1;UBS;Comprador;;;;
17:59:01.100;UBS;2.602,80;3;BTG;Vendedor;;;;
17:59:01.012;BTG;2.612,40;1;UBS;Vendedor;;;;
17:59:01.005;BTG;2.600,90;1;UBS;Vendedor;;;;
17:59:01.004;UBS;2.578,20;1;BGC Liquidez;Comprador;;;;
17:59:01.004;UBS;2.578,10;1;BTG;Comprador;;;;
17:59:00.998;UBS;2.611,70;3;BTG;Vendedor;;;;
17:59:00.115;UBS;2.592,00;10;XP;Vendedor;;;;
17:59:00.106;BTG;2.566,00;4;UBS;Comprador;;;;
17:59:00.103;UBS;2.585,90;3;BTG;Vendedor;;;;
17:59:00.103;UBS;2.585,90;7;Ideal;Vendedor;;;;
17:59:00.045;XP;2.585,00;1;XP;Vendedor;;;;
17:59:00.032;BTG;2.585,10;1;BGC Liquidez;Vendedor;;;;
17:59:00.013;BTG;2.596,50;2;UBS;Vendedor;;;;
17:59:00.005;UBS;2.575,30;1;BTG;Comprador;;;;
17:59:00.002;UBS;2.575,30;3;BTG;Vendedor;;;;
17:59:00.002;BTG;2.575,30;1;BTG;Vendedor;;;;
17:59:00.002;BTG;2.575,40;2;BTG;Vendedor;;;;
17:59:00.002;ABN;2.575,40;10;BTG;Vendedor;;;;
17:58:19.961;UBS;2.575,70;1;Safra;Comprador;;;;
17:57:52.330;BTG;2.576,70;1;XP;Vendedor;;;;
17:57:42.808;Agora;2.576,80;2;ABN;Vendedor;;;;
17:57:42.808;BTG;2.576,80;2;ABN;Vendedor;;;;
17:57:40.375;XP;2.578,00;1;ABN;Vendedor;;;;
17:57:40.375;Agora;2.578,00;2;ABN;Vendedor;;;;
17:57:12.954;XP;2.580,30;1;ABN;Comprador;;;;
17:57:02.821;UBS;2.580,00;1;Genial;Comprador;;;;
17:57:02.718;Ideal;2.579,90;2;Safra;Comprador;;;;
17:56:40.966;BTG;2.576,10;1;ABN;Vendedor;;;;
17:56:40.966;Agora;2.576,10;2;ABN;Vendedor;;;;
17:56:37.236;BTG;2.576,70;1;ABN;Vendedor;;;;
17:56:37.236;Agora;2.576,70;2;ABN;Vendedor;;;;
17:56:29.989;Agora;2.578,00;2;ABN;Vendedor;;;;
17:56:29.989;BTG;2.578,00;2;ABN;Vendedor;;;;
17:56:27.016;BTG;2.578,20;2;ABN;Vendedor;;;;
17:56:27.016;Agora;2.578,20;2;ABN;Vendedor;;;;
17:56:27.008;Agora;2.578,30;2;ABN;Vendedor;;;;
17:56:27.008;BTG;2.578,30;1;ABN;Vendedor;;;;
17:56:27.007;Agora;2.578,40;2;ABN;Vendedor;;;;
17:56:27.007;BTG;2.578,40;2;ABN;Vendedor;;;;
17:56:27.006;BTG;2.578,50;1;ABN;Vendedor;;;;
17:56:27.000;UBS;2.578,90;10;ABN;Vendedor;;;;
17:56:26.932;XP;2.580,30;9;UBS;Comprador;;;;
17:56:26.932;XP;2.580,20;2;Agora;Comprador;;;;
17:56:26.932;XP;2.580,20;2;BTG;Comprador;;;;
17:56:26.932;XP;2.580,10;2;Agora;Comprador;;;;
17:56:26.932;XP;2.580,10;1;BTG;Comprador;;;;
17:56:26.932;XP;2.580,10;1;BTG;Comprador;;;;
17:56:26.932;XP;2.580,00;2;Agora;Comprador;;;;
17:56:26.932;XP;2.580,00;2;BTG;Comprador;;;;
17:56:26.932;XP;2.580,00;2;BTG;Comprador;;;;
17:56:26.932;XP;2.579,90;2;Agora;Comprador;;;;
17:56:26.932;XP;2.579,90;1;BTG;Comprador;;;;
17:56:26.932;XP;2.579,80;2;Safra;Comprador;;;;
17:56:26.932;XP;2.579,80;2;BTG;Comprador;;;;
17:56:26.932;XP;2.579,80;2;Agora;Comprador;;;;
17:56:26.932;XP;2.579,80;2;BTG;Comprador;;;;
17:56:26.932;XP;2.579,70;1;BTG;Comprador;;;;
17:56:26.932;XP;2.579,70;2;Agora;Comprador;;;;
17:56:26.932;XP;2.579,70;1;BTG;Comprador;;;;
17:56:26.932;XP;2.579,60;2;Agora;Comprador;;;;
17:56:26.932;XP;2.579,50;10;ABN;Comprador;;;;
17:56:26.921;BTG;2.579,10;1;ABN;Vendedor;;;;
17:56:26.921;Agora;2.579,10;2;ABN;Vendedor;;;;
17:56:26.912;Agora;2.579,90;1;Ideal;Vendedor;;;;
17:56:26.912;BTG;2.579,90;1;Ideal;Vendedor;;;;
17:56:26.908;BTG;2.580,10;1;Ideal;Vendedor;;;;
17:56:26.907;Agora;2.580,50;2;ABN;Vendedor;;;;
17:56:26.907;BTG;2.580,50;1;Ideal;Vendedor;;;;
17:56:26.903;BTG;2.581,00;1;ABN;Vendedor;;;;
17:56:26.903;Agora;2.581,00;2;ABN;Vendedor;;;;
17:56:13.527;Agora;2.580,40;1;Ideal;Vendedor;;;;
17:56:13.524;Agora;2.581,00;2;Ideal;Vendedor;;;;
17:56:13.521;Agora;2.581,50;2;ABN;Vendedor;;;;
17:56:13.521;BTG;2.581,50;1;ABN;Vendedor;;;;
17:56:13.521;BTG;2.581,50;1;Ideal;Vendedor;;;;
17:55:52.655;Agora;2.582,60;1;Inter;Vendedor;;;;
17:55:52.655;BTG;2.582,60;1;Inter;Vendedor;;;;
17:55:52.644;Agora;2.582,60;2;ABN;Vendedor;;;;
17:55:52.642;BTG;2.582,90;2;ABN;Vendedor;;;;
17:55:52.642;Agora;2.582,90;2;ABN;Vendedor;;;;
17:54:46.743;ABN;2.585,60;2;Agora;Comprador;;;;
17:54:46.743;ABN;2.585,50;2;Agora;Comprador;;;;
17:54:46.743;UBS;2.585,50;1;Safra;Comprador;;;;
17:54:46.743;Agora;2.585,50;1;Safra;Comprador;;;;
17:54:46.743;Ideal;2.585,50;1;Agora;Comprador;;;;
17:54:46.743;Agora;2.585,50;1;Agora;Comprador;;;;
17:53:04.689;Ideal;2.588,60;2;Agora;Comprador;;;;
17:53:04.689;Ideal;2.588,60;1;Safra;Comprador;;;;
17:52:15.359;Ideal;2.589,70;1;Safra;Comprador;;;;
17:52:15.359;Ideal;2.589,70;2;Agora;Comprador;;;;
17:51:20.672;UBS;2.589,20;3;Ideal;Vendedor;;;;
17:51:20.672;Agora;2.589,20;2;Ideal;Vendedor;;;;
17:51:17.399;Agora;2.590,40;2;Ideal;Vendedor;;;;
17:51:17.399;BTG;2.590,40;2;Ideal;Vendedor;;;;
17:51:13.599;Agora;2.590,50;2;Ideal;Vendedor;;;;
17:51:05.970;ABN;2.590,10;2;Agora;Comprador;;;;
17:51:05.970;ABN;2.590,00;2;Agora;Comprador;;;;
17:51:05.969;Ideal;2.589,90;1;Safra;Comprador;;;;
17:51:05.969;Ideal;2.589,90;2;Agora;Comprador;;;;
17:51:05.969;Ideal;2.589,90;1;BTG;Comprador;;;;
17:50:51.144;Agora;2.588,40;2;Ideal;Vendedor;;;;
17:50:51.144;Agora;2.588,40;2;Ideal;Vendedor;;;;
17:50:48.812;Agora;2.588,70;2;Ideal;Vendedor;;;;
17:50:48.812;UBS;2.588,70;7;Ideal;Vendedor;;;;
17:50:24.208;Agora;2.590,60;2;ABN;Vendedor;;;;
17:50:24.208;Agora;2.590,70;2;ABN;Vendedor;;;;
17:50:24.205;Agora;2.590,70;2;Agora;Vendedor;;;;
17:50:24.205;Agora;2.590,80;2;Agora;Vendedor;;;;
17:50:24.205;BTG;2.590,90;1;Ideal;Vendedor;;;;
17:50:24.205;Agora;2.590,90;2;Ideal;Vendedor;;;;
17:50:07.808;UBS;2.591,30;1;Safra;Comprador;;;;
17:46:56.463;Ideal;2.596,80;2;Agora;Comprador;;;;
17:41:56.225;Agora;2.601,00;2;Agora;Vendedor;;;;
17:40:37.034;ABN;2.601,80;2;Agora;Comprador;;;;
17:40:37.031;Agora;2.601,70;1;Agora;Comprador;;;;
17:40:37.031;ABN;2.601,60;1;XP;Comprador;;;;
17:40:37.031;ABN;2.601,60;2;Agora;Comprador;;;;
17:38:55.200;UBS;2.602,90;1;Genial;Vendedor;;;;
17:36:43.345;UBS;2.606,10;1;BGC Liquidez;Comprador;;;;
17:36:43.078;ABN;2.605,50;2;Agora;Comprador;;;;
17:36:43.078;ABN;2.605,40;1;BGC Liquidez;Comprador;;;;
17:36:43.078;ABN;2.605,40;2;Agora;Comprador;;;;
17:36:43.078;ABN;2.605,10;2;Agora;Comprador;;;;
17:36:43.078;Ideal;2.605,00;8;UBS;Comprador;;;;
17:36:43.078;Ideal;2.605,00;1;Agora;Comprador;;;;
17:36:43.078;Ideal;2.605,00;1;Agora;Comprador;;;;
17:36:20.538;UBS;2.600,40;1;Genial;Vendedor;;;;
17:36:08.659;Ideal;2.601,90;1;Agora;Comprador;;;;
17:36:05.649;Agora;2.600,10;7;XP;Comprador;;;;
17:36:05.649;Agora;2.600,10;2;XP;Vendedor;;;;
17:36:05.649;BTG;2.600,10;1;XP;Vendedor;;;;
17:35:57.842;ABN;2.604,10;1;BGC Liquidez;Comprador;;;;
17:35:57.842;ABN;2.604,10;2;Agora;Comprador;;;;
17:35:57.840;ABN;2.604,00;2;Agora;Comprador;;;;
17:35:57.839;Agora;2.603,60;1;UBS;Comprador;;;;
17:35:57.839;Agora;2.603,60;1;UBS;Comprador;;;;
17:35:57.839;Agora;2.603,60;2;Agora;Comprador;;;;
17:35:37.991;UBS;2.602,50;8;Ideal;Vendedor;;;;
17:35:37.991;BTG;2.602,50;1;Ideal;Vendedor;;;;
17:35:37.991;Agora;2.602,50;1;Ideal;Vendedor;;;;
17:35:37.991;Agora;2.602,50;1;Ideal;Vendedor;;;;
17:35:27.738;Agora;2.604,20;1;ABN;Vendedor;;;;
17:35:27.738;XP;2.604,20;4;ABN;Vendedor;;;;
17:35:27.738;XP;2.604,20;5;ABN;Vendedor;;;;
17:35:27.737;XP;2.604,20;1;Ideal;Vendedor;;;;
17:35:17.770;Agora;2.605,40;1;Agora;Vendedor;;;;
17:35:17.770;Agora;2.605,50;2;Agora;Vendedor;;;;
17:35:17.770;UBS;2.605,50;4;Agora;Vendedor;;;;
17:35:17.770;UBS;2.605,50;2;Agora;Vendedor;;;;
17:35:17.770;UBS;2.605,50;1;Ideal;Vendedor;;;;
17:35:17.770;UBS;2.605,50;1;Ideal;Vendedor;;;;
17:35:17.770;UBS;2.605,50;1;Agora;Vendedor;;;;
17:35:17.770;UBS;2.605,50;1;Agora;Vendedor;;;;
17:35:05.843;UBS;2.605,20;9;ABN;Vendedor;;;;
17:34:56.985;ABN;2.608,10;1;BGC Liquidez;Comprador;;;;
17:34:45.872;Agora;2.607,50;2;ABN;Vendedor;;;;
17:34:45.764;Agora;2.607,70;2;ABN;Vendedor;;;;
17:34:45.764;Ideal;2.607,70;3;UBS;Comprador;;;;
17:34:45.764;Ideal;2.607,70;7;UBS;Comprador;;;;
17:34:45.763;Ideal;2.607,80;10;UBS;Comprador;;;;
17:34:45.763;Agora;2.607,70;2;ABN;Vendedor;;;;
17:34:45.763;Agora;2.607,80;1;ABN;Vendedor;;;;
17:34:45.763;Agora;2.607,80;1;BTG;Vendedor;;;;
17:34:45.763;ABN;2.607,80;10;BTG;Vendedor;;;;
17:34:45.763;Agora;2.607,90;2;UBS;Vendedor;;;;
17:34:45.762;ABN;2.607,70;5;UBS;Vendedor;;;;
17:34:45.762;ABN;2.607,90;10;UBS;Vendedor;;;;
17:34:45.762;Agora;2.607,80;2;UBS;Vendedor;;;;
17:34:45.762;ABN;2.607,70;3;UBS;Vendedor;;;;
17:34:45.762;ABN;2.607,70;2;UBS;Vendedor;;;;
17:34:45.762;Agora;2.607,90;2;UBS;Vendedor;;;;
17:34:45.761;ABN;2.607,90;10;UBS;Vendedor;;;;
17:34:45.760;Agora;2.608,00;2;ABN;Vendedor;;;;
17:34:45.760;Agora;2.608,10;2;ABN;Vendedor;;;;
17:34:44.386;ABN;2.608,70;2;Agora;Comprador;;;;
17:33:15.057;Ideal;2.599,00;1;UBS;Comprador;;;;
17:33:12.595;Agora;2.600,80;1;BTG;Comprador;;;;
17:33:12.595;Agora;2.600,80;2;Agora;Comprador;;;;
17:32:42.102;ABN;2.598,30;10;UBS;Comprador;;;;
17:32:10.015;UBS;2.602,80;10;XP;Vendedor;;;;
17:31:00.511;ABN;2.604,10;5;Genial;Vendedor;;;;
17:30:44.295;ABN;2.606,30;10;UBS;Comprador;;;;
17:30:20.934;UBS;2.605,50;1;XP;Vendedor;;;;
17:30:20.934;Agora;2.605,50;2;XP;Vendedor;;;;
17:30:20.934;BTG;2.605,50;1;XP;Vendedor;;;;
17:30:20.934;Agora;2.605,60;2;XP;Vendedor;;;;
17:30:20.934;BTG;2.605,60;1;XP;Vendedor;;;;
17:30:20.934;Agora;2.605,70;2;XP;Vendedor;;;;
17:30:20.934;BTG;2.605,70;1;XP;Vendedor;;;;
17:30:15.663;Genial;2.609,10;1;ABN;Comprador;;;;
17:30:12.654;Agora;2.609,00;2;Ideal;Vendedor;;;;
17:30:12.654;UBS;2.609,00;10;Ideal;Vendedor;;;;
17:30:03.187;Ideal;2.610,70;1;Agora;Comprador;;;;
17:30:03.187;Agora;2.610,70;1;Agora;Comprador;;;;
17:29:31.775;Ideal;2.609,40;5;ABN;Comprador;;;;
17:29:31.775;Ideal;2.609,40;2;Agora;Comprador;;;;
17:29:31.775;Ideal;2.609,40;1;BTG;Comprador;;;;
17:29:31.759;Ideal;2.608,30;1;BTG;Vendedor;;;;
17:28:51.801;UBS;2.604,20;2;Agora;Comprador;;;;
17:28:51.801;UBS;2.604,20;7;Ideal;Comprador;;;;
17:28:36.975;Agora;2.602,60;1;Ideal;Vendedor;;;;
17:28:36.975;Agora;2.602,60;1;Agora;Vendedor;;;;
17:28:36.974;UBS;2.602,60;1;Agora;Vendedor;;;;
17:28:36.974;UBS;2.602,60;1;Agora;Vendedor;;;;
17:28:36.974;UBS;2.602,60;1;Agora;Vendedor;;;;
17:28:36.974;UBS;2.602,60;1;Agora;Vendedor;;;;
17:27:40.903;Ideal;2.609,40;1;BTG;Vendedor;;;;
17:27:40.903;Ideal;2.609,10;1;BTG;Vendedor;;;;
17:27:38.948;Agora;2.608,00;1;Agora;Comprador;;;;
17:27:31.600;Agora;2.606,40;2;Agora;Comprador;;;;
17:27:31.600;Agora;2.606,30;2;Agora;Comprador;;;;
17:27:31.600;Agora;2.606,20;1;Agora;Comprador;;;;
17:27:31.599;Agora;2.606,20;1;Agora;Comprador;;;;
17:27:31.458;Agora;2.606,20;1;Agora;Comprador;;;;
17:27:06.231;Agora;2.606,80;2;ABN;Vendedor;;;;
17:27:06.230;Agora;2.606,80;1;Ideal;Comprador;;;;
17:27:06.229;Agora;2.607,00;1;Ideal;Vendedor;;;;
17:27:06.229;Agora;2.607,00;1;Ideal;Comprador;;;;
17:27:06.229;UBS;2.607,00;9;Ideal;Vendedor;;;;
17:27:06.229;Agora;2.607,00;1;Ideal;Vendedor;;;;
17:27:06.229;Agora;2.607,00;1;Ideal;Vendedor;;;;
17:26:58.003;Inter;2.609,20;2;ABN;Vendedor;;;;
17:26:23.289;Agora;2.608,90;1;BTG;Comprador;;;;
17:26:23.289;Agora;2.608,90;2;Agora;Comprador;;;;
17:26:08.318;Agora;2.609,10;1;Ideal;Vendedor;;;;
17:26:08.318;Agora;2.609,10;1;Ideal;Vendedor;;;;
17:25:59.739;Agora;2.610,30;2;Itau;Vendedor;;;;
17:25:59.739;Agora;2.610,40;2;Itau;Vendedor;;;;
17:25:59.739;Agora;2.610,50;2;Itau;Vendedor;;;;
17:25:59.739;BTG;2.610,50;1;Itau;Vendedor;;;;
17:25:59.739;Agora;2.610,60;2;Itau;Vendedor;;;;
17:25:59.739;BTG;2.610,60;1;Itau;Vendedor;;;;
17:25:59.739;Agora;2.610,70;2;Itau;Vendedor;;;;
17:25:59.739;BTG;2.610,70;1;Itau;Vendedor;;;;
17:25:59.739;Agora;2.610,80;2;Itau;Vendedor;;;;
17:25:59.739;BTG;2.610,80;1;Itau;Vendedor;;;;
17:25:59.739;Agora;2.610,90;2;Itau;Vendedor;;;;
17:25:59.739;BTG;2.610,90;1;Itau;Vendedor;;;;
17:25:59.739;Agora;2.611,00;2;Itau;Vendedor;;;;
17:25:59.739;BTG;2.611,00;1;Itau;Vendedor;;;;
17:25:59.739;BTG;2.611,10;1;Itau;Vendedor;;;;
17:25:59.739;Agora;2.611,10;2;Itau;Vendedor;;;;
17:25:59.739;UBS;2.611,20;10;Itau;Vendedor;;;;
17:25:59.739;Agora;2.611,20;2;Itau;Vendedor;;;;
17:25:59.739;Ideal;2.611,20;1;Itau;Vendedor;;;;
17:25:59.739;Ideal;2.611,20;3;Itau;Vendedor;;;;
17:25:59.739;Agora;2.611,30;2;Itau;Vendedor;;;;
17:25:59.739;BTG;2.611,30;1;Itau;Vendedor;;;;
17:25:33.662;Agora;2.615,60;1;BTG;Comprador;;;;
17:25:22.210;UBS;2.610,30;1;Ideal;Vendedor;;;;
17:25:20.523;BTG;2.609,40;1;Ideal;Vendedor;;;;
17:24:35.800;UBS;2.616,60;1;Ideal;Vendedor;;;;
17:24:07.416;ABN;2.620,90;1;BTG;Comprador;;;;
17:24:07.356;ABN;2.620,40;1;BTG;Comprador;;;;
17:24:07.355;ABN;2.620,30;1;BTG;Comprador;;;;
17:24:07.355;ABN;2.620,30;1;BTG;Comprador;;;;
17:24:06.674;ABN;2.618,40;10;BTG;Vendedor;;;;
17:24:06.674;ABN;2.618,50;4;UBS;Vendedor;;;;
17:24:06.674;ABN;2.618,50;6;UBS;Vendedor;;;;
17:24:05.971;ABN;2.619,00;10;UBS;Comprador;;;;
17:24:04.327;ABN;2.618,90;1;BTG;Comprador;;;;
17:24:03.017;ABN;2.617,90;10;UBS;Comprador;;;;
17:24:01.163;ABN;2.617,80;1;BTG;Comprador;;;;
17:24:00.867;ABN;2.617,40;1;BTG;Comprador;;;;
17:23:58.876;ABN;2.615,00;10;UBS;Comprador;;;;
17:23:58.499;ABN;2.614,70;10;UBS;Comprador;;;;
17:23:54.014;ABN;2.616,70;10;UBS;Comprador;;;;
17:23:48.041;Nova Futura;2.616,40;8;Ideal;Vendedor;;;;
17:23:48.041;Nova Futura;2.616,40;8;Agora;Vendedor;;;;
17:23:48.041;Nova Futura;2.616,40;1;Agora;Vendedor;;;;
17:23:48.040;Nova Futura;2.616,40;1;Agora;Vendedor;;;;
17:23:48.040;Nova Futura;2.616,40;2;Agora;Vendedor;;;;
17:23:40.134;Ideal;2.619,80;5;Nova Futura;Comprador;;;;
17:23:40.134;Ideal;2.619,80;7;Nova Futura;Comprador;;;;
17:23:40.133;Agora;2.619,80;1;Nova Futura;Comprador;;;;
17:23:39.995;Agora;2.619,80;1;Nova Futura;Comprador;;;;
17:23:39.910;Agora;2.619,80;1;Nova Futura;Comprador;;;;
17:23:39.910;Agora;2.619,80;1;Nova Futura;Comprador;;;;
17:23:39.910;Agora;2.619,80;1;Nova Futura;Comprador;;;;
17:23:39.910;Agora;2.619,80;2;Nova Futura;Comprador;;;;
17:23:39.910;Agora;2.619,80;1;Nova Futura;Comprador;;;;
17:23:37.105;UBS;2.619,40;1;Ideal;Vendedor;;;;
17:23:34.916;BTG;2.617,80;1;ABN;Vendedor;;;;
17:23:34.782;BTG;2.618,60;1;ABN;Vendedor;;;;
17:23:34.385;UBS;2.619,60;10;ABN;Vendedor;;;;
17:23:33.994;UBS;2.620,00;1;Ideal;Vendedor;;;;
17:23:33.924;UBS;2.620,40;4;Agora;Vendedor;;;;
17:23:33.726;Ideal;2.620,70;1;Agora;Comprador;;;;
17:23:33.726;Ideal;2.620,70;1;Agora;Comprador;;;;
17:23:33.726;Ideal;2.620,70;1;BTG;Comprador;;;;
17:23:33.202;Ideal;2.620,60;1;UBS;Comprador;;;;
17:23:32.865;ABN;2.619,80;5;UBS;Comprador;;;;
17:23:32.856;Agora;2.619,90;5;UBS;Comprador;;;;
17:23:32.856;ABN;2.619,90;5;UBS;Comprador;;;;
17:23:32.829;Agora;2.617,30;2;Ideal;Vendedor;;;;
17:23:32.829;BTG;2.617,30;1;Ideal;Vendedor;;;;
17:23:32.778;Ideal;2.619,10;10;UBS;Comprador;;;;
17:23:32.776;UBS;2.618,20;7;ABN;Vendedor;;;;
17:23:32.776;UBS;2.618,20;3;Ideal;Vendedor;;;;
17:23:32.759;UBS;2.617,90;1;Ideal;Vendedor;;;;
17:23:32.704;BTG;2.617,60;1;Ideal;Vendedor;;;;
17:23:32.697;Agora;2.617,80;1;Ideal;Vendedor;;;;
17:23:32.697;BTG;2.617,80;1;Ideal;Vendedor;;;;
17:23:32.618;BTG;2.619,30;1;Ideal;Comprador;;;;
17:23:32.611;BTG;2.620,70;8;Ideal;Comprador;;;;
17:23:32.610;ABN;2.620,40;4;UBS;Vendedor;;;;
17:23:32.610;ABN;2.620,50;7;UBS;Vendedor;;;;
17:23:32.610;ABN;2.620,50;3;UBS;Vendedor;;;;
17:23:32.608;ABN;2.620,80;5;UBS;Vendedor;;;;
17:23:32.608;BTG;2.620,80;1;Ideal;Vendedor;;;;
17:23:32.242;Ideal;2.618,90;1;UBS;Vendedor;;;;
17:23:32.242;Ideal;2.618,80;1;UBS;Comprador;;;;
17:23:32.242;Ideal;2.618,80;9;UBS;Comprador;;;;
17:23:32.242;BTG;2.618,60;1;UBS;Vendedor;;;;
17:23:32.242;BTG;2.618,70;1;UBS;Vendedor;;;;
17:23:32.192;BTG;2.618,40;1;Agora;Vendedor;;;;
17:23:32.192;BTG;2.618,50;1;Agora;Vendedor;;;;
17:23:32.154;Ideal;2.618,30;1;BTG;Comprador;;;;
17:23:32.154;Ideal;2.618,30;1;BTG;Comprador;;;;
17:23:32.127;BTG;2.618,00;1;Ideal;Vendedor;;;;
17:23:32.126;Ideal;2.617,90;1;BTG;Vendedor;;;;
17:23:32.101;BTG;2.618,50;1;Ideal;Vendedor;;;;
17:23:32.101;Ideal;2.618,40;1;BTG;Vendedor;;;;
17:23:32.101;Ideal;2.618,30;1;BTG;Comprador;;;;
17:23:32.057;Ideal;2.618,80;1;BTG;Comprador;;;;
17:23:32.057;Ideal;2.618,80;1;BTG;Comprador;;;;
17:23:32.055;BTG;2.618,40;1;Agora;Vendedor;;;;
17:23:32.055;BTG;2.618,50;1;Agora;Vendedor;;;;
17:23:32.035;Ideal;2.618,40;1;BTG;Comprador;;;;
17:23:32.035;Ideal;2.618,30;1;BTG;Comprador;;;;
17:23:32.009;Ideal;2.618,30;1;BTG;Comprador;;;;
17:23:32.009;Ideal;2.618,30;1;BTG;Comprador;;;;
17:23:31.996;Ideal;2.619,70;7;UBS;Comprador;;;;
17:23:31.996;Ideal;2.619,70;3;UBS;Comprador;;;;
17:23:31.991;BTG;2.620,90;4;UBS;Comprador;;;;
17:23:31.991;UBS;2.619,40;8;Agora;Vendedor;;;;
17:23:31.991;UBS;2.619,40;2;Agora;Vendedor;;;;
17:23:31.991;Ideal;2.620,90;6;UBS;Comprador;;;;
17:23:31.595;Agora;2.618,20;1;BTG;Comprador;;;;
17:23:31.594;Agora;2.618,10;1;BTG;Comprador;;;;
17:23:31.594;Agora;2.617,90;1;BTG;Comprador;;;;
17:23:31.594;Agora;2.617,80;1;BTG;Comprador;;;;
17:23:31.592;Ideal;2.617,20;1;BTG;Comprador;;;;
17:23:31.487;UBS;2.616,20;10;ABN;Comprador;;;;
17:23:31.487;UBS;2.616,10;1;ABN;Comprador;;;;
17:23:31.481;UBS;2.616,10;9;ABN;Comprador;;;;
17:23:31.481;UBS;2.616,10;1;BTG;Comprador;;;;
17:23:31.442;UBS;2.616,00;10;ABN;Comprador;;;;
17:23:31.410;UBS;2.616,10;10;ABN;Comprador;;;;
17:23:31.410;UBS;2.616,00;4;ABN;Comprador;;;;
17:23:31.410;UBS;2.616,00;6;ABN;Comprador;;;;
17:23:31.368;BTG;2.616,40;1;Agora;Vendedor;;;;
17:23:31.368;BTG;2.616,40;1;Agora;Vendedor;;;;
17:23:31.368;BTG;2.616,60;1;Agora;Vendedor;;;;
17:23:31.368;BTG;2.616,60;1;Agora;Vendedor;;;;
17:23:31.368;BTG;2.616,80;1;Agora;Vendedor;;;;
17:23:31.368;BTG;2.616,80;1;Agora;Vendedor;;;;
17:23:31.368;BTG;2.617,00;1;Agora;Vendedor;;;;
17:23:31.368;BTG;2.617,00;1;Agora;Vendedor;;;;
17:23:31.368;BTG;2.617,20;1;Agora;Vendedor;;;;
17:23:31.368;BTG;2.617,20;1;Agora;Vendedor;;;;
17:23:31.368;BTG;2.617,40;1;Agora;Vendedor;;;;
17:23:31.367;BTG;2.617,40;1;Agora;Vendedor;;;;
17:23:31.367;BTG;2.617,60;1;Agora;Vendedor;;;;
17:23:31.367;BTG;2.617,60;1;Agora;Vendedor;;;;
17:23:31.367;BTG;2.617,80;1;Agora;Vendedor;;;;
17:23:31.367;BTG;2.618,00;1;Agora;Vendedor;;;;
17:23:31.367;BTG;2.618,20;1;Agora;Vendedor;;;;
17:23:31.367;BTG;2.618,40;1;Agora;Vendedor;;;;
17:23:31.367;BTG;2.618,60;1;Agora;Vendedor;;;;
17:23:31.367;BTG;2.618,70;1;Agora;Vendedor;;;;
17:23:31.367;BTG;2.618,80;1;Agora;Vendedor;;;;
17:23:31.346;Ideal;2.618,30;1;BTG;Comprador;;;;
17:23:31.345;BTG;2.618,40;1;Ideal;Comprador;;;;
17:23:31.345;BTG;2.618,40;8;Ideal;Comprador;;;;
17:23:31.345;BTG;2.618,40;1;Ideal;Comprador;;;;
17:23:31.345;BTG;2.618,50;1;Ideal;Vendedor;;;;
17:23:31.345;Ideal;2.618,30;1;BTG;Comprador;;;;
17:23:31.335;BTG;2.614,60;2;Ideal;Vendedor;;;;
17:23:31.335;BTG;2.614,90;1;Ideal;Vendedor;;;;
17:23:31.335;UBS;2.616,50;1;Ideal;Comprador;;;;
17:23:31.334;Ideal;2.616,40;1;BTG;Comprador;;;;
17:23:31.298;Ideal;2.617,90;1;BTG;Comprador;;;;
17:23:31.298;Ideal;2.617,80;1;BTG;Comprador;;;;
17:23:31.297;Ideal;2.616,90;1;Inter;Comprador;;;;
17:23:29.750;Ideal;2.615,10;1;Agora;Comprador;;;;
17:23:29.750;Ideal;2.615,10;1;Agora;Comprador;;;;
17:23:29.750;Ideal;2.615,10;1;BTG;Comprador;;;;
17:23:29.749;ABN;2.615,00;2;Agora;Comprador;;;;
17:23:29.749;ABN;2.615,00;2;BTG;Comprador;;;;
17:23:29.273;Ideal;2.614,70;2;Agora;Comprador;;;;
17:23:29.273;Ideal;2.614,70;1;BTG;Comprador;;;;
17:23:29.273;ABN;2.614,60;2;Agora;Comprador;;;;
17:23:29.273;ABN;2.614,60;2;BTG;Comprador;;;;
17:23:29.002;Ideal;2.614,20;1;BTG;Comprador;;;;
17:23:29.002;Ideal;2.614,20;2;Agora;Comprador;;;;
17:23:28.999;Ideal;2.613,80;1;BTG;Comprador;;;;
17:23:28.684;Ideal;2.613,30;1;Agora;Comprador;;;;
17:23:28.625;Ideal;2.612,70;1;BTG;Comprador;;;;
17:23:27.501;UBS;2.611,70;2;ABN;Comprador;;;;
17:23:27.501;Ideal;2.611,70;1;ABN;Comprador;;;;
17:23:27.501;UBS;2.611,60;5;ABN;Comprador;;;;
17:23:27.500;UBS;2.611,50;7;ABN;Comprador;;;;
17:23:27.500;UBS;2.611,50;3;ABN;Comprador;;;;
17:23:27.209;Ideal;2.611,50;1;Ideal;Comprador;;;;
17:23:27.209;Ideal;2.611,50;1;BTG;Comprador;;;;
17:23:27.181;BTG;2.611,90;3;ABN;Comprador;;;;
17:23:27.179;BTG;2.610,10;1;Ideal;Vendedor;;;;
17:23:27.176;BTG;2.610,80;1;Ideal;Comprador;;;;
17:23:27.176;Ideal;2.610,80;1;BTG;Comprador;;;;
17:23:27.174;Ideal;2.610,50;1;BTG;Comprador;;;;
17:23:27.168;BTG;2.610,70;1;ABN;Comprador;;;;
17:23:27.168;BTG;2.610,50;1;Ideal;Comprador;;;;
17:23:27.168;BTG;2.609,10;2;Ideal;Vendedor;;;;
17:23:27.168;Agora;2.609,10;2;Ideal;Vendedor;;;;
17:23:27.168;Agora;2.609,20;2;Ideal;Vendedor;;;;
17:23:27.168;Agora;2.609,30;2;Ideal;Vendedor;;;;
17:23:27.168;Agora;2.609,40;2;Ideal;Vendedor;;;;
17:23:27.168;Agora;2.609,80;2;Ideal;Vendedor;;;;
17:23:27.167;Ideal;2.610,50;2;Agora;Comprador;;;;
17:23:27.167;UBS;2.610,50;10;ABN;Comprador;;;;
17:23:27.167;Agora;2.609,40;1;Ideal;Vendedor;;;;
17:23:27.167;Agora;2.609,40;1;Ideal;Vendedor;;;;
17:23:27.166;UBS;2.610,50;1;Ideal;Comprador;;;;
17:23:27.165;BTG;2.610,50;1;Ideal;Comprador;;;;
17:23:27.165;BTG;2.610,50;1;Ideal;Comprador;;;;
17:23:27.165;BTG;2.610,50;1;Ideal;Comprador;;;;
17:23:27.165;Ideal;2.610,50;3;BTG;Vendedor;;;;
17:23:27.165;Ideal;2.611,10;4;BTG;Vendedor;;;;
17:23:27.165;Ideal;2.611,10;1;BTG;Comprador;;;;
17:23:27.165;Ideal;2.611,00;1;BTG;Comprador;;;;
17:22:58.725;Ideal;2.606,10;1;BTG;Comprador;;;;
17:22:58.725;Ideal;2.606,00;2;UBS;Comprador;;;;
17:22:58.725;Ideal;2.606,00;1;BTG;Comprador;;;;
17:22:37.634;Ideal;2.608,00;1;Agora;Comprador;;;;
17:22:37.631;Ideal;2.608,00;1;Agora;Vendedor;;;;
17:22:37.630;Agora;2.607,10;1;Agora;Comprador;;;;
17:22:37.630;Agora;2.607,00;1;BTG;Comprador;;;;
17:22:37.630;Agora;2.607,00;2;Agora;Comprador;;;;
17:22:37.630;Ideal;2.606,90;1;Agora;Comprador;;;;
17:22:37.630;Agora;2.606,90;1;Agora;Comprador;;;;
17:21:30.681;ABN;2.602,60;2;Agora;Comprador;;;;
17:21:30.681;ABN;2.602,50;2;Agora;Comprador;;;;
17:21:30.681;Ideal;2.602,40;2;Agora;Comprador;;;;
17:21:30.681;Ideal;2.602,40;1;BTG;Comprador;;;;
17:21:29.494;BTG;2.601,20;1;Ideal;Vendedor;;;;
17:21:13.619;Inter;2.603,50;1;Ideal;Vendedor;;;;
17:20:52.229;UBS;2.603,20;8;ABN;Vendedor;;;;
17:20:52.229;Agora;2.603,20;2;ABN;Vendedor;;;;
17:20:52.229;Genial;2.603,20;10;ABN;Vendedor;;;;
17:20:46.714;Genial;2.603,90;3;Ideal;Vendedor;;;;
17:20:46.713;Genial;2.603,90;9;Ideal;Vendedor;;;;
17:20:46.713;Genial;2.603,90;4;UBS;Vendedor;;;;
17:20:35.304;Ideal;2.603,60;1;BTG;Comprador;;;;
17:20:35.304;Ideal;2.603,60;1;Agora;Comprador;;;;
17:20:35.304;Ideal;2.603,60;1;Agora;Comprador;;;;
17:20:27.028;Agora;2.602,50;1;Ideal;Vendedor;;;;
17:20:27.028;Agora;2.602,60;2;Ideal;Vendedor;;;;
17:20:27.028;Agora;2.602,70;2;Ideal;Vendedor;;;;
17:20:27.028;Agora;2.602,80;2;Ideal;Vendedor;;;;
17:20:07.687;Agora;2.599,60;1;Ideal;Vendedor;;;;
17:20:07.687;Agora;2.599,60;6;UBS;Vendedor;;;;
17:20:07.662;Agora;2.599,60;2;ABN;Vendedor;;;;
17:19:48.085;Ideal;2.601,30;1;BTG;Comprador;;;;
17:19:46.501;Ideal;2.600,60;2;Agora;Comprador;;;;
17:19:46.473;Ideal;2.599,80;2;Agora;Comprador;;;;
17:19:46.472;Agora;2.599,80;4;UBS;Comprador;;;;
17:19:42.015;Agora;2.596,90;2;Agora;Vendedor;;;;
17:19:42.014;UBS;2.596,90;2;Ideal;Vendedor;;;;
17:19:42.014;UBS;2.596,90;4;Agora;Vendedor;;;;
17:19:42.014;UBS;2.596,90;4;Agora;Vendedor;;;;
17:19:42.014;Agora;2.597,10;2;Agora;Vendedor;;;;
17:18:41.245;BTG;2.595,90;1;Agora;Vendedor;;;;
17:18:41.245;Agora;2.595,90;1;Agora;Vendedor;;;;
17:18:41.244;Agora;2.595,90;1;Ideal;Vendedor;;;;
17:18:41.243;BTG;2.596,30;1;Ideal;Vendedor;;;;
17:18:37.340;BTG;2.596,50;1;Ideal;Vendedor;;;;
17:18:31.824;Agora;2.597,20;2;Agora;Comprador;;;;
17:18:31.824;Agora;2.597,10;1;UBS;Comprador;;;;
17:18:31.824;Ideal;2.597,10;5;UBS;Comprador;;;;
17:18:31.824;Agora;2.597,10;4;UBS;Comprador;;;;
17:18:31.824;Agora;2.597,10;2;Agora;Comprador;;;;
17:18:24.487;Agora;2.597,60;2;Agora;Vendedor;;;;
17:18:24.487;Agora;2.597,70;2;Ideal;Vendedor;;;;
17:18:24.487;Agora;2.597,80;2;Ideal;Vendedor;;;;
17:18:24.487;BTG;2.597,80;1;Ideal;Vendedor;;;;
17:18:23.443;BTG;2.598,50;1;Genial;Vendedor;;;;
17:18:21.303;Agora;2.597,50;2;Ideal;Vendedor;;;;
17:18:21.222;Agora;2.598,70;2;Agora;Vendedor;;;;
17:18:21.222;BTG;2.598,70;1;Agora;Vendedor;;;;
17:18:06.021;Agora;2.597,00;1;BTG;Comprador;;;;
17:18:06.021;Agora;2.596,90;1;BTG;Comprador;;;;
17:17:55.005;UBS;2.593,70;8;Ideal;Vendedor;;;;
17:17:50.856;Ideal;2.596,60;8;UBS;Comprador;;;;
17:17:38.944;Agora;2.592,10;1;BTG;Comprador;;;;
17:17:30.793;BTG;2.592,20;1;Agora;Comprador;;;;
17:17:23.362;ABN;2.590,70;2;Agora;Comprador;;;;
17:17:16.968;Agora;2.588,80;1;Agora;Comprador;;;;
17:17:16.968;Agora;2.588,80;1;Agora;Comprador;;;;
17:17:10.253;ABN;2.589,70;2;Agora;Comprador;;;;
17:17:10.253;ABN;2.589,70;1;BTG;Comprador;;;;
17:17:10.235;Ideal;2.589,10;1;BTG;Comprador;;;;
17:17:09.336;ABN;2.587,50;9;XP;Vendedor;;;;
17:17:09.336;BTG;2.587,50;1;XP;Vendedor;;;;
17:17:08.614;BTG;2.587,40;1;Ideal;Vendedor;;;;
17:17:08.569;Agora;2.587,60;2;ABN;Vendedor;;;;
17:17:08.569;BTG;2.587,60;1;ABN;Vendedor;;;;
17:17:08.568;Agora;2.587,70;2;Agora;Vendedor;;;;
17:17:08.568;Agora;2.587,80;2;Agora;Vendedor;;;;
17:17:08.568;BTG;2.587,90;1;Agora;Vendedor;;;;
17:17:06.492;BTG;2.588,60;1;Ideal;Vendedor;;;;
17:17:01.102;Agora;2.587,90;2;ABN;Vendedor;;;;
17:17:01.102;Agora;2.588,10;2;Agora;Vendedor;;;;
17:17:01.102;BTG;2.588,10;1;Agora;Vendedor;;;;
17:17:01.101;Agora;2.588,20;2;Agora;Vendedor;;;;
17:17:01.101;BTG;2.588,20;1;Agora;Vendedor;;;;
17:16:39.330;Agora;2.589,00;1;BTG;Comprador;;;;
17:16:39.330;Agora;2.588,90;2;UBS;Comprador;;;;
17:16:39.330;Agora;2.588,90;1;UBS;Comprador;;;;
17:16:39.330;Agora;2.588,90;1;BTG;Comprador;;;;
17:16:39.330;Agora;2.588,80;1;BTG;Comprador;;;;
17:16:39.330;Agora;2.588,60;1;BTG;Comprador;;;;
17:16:39.330;Agora;2.588,30;1;BTG;Comprador;;;;
17:16:29.811;Ideal;2.586,70;1;BTG;Comprador;;;;
17:16:26.404;BTG;2.584,80;1;Agora;Vendedor;;;;
17:16:25.770;Agora;2.585,10;1;Ideal;Vendedor;;;;
17:16:25.770;BTG;2.585,10;1;Ideal;Vendedor;;;;
17:16:22.829;Ideal;2.589,00;1;BTG;Comprador;;;;
17:16:19.543;Ideal;2.587,40;1;BTG;Comprador;;;;
17:16:19.543;Ideal;2.587,30;1;BTG;Comprador;;;;
17:16:19.233;BTG;2.587,00;1;Ideal;Vendedor;;;;
17:16:19.233;BTG;2.587,00;1;Ideal;Vendedor;;;;
17:16:19.233;BTG;2.586,80;1;Ideal;Vendedor;;;;
17:16:19.233;BTG;2.586,80;1;Ideal;Vendedor;;;;
17:16:19.231;Ideal;2.588,20;1;BTG;Comprador;;;;
17:16:16.427;UBS;2.585,20;7;Agora;Comprador;;;;
17:16:16.427;UBS;2.585,20;3;Agora;Comprador;;;;
17:16:16.417;UBS;2.584,90;1;Ideal;Comprador;;;;
17:16:16.416;BTG;2.584,80;1;Agora;Vendedor;;;;
17:16:16.411;BTG;2.585,00;1;Ideal;Vendedor;;;;
17:16:16.410;BTG;2.585,20;1;Ideal;Vendedor;;;;
17:16:16.410;ABN;2.586,30;2;Agora;Comprador;;;;
17:16:16.410;ABN;2.586,20;2;Agora;Comprador;;;;
17:16:16.410;ABN;2.586,20;1;BTG;Comprador;;;;
17:16:16.408;ABN;2.586,00;2;Agora;Comprador;;;;
17:16:16.408;ABN;2.586,00;1;BTG;Comprador;;;;
17:16:16.408;UBS;2.585,60;2;ABN;Comprador;;;;
17:16:16.408;UBS;2.585,60;5;ABN;Comprador;;;;
17:16:16.408;UBS;2.585,60;3;ABN;Comprador;;;;
17:16:16.407;ABN;2.585,70;2;Agora;Comprador;;;;
17:16:16.407;ABN;2.585,70;1;BTG;Comprador;;;;
17:16:16.406;ABN;2.585,50;1;Agora;Comprador;;;;
17:16:16.406;ABN;2.585,50;1;BTG;Comprador;;;;
17:16:16.406;ABN;2.585,40;2;Agora;Comprador;;;;
17:16:16.406;ABN;2.585,40;1;BTG;Comprador;;;;
17:16:16.406;ABN;2.585,30;2;Agora;Comprador;;;;
17:16:16.405;Ideal;2.585,10;2;Agora;Comprador;;;;
17:16:16.405;Ideal;2.585,00;2;Agora;Comprador;;;;
17:16:16.405;Ideal;2.584,90;2;Agora;Comprador;;;;
17:16:16.405;ABN;2.584,80;2;Agora;Comprador;;;;
17:16:16.405;Agora;2.584,70;2;Agora;Comprador;;;;
17:16:16.404;Ideal;2.584,60;2;Agora;Comprador;;;;
17:16:16.404;Ideal;2.584,60;1;BTG;Comprador;;;;
17:16:16.402;Ideal;2.583,80;1;BTG;Comprador;;;;
17:16:16.402;Ideal;2.584,00;1;BTG;Vendedor;;;;
17:16:16.401;Ideal;2.583,50;1;Agora;Comprador;;;;
17:16:13.528;Agora;2.582,30;1;BTG;Comprador;;;;
17:16:13.528;Agora;2.582,30;2;Agora;Comprador;;;;
17:16:05.674;Ideal;2.581,30;1;UBS;Vendedor;;;;
17:16:05.670;Ideal;2.580,80;1;BTG;Comprador;;;;
17:16:05.308;Agora;2.579,40;2;ABN;Vendedor;;;;
17:16:05.308;Agora;2.579,50;2;ABN;Vendedor;;;;
17:16:05.308;Agora;2.579,60;2;Ideal;Vendedor;;;;
17:16:05.308;BTG;2.579,60;1;Ideal;Vendedor;;;;
17:16:05.308;BTG;2.579,70;1;Agora;Vendedor;;;;
17:15:58.667;Agora;2.583,40;2;Agora;Vendedor;;;;
17:15:58.667;BTG;2.583,40;1;Agora;Vendedor;;;;
17:15:58.666;BTG;2.583,50;1;Agora;Vendedor;;;;
17:15:55.805;BTG;2.582,70;1;Ideal;Vendedor;;;;
17:15:55.805;Agora;2.582,90;1;Ideal;Vendedor;;;;
17:15:55.804;Agora;2.583,20;2;Agora;Vendedor;;;;
17:15:55.804;Agora;2.583,30;1;Agora;Vendedor;;;;
17:15:55.804;Agora;2.583,30;1;Ideal;Vendedor;;;;
17:15:55.804;BTG;2.583,40;1;Ideal;Vendedor;;;;
17:15:54.926;Agora;2.583,10;2;ABN;Vendedor;;;;
17:15:54.926;BTG;2.583,10;1;ABN;Vendedor;;;;
17:15:54.926;Agora;2.583,20;2;ABN;Vendedor;;;;
17:15:54.926;Agora;2.583,30;2;Ideal;Vendedor;;;;
17:15:54.926;BTG;2.583,30;1;Ideal;Vendedor;;;;
17:15:54.860;BTG;2.583,40;1;Ideal;Vendedor;;;;
17:15:54.860;BTG;2.583,50;1;Ideal;Vendedor;;;;
17:15:54.855;Agora;2.584,10;2;Ideal;Vendedor;;;;
17:15:54.855;BTG;2.584,10;1;Ideal;Vendedor;;;;
17:15:51.779;Ideal;2.585,50;2;Agora;Comprador;;;;
17:15:51.779;Ideal;2.585,50;1;BTG;Comprador;;;;
17:15:51.769;Ideal;2.585,20;2;Agora;Comprador;;;;
17:15:51.769;Ideal;2.585,20;1;BTG;Comprador;;;;
17:15:51.769;Ideal;2.585,10;2;Agora;Comprador;;;;
17:15:51.769;Ideal;2.585,10;1;BTG;Comprador;;;;
17:15:51.697;Ideal;2.584,70;2;Agora;Comprador;;;;
17:15:51.697;Ideal;2.584,70;1;BTG;Comprador;;;;
17:15:49.290;Agora;2.581,90;2;ABN;Vendedor;;;;
17:15:49.290;BTG;2.581,90;1;ABN;Vendedor;;;;
17:15:49.290;BTG;2.582,00;1;Agora;Vendedor;;;;
17:15:48.195;Agora;2.582,70;1;Agora;Comprador;;;;
17:15:48.195;Ideal;2.582,60;1;Agora;Comprador;;;;
17:15:48.195;Agora;2.582,60;1;Agora;Comprador;;;;
17:15:42.066;Ideal;2.580,40;1;BTG;Comprador;;;;
17:15:37.916;UBS;2.580,60;2;Agora;Comprador;;;;
17:15:37.916;UBS;2.580,60;3;Agora;Comprador;;;;
17:15:37.916;UBS;2.580,60;6;Agora;Comprador;;;;
17:15:37.916;UBS;2.580,60;1;Agora;Comprador;;;;
17:15:36.151;BTG;2.579,00;1;Ideal;Vendedor;;;;
17:15:35.402;UBS;2.579,60;1;Ideal;Vendedor;;;;
17:15:35.401;UBS;2.579,60;1;Agora;Vendedor;;;;
17:15:30.260;UBS;2.581,10;2;Agora;Comprador;;;;
17:15:30.260;UBS;2.581,10;10;Agora;Comprador;;;;
17:15:29.416;Ideal;2.583,10;1;BTG;Comprador;;;;
17:15:29.413;Agora;2.579,20;2;Ideal;Vendedor;;;;
17:15:29.412;Agora;2.579,40;2;Ideal;Vendedor;;;;
17:15:29.412;Agora;2.579,30;2;Ideal;Vendedor;;;;
17:15:29.412;BTG;2.579,30;1;Ideal;Vendedor;;;;
17:15:29.411;Agora;2.579,40;2;Ideal;Vendedor;;;;
17:15:29.411;Agora;2.579,40;2;Ideal;Vendedor;;;;
17:15:29.410;Agora;2.579,50;2;Ideal;Vendedor;;;;
17:15:29.410;BTG;2.579,50;1;Ideal;Vendedor;;;;
17:15:29.410;Agora;2.579,60;2;Ideal;Vendedor;;;;
17:15:29.409;Agora;2.579,60;2;Ideal;Vendedor;;;;
17:15:29.409;BTG;2.579,60;1;Ideal;Vendedor;;;;
17:15:29.408;BTG;2.579,70;1;Ideal;Vendedor;;;;
17:15:29.408;BTG;2.581,10;1;Agora;Vendedor;;;;
17:15:29.408;BTG;2.581,20;1;Agora;Vendedor;;;;
17:15:29.369;BTG;2.594,70;1;Ideal;Vendedor;;;;
17:15:29.369;UBS;2.594,70;1;Ideal;Vendedor;;;;
17:15:29.369;UBS;2.594,70;5;Ideal;Vendedor;;;;
17:15:29.369;BTG;2.594,80;1;Ideal;Vendedor;;;;
17:15:29.243;UBS;2.581,10;8;Agora;Comprador;;;;
17:15:29.242;BTG;2.581,70;1;Agora;Vendedor;;;;
17:15:29.242;BTG;2.581,70;1;Agora;Vendedor;;;;
17:15:29.213;Ideal;2.580,90;1;Agora;Comprador;;;;
17:15:29.213;Ideal;2.580,80;2;Agora;Comprador;;;;
17:15:29.213;Ideal;2.580,80;1;BTG;Comprador;;;;
17:15:29.213;Ideal;2.580,70;2;Agora;Comprador;;;;
17:15:29.213;Ideal;2.580,70;1;BTG;Comprador;;;;
17:15:27.962;BTG;2.579,00;1;Agora;Vendedor;;;;
17:15:27.962;ABN;2.579,00;2;Agora;Comprador;;;;
17:15:27.961;Agora;2.579,00;1;BTG;Comprador;;;;
17:15:27.961;Agora;2.578,90;1;Agora;Comprador;;;;
17:15:24.722;ABN;2.576,60;2;Agora;Comprador;;;;
17:15:21.174;Ideal;2.576,60;1;Agora;Comprador;;;;
17:15:21.172;Agora;2.575,90;1;Agora;Comprador;;;;
17:15:21.172;Agora;2.575,90;1;Agora;Comprador;;;;
17:15:21.172;Agora;2.575,90;1;BTG;Comprador;;;;
17:15:20.425;Agora;2.574,90;2;ABN;Vendedor;;;;
17:15:20.425;BTG;2.574,90;1;ABN;Vendedor;;;;
17:15:20.424;Agora;2.575,20;2;Agora;Vendedor;;;;
17:15:20.424;Agora;2.575,30;2;Ideal;Vendedor;;;;
17:15:20.424;BTG;2.575,30;1;Ideal;Vendedor;;;;
17:15:06.236;Ideal;2.573,90;1;Agora;Comprador;;;;
17:15:03.424;BTG;2.573,50;1;Ideal;Vendedor;;;;
17:15:01.945;Agora;2.572,90;1;Agora;Vendedor;;;;
17:14:44.393;BTG;2.571,30;1;Agora;Vendedor;;;;
17:14:44.393;BTG;2.571,40;1;Agora;Vendedor;;;;
17:14:35.731;Agora;2.572,70;1;Agora;Comprador;;;;
17:14:35.731;ABN;2.572,60;1;Agora;Comprador;;;;
17:14:35.731;Agora;2.572,60;1;Agora;Comprador;;;;
17:14:31.698;Ideal;2.572,10;1;Agora;Comprador;;;;
17:14:31.697;Ideal;2.571,60;1;Agora;Comprador;;;;
17:14:31.694;Agora;2.571,20;2;Agora;Comprador;;;;
17:14:31.694;Ideal;2.571,10;1;Agora;Comprador;;;;
17:14:12.266;BTG;2.569,20;1;Agora;Vendedor;;;;
17:14:11.941;BTG;2.569,60;1;Agora;Vendedor;;;;
17:13:58.206;ABN;2.570,60;2;Agora;Comprador;;;;
17:13:56.011;ABN;2.570,60;2;Agora;Comprador;;;;
17:13:52.427;Agora;2.570,20;2;Agora;Comprador;;;;
17:13:52.427;Agora;2.570,10;2;Agora;Comprador;;;;
17:13:49.850;Agora;2.569,60;2;Agora;Comprador;;;;
17:13:49.679;Agora;2.569,60;1;Agora;Comprador;;;;
17:13:45.339;BTG;2.569,60;1;Agora;Vendedor;;;;
17:13:45.339;BTG;2.569,70;1;Ideal;Vendedor;;;;
17:13:40.719;ABN;2.569,10;2;Agora;Comprador;;;;
17:13:40.509;ABN;2.568,60;2;Agora;Comprador;;;;
17:13:40.320;BTG;2.568,60;1;Agora;Vendedor;;;;
17:13:40.269;ABN;2.568,60;2;Agora;Comprador;;;;
17:13:40.257;BTG;2.568,60;1;Agora;Vendedor;;;;
17:13:40.213;ABN;2.568,60;1;Agora;Comprador;;;;
17:13:40.213;Ideal;2.568,60;1;Agora;Comprador;;;;
17:13:40.121;ABN;2.568,60;2;Agora;Comprador;;;;
17:13:39.903;BTG;2.567,80;1;Ideal;Vendedor;;;;
17:13:39.902;BTG;2.567,90;1;Ideal;Vendedor;;;;
17:13:39.898;ABN;2.568,10;8;UBS;Comprador;;;;
17:13:39.898;ABN;2.568,10;2;Agora;Comprador;;;;
17:13:39.698;BTG;2.567,20;1;Ideal;Vendedor;;;;
17:13:35.466;BTG;2.570,80;1;Agora;Vendedor;;;;
17:13:26.083;ABN;2.574,40;2;Agora;Comprador;;;;
17:13:26.083;ABN;2.574,40;1;BTG;Comprador;;;;
17:13:24.369;Ideal;2.574,20;1;Agora;Comprador;;;;
17:13:24.362;BTG;2.573,30;1;Ideal;Vendedor;;;;
17:13:24.362;UBS;2.573,30;2;Agora;Vendedor;;;;
17:13:24.362;BTG;2.573,40;1;Agora;Vendedor;;;;
17:13:24.361;Ideal;2.574,10;1;Agora;Comprador;;;;
17:13:24.360;Ideal;2.573,70;1;Agora;Comprador;;;;
17:13:23.144;BTG;2.573,30;1;Agora;Vendedor;;;;
17:13:23.006;BTG;2.573,60;1;Agora;Vendedor;;;;
17:13:21.452;ABN;2.574,80;1;BTG;Comprador;;;;
17:13:21.452;ABN;2.574,80;2;Agora;Comprador;;;;
17:13:20.562;Ideal;2.574,70;1;Agora;Comprador;;;;
17:13:10.713;BTG;2.574,20;1;Agora;Vendedor;;;;
17:13:09.860;Agora;2.575,60;2;Ideal;Vendedor;;;;
17:13:09.859;Agora;2.575,80;1;Ideal;Vendedor;;;;
17:13:09.859;Agora;2.575,70;2;ABN;Vendedor;;;;
17:13:09.859;BTG;2.575,80;1;Ideal;Comprador;;;;
17:13:09.859;Agora;2.575,90;2;Ideal;Vendedor;;;;
17:13:09.656;BTG;2.577,20;1;Agora;Vendedor;;;;
17:13:07.160;ABN;2.579,10;4;Ideal;Vendedor;;;;
17:13:07.160;BGC Liquidez;2.579,10;1;Ideal;Vendedor;;;;
17:13:06.145;Ideal;2.580,50;1;BGC Liquidez;Comprador;;;;
17:13:06.145;Ideal;2.580,50;2;Agora;Comprador;;;;
17:13:06.145;Ideal;2.580,50;1;BTG;Comprador;;;;
17:13:06.127;ABN;2.578,50;2;Agora;Comprador;;;;
17:13:06.127;ABN;2.578,50;1;BTG;Comprador;;;;
17:13:05.871;ABN;2.578,20;2;Ideal;Vendedor;;;;
17:13:05.208;Ideal;2.579,50;1;BTG;Comprador;;;;
17:13:05.208;Ideal;2.579,40;2;Agora;Comprador;;;;
17:13:05.208;Ideal;2.579,30;2;Agora;Comprador;;;;
17:13:05.208;Ideal;2.579,30;1;BTG;Comprador;;;;
17:13:05.207;Ideal;2.579,20;1;Agora;Comprador;;;;
17:13:05.207;Ideal;2.579,20;1;BTG;Comprador;;;;
17:13:05.205;ABN;2.579,10;2;Agora;Comprador;;;;
17:13:05.205;ABN;2.579,10;1;BTG;Comprador;;;;
17:13:05.205;ABN;2.579,00;2;Agora;Comprador;;;;
17:13:05.205;Ideal;2.579,00;1;BTG;Comprador;;;;
17:13:05.204;ABN;2.578,90;2;Agora;Comprador;;;;
17:13:05.204;ABN;2.578,90;1;BTG;Comprador;;;;
17:13:05.204;ABN;2.578,80;2;Agora;Comprador;;;;
17:13:05.204;ABN;2.578,80;1;BTG;Comprador;;;;
17:13:05.203;ABN;2.578,70;2;Agora;Comprador;;;;
17:13:05.203;ABN;2.578,70;1;BTG;Comprador;;;;
17:13:05.203;ABN;2.578,50;2;Agora;Comprador;;;;
17:13:05.203;ABN;2.578,50;1;BTG;Comprador;;;;
17:13:05.202;Ideal;2.578,40;2;Agora;Comprador;;;;
17:13:05.202;Ideal;2.578,40;1;BTG;Comprador;;;;
17:13:05.202;ABN;2.578,30;2;Agora;Comprador;;;;
17:13:05.202;ABN;2.578,30;1;BTG;Comprador;;;;
17:13:05.202;ABN;2.578,20;2;Agora;Comprador;;;;
17:13:05.202;ABN;2.578,20;1;BTG;Comprador;;;;
17:13:04.941;Ideal;2.578,10;1;BTG;Comprador;;;;
17:13:04.915;ABN;2.577,90;2;Agora;Comprador;;;;
17:13:04.915;ABN;2.577,90;1;BTG;Comprador;;;;
17:13:04.915;ABN;2.577,80;2;Agora;Comprador;;;;
17:13:04.915;ABN;2.577,80;1;BTG;Comprador;;;;
17:13:04.914;ABN;2.577,70;2;Agora;Comprador;;;;
17:13:04.914;ABN;2.577,70;1;BTG;Comprador;;;;
17:13:04.914;ABN;2.577,60;2;Agora;Comprador;;;;
17:13:04.914;ABN;2.577,60;1;BTG;Comprador;;;;
17:13:04.608;Ideal;2.577,50;1;BTG;Comprador;;;;
17:13:04.605;ABN;2.577,10;2;Agora;Comprador;;;;
17:13:04.605;ABN;2.577,10;1;BTG;Comprador;;;;
17:13:04.595;Ideal;2.576,70;2;Agora;Comprador;;;;
17:13:04.595;Ideal;2.576,70;1;BTG;Comprador;;;;
17:13:04.250;Ideal;2.575,80;2;BTG;Vendedor;;;;
17:13:04.249;Agora;2.575,80;2;Agora;Comprador;;;;
17:13:04.249;Agora;2.575,60;1;Agora;Comprador;;;;
17:13:04.249;Agora;2.575,60;1;Agora;Comprador;;;;
17:13:02.840;ABN;2.576,60;2;Agora;Comprador;;;;
17:13:02.840;ABN;2.576,60;1;BTG;Comprador;;;;
17:13:02.838;ABN;2.576,50;10;UBS;Comprador;;;;
17:13:02.838;ABN;2.576,50;1;BTG;Comprador;;;;
17:13:02.089;Agora;2.575,00;1;Agora;Comprador;;;;
17:13:01.273;Agora;2.572,20;2;ABN;Vendedor;;;;
17:13:01.273;Agora;2.572,30;2;Ideal;Vendedor;;;;
17:13:01.273;BTG;2.572,30;1;Ideal;Vendedor;;;;
17:13:01.273;Agora;2.572,40;2;Ideal;Vendedor;;;;
17:13:01.273;BTG;2.572,40;1;Ideal;Vendedor;;;;
17:13:01.273;Agora;2.572,50;2;Ideal;Vendedor;;;;
17:13:01.273;Agora;2.572,60;2;Ideal;Vendedor;;;;
17:13:01.273;Agora;2.572,70;2;Ideal;Vendedor;;;;
17:13:01.273;BTG;2.572,70;1;Ideal;Vendedor;;;;
17:13:01.273;Agora;2.573,00;2;Ideal;Vendedor;;;;
17:13:01.273;BTG;2.573,00;1;Ideal;Vendedor;;;;
17:13:01.272;Agora;2.573,10;1;Ideal;Vendedor;;;;
17:13:01.272;BTG;2.573,10;1;Ideal;Vendedor;;;;
17:13:01.269;Agora;2.573,50;2;Agora;Vendedor;;;;
17:13:01.269;BTG;2.573,60;1;Agora;Vendedor;;;;
17:13:00.917;Nova Futura;2.574,90;5;Ideal;Vendedor;;;;
17:13:00.917;Nova Futura;2.574,90;15;Ideal;Vendedor;;;;
17:13:00.037;BGC Liquidez;2.576,00;1;Ideal;Vendedor;;;;
17:12:59.768;BGC Liquidez;2.577,60;1;Ideal;Vendedor;;;;
17:12:59.503;BGC Liquidez;2.577,20;1;Ideal;Vendedor;;;;
17:12:59.232;BGC Liquidez;2.577,90;1;Agora;Vendedor;;;;
17:12:58.966;BGC Liquidez;2.578,20;1;Agora;Vendedor;;;;
17:12:58.702;BGC Liquidez;2.579,20;1;Agora;Vendedor;;;;
17:12:58.431;BGC Liquidez;2.579,20;1;Ideal;Vendedor;;;;
17:12:58.166;BGC Liquidez;2.579,40;1;Ideal;Vendedor;;;;
17:12:57.890;BGC Liquidez;2.579,30;1;ABN;Vendedor;;;;
17:12:57.882;Ideal;2.579,50;1;Agora;Comprador;;;;
17:12:57.882;Ideal;2.579,50;1;BTG;Comprador;;;;
17:12:57.704;ABN;2.578,20;3;Nova Futura;Comprador;;;;
17:12:57.704;Ideal;2.578,20;4;Nova Futura;Comprador;;;;
17:12:57.704;Agora;2.578,20;8;Nova Futura;Comprador;;;;
17:12:57.704;Agora;2.578,20;2;Nova Futura;Comprador;;;;
17:12:57.703;Agora;2.578,20;1;Nova Futura;Comprador;;;;
17:12:57.703;Agora;2.578,20;2;Nova Futura;Comprador;;;;
17:12:57.543;BGC Liquidez;2.578,10;1;BTG;Comprador;;;;
17:12:57.278;BGC Liquidez;2.577,90;1;ABN;Vendedor;;;;
17:12:56.966;BGC Liquidez;2.577,80;1;ABN;Vendedor;;;;
17:12:56.686;BGC Liquidez;2.577,80;1;Ideal;Vendedor;;;;
17:12:56.415;BGC Liquidez;2.577,40;1;ABN;Vendedor;;;;
17:12:56.150;BGC Liquidez;2.576,90;1;Ideal;Vendedor;;;;
17:12:55.886;BGC Liquidez;2.577,40;1;Ideal;Vendedor;;;;
17:12:55.622;BGC Liquidez;2.577,40;1;Ideal;Vendedor;;;;
17:12:55.327;BGC Liquidez;2.577,60;1;Ideal;Vendedor;;;;
17:12:55.194;Ideal;2.578,10;1;BTG;Comprador;;;;
17:12:55.182;Ideal;2.577,20;1;BTG;Comprador;;;;
17:12:55.044;BGC Liquidez;2.576,20;1;ABN;Vendedor;;;;
17:12:54.773;BGC Liquidez;2.577,30;1;ABN;Vendedor;;;;
17:12:54.642;Ideal;2.576,70;1;Agora;Comprador;;;;
17:12:54.642;Ideal;2.576,70;1;BTG;Comprador;;;;
17:12:54.331;BGC Liquidez;2.576,20;1;Ideal;Vendedor;;;;
17:12:54.154;UBS;2.575,30;2;Ideal;Comprador;;;;
17:12:54.154;UBS;2.575,30;3;Agora;Vendedor;;;;
17:12:54.154;UBS;2.575,30;7;Agora;Vendedor;;;;
17:12:54.064;BGC Liquidez;2.575,80;1;BTG;Comprador;;;;
17:12:54.034;UBS;2.574,90;1;Ideal;Comprador;;;;
17:12:54.034;Agora;2.574,90;1;Ideal;Vendedor;;;;
17:12:54.034;BTG;2.574,90;1;Ideal;Vendedor;;;;
17:12:53.939;Agora;2.575,30;2;Ideal;Vendedor;;;;
17:12:53.939;BTG;2.575,30;1;Ideal;Vendedor;;;;
17:12:53.938;Agora;2.575,60;2;Ideal;Vendedor;;;;
17:12:53.938;BTG;2.575,60;1;Ideal;Vendedor;;;;
17:12:53.938;BTG;2.575,70;1;Ideal;Vendedor;;;;
17:12:53.938;BTG;2.575,70;1;Ideal;Vendedor;;;;
17:12:53.938;BTG;2.575,80;1;Ideal;Vendedor;;;;
17:12:53.938;BTG;2.575,90;1;Ideal;Vendedor;;;;
17:12:53.855;Ideal;2.577,90;1;BTG;Comprador;;;;
17:12:53.855;Ideal;2.577,80;2;BTG;Comprador;;;;
17:12:53.855;Ideal;2.577,80;1;BTG;Comprador;;;;
17:12:53.844;UBS;2.577,80;3;ABN;Comprador;;;;
17:12:53.844;UBS;2.577,80;2;ABN;Comprador;;;;
17:12:53.844;UBS;2.577,80;3;ABN;Comprador;;;;
17:12:53.843;UBS;2.577,70;2;Ideal;Comprador;;;;
17:12:53.843;BTG;2.577,30;1;Ideal;Vendedor;;;;
17:12:53.843;BTG;2.577,60;1;Ideal;Vendedor;;;;
17:12:53.843;BTG;2.577,40;2;Ideal;Vendedor;;;;
17:12:53.843;BTG;2.577,50;1;Ideal;Vendedor;;;;
17:12:53.843;BTG;2.577,50;1;Ideal;Vendedor;;;;
17:12:53.842;Ideal;2.578,40;2;Agora;Comprador;;;;
17:12:53.841;Ideal;2.578,30;1;BTG;Comprador;;;;
17:12:53.841;Ideal;2.578,30;2;Agora;Comprador;;;;
17:12:53.841;Ideal;2.578,20;1;BTG;Comprador;;;;
17:12:53.839;Ideal;2.577,90;1;BTG;Comprador;;;;
17:12:53.795;BGC Liquidez;2.576,50;1;Agora;Vendedor;;;;
17:12:53.530;BGC Liquidez;2.576,40;1;BTG;Comprador;;;;
17:12:53.265;BGC Liquidez;2.574,90;1;Ideal;Vendedor;;;;
17:12:53.000;BGC Liquidez;2.574,90;1;Ideal;Vendedor;;;;
17:12:52.735;BGC Liquidez;2.576,00;1;Ideal;Vendedor;;;;
17:12:52.471;BGC Liquidez;2.576,00;1;Ideal;Vendedor;;;;
17:12:52.206;BGC Liquidez;2.575,60;1;Ideal;Vendedor;;;;
17:12:51.904;BGC Liquidez;2.575,20;1;Ideal;Vendedor;;;;
17:12:51.636;BGC Liquidez;2.574,70;1;ABN;Vendedor;;;;
17:12:51.372;BGC Liquidez;2.574,60;1;Ideal;Vendedor;;;;
17:12:51.301;Ideal;2.574,50;1;BTG;Comprador;;;;
17:12:51.301;UBS;2.574,40;1;Agora;Comprador;;;;
17:12:51.301;UBS;2.574,40;1;BTG;Comprador;;;;
17:12:51.300;ABN;2.574,30;2;Agora;Comprador;;;;
17:12:51.300;Agora;2.574,30;1;BTG;Comprador;;;;
17:12:51.081;BGC Liquidez;2.573,90;1;Agora;Vendedor;;;;
17:12:50.605;BGC Liquidez;2.573,00;1;Ideal;Vendedor;;;;
17:12:50.333;BGC Liquidez;2.573,80;1;Ideal;Vendedor;;;;
17:12:50.065;BGC Liquidez;2.573,90;1;ABN;Vendedor;;;;
17:12:49.798;BGC Liquidez;2.572,50;1;Ideal;Vendedor;;;;
17:12:49.530;BGC Liquidez;2.573,60;1;Ideal;Vendedor;;;;
17:12:49.244;BGC Liquidez;2.574,00;1;Ideal;Vendedor;;;;
17:12:48.978;BGC Liquidez;2.574,00;1;ABN;Vendedor;;;;
17:12:48.941;BTG;2.573,70;1;Ideal;Vendedor;;;;
17:12:48.410;BGC Liquidez;2.571,90;1;ABN;Vendedor;;;;
17:12:47.760;BGC Liquidez;2.571,30;1;ABN;Vendedor;;;;
17:12:47.434;BGC Liquidez;2.571,40;1;Agora;Vendedor;;;;
17:12:47.234;Agora;2.570,30;1;UBS;Comprador;;;;
17:12:47.234;Agora;2.570,30;1;UBS;Comprador;;;;
17:12:47.032;BGC Liquidez;2.570,70;1;Agora;Vendedor;;;;
17:12:46.396;Ideal;2.571,90;2;UBS;Comprador;;;;
17:12:46.346;Ideal;2.574,10;1;BTG;Comprador;;;;
17:12:46.345;Ideal;2.573,50;1;BTG;Comprador;;;;
17:12:46.345;Ideal;2.573,40;1;BTG;Comprador;;;;
17:12:46.320;Ideal;2.573,60;1;BTG;Comprador;;;;
17:12:46.319;Ideal;2.573,50;1;BTG;Comprador;;;;
17:12:46.293;Ideal;2.571,70;1;BTG;Comprador;;;;
17:12:46.293;Ideal;2.571,60;1;BTG;Comprador;;;;
17:12:46.293;Ideal;2.571,50;1;BTG;Comprador;;;;
17:12:46.292;Ideal;2.571,30;1;BTG;Comprador;;;;
17:12:46.290;Ideal;2.571,10;1;BTG;Comprador;;;;
17:12:46.290;Ideal;2.571,00;1;BTG;Comprador;;;;
17:12:46.283;Ideal;2.570,90;1;BTG;Comprador;;;;
17:12:46.281;Agora;2.569,40;1;BTG;Vendedor;;;;
17:12:46.280;Agora;2.569,40;1;UBS;Vendedor;;;;
17:12:46.280;Agora;2.569,40;8;UBS;Vendedor;;;;
17:12:46.280;Agora;2.569,90;4;UBS;Vendedor;;;;
17:12:46.280;ABN;2.570,10;1;UBS;Vendedor;;;;
17:12:46.280;ABN;2.570,10;9;UBS;Vendedor;;;;
17:12:46.280;ABN;2.570,00;4;UBS;Vendedor;;;;
17:12:46.279;ABN;2.570,20;2;UBS;Vendedor;;;;
17:12:46.269;ABN;2.570,20;1;UBS;Vendedor;;;;
17:12:46.269;ABN;2.570,20;1;UBS;Vendedor;;;;
17:12:46.266;ABN;2.570,20;6;UBS;Vendedor;;;;
17:12:46.266;ABN;2.570,40;4;UBS;Vendedor;;;;
17:12:46.266;ABN;2.570,30;6;Ideal;Vendedor;;;;
17:12:46.266;ABN;2.570,30;4;UBS;Vendedor;;;;
17:12:46.265;Agora;2.569,90;6;UBS;Vendedor;;;;
17:12:46.265;ABN;2.570,20;5;UBS;Vendedor;;;;
17:12:46.265;ABN;2.570,10;10;UBS;Vendedor;;;;
17:12:46.265;ABN;2.572,30;1;BTG;Comprador;;;;
17:12:46.265;ABN;2.570,20;10;UBS;Vendedor;;;;
17:12:46.264;ABN;2.570,50;10;UBS;Vendedor;;;;
17:12:46.253;Ideal;2.571,80;2;Agora;Comprador;;;;
17:12:46.252;ABN;2.571,30;1;BTG;Comprador;;;;
17:12:46.252;ABN;2.571,30;2;Agora;Comprador;;;;
17:12:46.252;ABN;2.571,20;1;BTG;Comprador;;;;
17:12:46.252;ABN;2.571,20;2;Agora;Comprador;;;;
17:12:46.252;Ideal;2.571,10;1;BTG;Comprador;;;;
17:12:46.252;Ideal;2.571,10;2;Agora;Comprador;;;;
17:12:46.251;Ideal;2.571,00;1;BTG;Comprador;;;;
17:12:46.241;ABN;2.569,90;1;BGC Liquidez;Vendedor;;;;
17:12:45.994;Ideal;2.570,10;2;Agora;Comprador;;;;
17:12:45.945;Ideal;2.569,20;2;Agora;Comprador;;;;
17:12:45.945;Ideal;2.569,10;1;BTG;Comprador;;;;
17:12:45.945;Ideal;2.569,10;2;Agora;Comprador;;;;
17:12:45.944;Ideal;2.569,00;1;BTG;Comprador;;;;
17:12:45.944;Ideal;2.569,00;2;Agora;Comprador;;;;
17:12:45.944;Ideal;2.568,90;1;BTG;Comprador;;;;
17:12:45.944;Ideal;2.568,90;2;Agora;Comprador;;;;
17:12:45.944;Ideal;2.568,80;1;BTG;Comprador;;;;
17:12:45.944;Ideal;2.568,80;2;Agora;Comprador;;;;
17:12:45.943;Ideal;2.568,60;1;BTG;Comprador;;;;
17:12:45.943;Ideal;2.568,60;2;Agora;Comprador;;;;
17:12:45.943;Ideal;2.568,50;2;Agora;Comprador;;;;
17:12:45.943;Ideal;2.568,40;1;BTG;Comprador;;;;
17:12:45.943;Ideal;2.568,40;2;Agora;Comprador;;;;
17:12:45.943;Ideal;2.568,30;2;Agora;Comprador;;;;
17:12:45.942;Ideal;2.568,20;1;BGC Liquidez;Comprador;;;;
17:12:45.942;Ideal;2.568,20;2;Agora;Comprador;;;;
17:12:45.942;Ideal;2.568,20;1;BTG;Comprador;;;;
17:12:45.927;Ideal;2.567,80;2;Agora;Comprador;;;;
17:12:45.927;Ideal;2.567,80;1;BTG;Comprador;;;;
17:12:42.584;Agora;2.566,20;2;ABN;Vendedor;;;;
17:12:42.580;Agora;2.566,30;2;ABN;Vendedor;;;;
17:12:42.450;ABN;2.566,70;2;Agora;Comprador;;;;
17:12:42.450;ABN;2.566,70;1;Inter;Comprador;;;;
17:12:40.033;Agora;2.564,30;1;BGC Liquidez;Comprador;;;;
17:12:40.021;Ideal;2.564,30;2;Agora;Comprador;;;;
17:12:32.280;Ideal;2.565,00;2;BTG;Comprador;;;;
17:12:32.162;Agora;2.565,30;2;Ideal;Vendedor;;;;
17:12:32.162;BGC Liquidez;2.565,30;1;Ideal;Vendedor;;;;
17:12:32.162;Agora;2.565,30;2;Ideal;Vendedor;;;;
17:12:30.180;Ideal;2.565,40;2;BTG;Vendedor;;;;
17:12:29.686;ABN;2.565,90;1;BTG;Comprador;;;;
17:12:29.536;ABN;2.565,50;1;BTG;Comprador;;;;
17:12:29.456;ABN;2.565,00;2;Agora;Comprador;;;;
17:12:29.456;ABN;2.565,00;1;BTG;Comprador;;;;
17:12:29.409;ABN;2.564,70;2;Agora;Comprador;;;;
17:12:29.409;ABN;2.564,70;1;BTG;Comprador;;;;
17:12:29.369;ABN;2.564,30;2;Agora;Comprador;;;;
17:12:29.369;ABN;2.564,20;2;Agora;Comprador;;;;
17:12:29.369;ABN;2.564,20;1;BTG;Comprador;;;;
17:12:28.775;ABN;2.564,20;2;Agora;Comprador;;;;
17:12:28.775;ABN;2.564,20;1;BTG;Comprador;;;;
17:12:28.752;ABN;2.564,10;10;UBS;Comprador;;;;
17:12:28.683;ABN;2.564,10;1;BGC Liquidez;Comprador;;;;
17:12:28.683;ABN;2.564,10;2;Agora;Comprador;;;;
17:12:28.683;ABN;2.564,10;1;BTG;Comprador;;;;
17:12:28.680;ABN;2.563,90;2;Agora;Comprador;;;;
17:12:28.680;ABN;2.563,80;2;Agora;Comprador;;;;
17:12:28.680;ABN;2.563,80;1;BTG;Comprador;;;;
17:12:28.671;ABN;2.563,50;1;BTG;Comprador;;;;
17:12:28.142;ABN;2.563,10;1;BTG;Comprador;;;;
17:12:27.826;ABN;2.562,60;2;Agora;Comprador;;;;
17:12:27.826;ABN;2.562,60;1;BTG;Comprador;;;;
17:12:27.786;ABN;2.562,30;1;BTG;Comprador;;;;
17:12:27.734;ABN;2.562,00;1;BTG;Comprador;;;;
17:12:27.476;BGC Liquidez;2.561,60;1;Ideal;Vendedor;;;;
17:12:27.471;Agora;2.561,90;1;Ideal;Vendedor;;;;
17:12:26.814;Ideal;2.564,00;1;Ideal;Vendedor;;;;
17:12:26.814;Ideal;2.564,00;1;BGC Liquidez;Comprador;;;;
17:12:26.651;Ideal;2.562,90;8;UBS;Vendedor;;;;
17:12:26.650;Ideal;2.562,80;1;BTG;Comprador;;;;
17:12:26.609;Ideal;2.560,90;8;Ideal;Comprador;;;;
17:12:26.569;BTG;2.561,50;1;Ideal;Vendedor;;;;
17:12:26.569;BTG;2.561,60;1;Ideal;Vendedor;;;;
17:12:26.550;Ideal;2.563,00;4;UBS;Vendedor;;;;
17:12:26.550;Ideal;2.563,00;1;BTG;Comprador;;;;
17:12:26.541;BTG;2.561,10;1;ABN;Vendedor;;;;
17:12:26.532;Ideal;2.561,50;10;UBS;Comprador;;;;
17:12:26.528;BTG;2.561,20;1;Ideal;Vendedor;;;;
17:12:26.528;UBS;2.561,20;10;Ideal;Vendedor;;;;
17:12:26.528;BTG;2.561,30;1;Ideal;Vendedor;;;;
17:12:26.527;Ideal;2.561,90;2;UBS;Comprador;;;;
17:12:26.518;Ideal;2.562,20;1;UBS;Comprador;;;;
17:12:26.518;Ideal;2.562,20;9;UBS;Comprador;;;;
17:12:26.510;BTG;2.562,00;1;Ideal;Comprador;;;;
17:12:26.510;BTG;2.561,90;1;Ideal;Vendedor;;;;
17:12:26.509;UBS;2.561,10;7;ABN;Comprador;;;;
17:12:26.509;Ideal;2.561,00;1;BTG;Comprador;;;;
17:12:26.499;UBS;2.561,20;10;Ideal;Vendedor;;;;
17:12:26.497;BTG;2.562,10;2;Agora;Vendedor;;;;
17:12:26.497;BTG;2.561,90;2;Ideal;Vendedor;;;;
17:12:26.497;BTG;2.562,10;1;Ideal;Vendedor;;;;
17:12:26.497;BTG;2.562,10;1;Ideal;Vendedor;;;;
17:12:26.497;BTG;2.562,20;1;Ideal;Vendedor;;;;
17:12:26.496;UBS;2.560,70;10;ABN;Vendedor;;;;
17:12:26.496;BTG;2.562,10;9;UBS;Comprador;;;;
17:12:26.496;BTG;2.562,00;1;BTG;Comprador;;;;
17:12:26.496;BTG;2.561,80;2;Ideal;Comprador;;;;
17:12:26.495;UBS;2.560,90;10;ABN;Comprador;;;;
17:12:26.495;UBS;2.560,80;4;ABN;Comprador;;;;
17:12:26.495;UBS;2.560,80;6;ABN;Comprador;;;;
17:12:26.494;UBS;2.560,50;10;Ideal;Vendedor;;;;
17:12:26.494;UBS;2.560,80;2;Ideal;Comprador;;;;
17:12:26.494;UBS;2.560,80;2;BTG;Comprador;;;;
17:12:26.494;UBS;2.560,80;1;BTG;Comprador;;;;
17:12:26.494;UBS;2.560,30;10;ABN;Vendedor;;;;
17:12:26.481;ABN;2.561,70;5;Ideal;Vendedor;;;;
17:12:26.480;ABN;2.561,80;5;UBS;Vendedor;;;;
17:12:26.480;BTG;2.561,80;1;Ideal;Vendedor;;;;
17:12:26.480;BTG;2.562,00;1;Ideal;Vendedor;;;;
17:12:26.479;Ideal;2.561,70;2;BTG;Comprador;;;;
17:12:26.479;Ideal;2.561,50;2;Agora;Comprador;;;;
17:12:26.478;Ideal;2.561,30;2;Agora;Comprador;;;;
17:12:26.478;Ideal;2.560,80;1;Agora;Vendedor;;;;
17:12:26.478;Ideal;2.561,00;2;Agora;Comprador;;;;
17:12:26.478;ABN;2.560,90;2;Agora;Comprador;;;;
17:12:26.478;ABN;2.560,80;2;Agora;Comprador;;;;
17:12:26.476;Ideal;2.560,70;1;Agora;Comprador;;;;
17:12:26.475;Ideal;2.560,70;2;BTG;Comprador;;;;
17:12:26.470;Ideal;2.560,50;1;BTG;Comprador;;;;
17:12:26.470;Ideal;2.560,50;2;Agora;Comprador;;;;
17:12:26.461;Ideal;2.560,40;2;Agora;Comprador;;;;
17:12:26.450;Ideal;2.560,20;1;BTG;Comprador;;;;
17:12:26.436;Ideal;2.559,00;2;Agora;Comprador;;;;
17:12:26.436;Ideal;2.559,00;1;BGC Liquidez;Comprador;;;;
17:11:46.700;Agora;2.554,80;2;Agora;Comprador;;;;
17:11:46.700;Agora;2.554,70;1;BGC Liquidez;Comprador;;;;
17:11:46.700;Ideal;2.554,70;1;Agora;Comprador;;;;
17:11:46.700;Agora;2.554,70;1;Agora;Comprador;;;;
17:11:40.531;Ideal;2.553,30;1;BGC Liquidez;Comprador;;;;
17:11:40.418;Agora;2.553,20;10;UBS;Comprador;;;;
17:11:40.418;Agora;2.553,20;2;Agora;Comprador;;;;
17:11:40.418;Agora;2.553,20;2;BTG;Comprador;;;;
17:11:40.418;Agora;2.553,10;2;Agora;Comprador;;;;
17:11:40.418;Agora;2.553,10;1;BTG;Comprador;;;;
17:11:40.418;Agora;2.553,00;2;Agora;Comprador;;;;
17:11:40.418;Agora;2.553,00;2;BTG;Comprador;;;;
17:11:18.918;Ideal;2.553,00;1;Agora;Comprador;;;;
17:11:18.918;UBS;2.553,00;1;Agora;Comprador;;;;
17:11:18.917;Agora;2.553,50;2;Agora;Comprador;;;;
17:11:18.917;Agora;2.553,50;1;BTG;Comprador;;;;
17:11:18.917;Agora;2.553,40;2;Agora;Comprador;;;;
17:11:18.917;Agora;2.553,40;2;BTG;Comprador;;;;
17:11:18.917;Agora;2.553,30;1;BGC Liquidez;Comprador;;;;
17:11:18.917;Agora;2.553,30;2;Agora;Comprador;;;;
17:02:27.665;ABN;2.549,80;2;XP;Comprador;;;;
17:02:27.664;UBS;2.549,80;1;XP;Comprador;;;;
17:02:27.664;UBS;2.549,80;2;Agora;Comprador;;;;
17:01:13.167;Agora;2.548,70;1;BGC Liquidez;Comprador;;;;
16:59:02.249;Ideal;2.549,40;1;BGC Liquidez;Comprador;;;;
16:59:02.249;Ideal;2.549,40;2;Agora;Comprador;;;;
16:56:00.374;Agora;2.547,60;2;Ideal;Comprador;;;;
16:56:00.373;Agora;2.547,60;1;Agora;Vendedor;;;;
16:56:00.373;Agora;2.547,60;1;Agora;Vendedor;;;;
16:55:40.083;Agora;2.548,10;2;ABN;Vendedor;;;;
16:55:40.083;BTG;2.548,10;2;ABN;Vendedor;;;;
16:55:09.114;ABN;2.549,70;1;BGC Liquidez;Comprador;;;;
16:55:09.114;ABN;2.549,70;2;Agora;Comprador;;;;
16:53:25.664;Agora;2.549,20;2;Agora;Vendedor;;;;
16:53:25.664;BTG;2.549,20;1;Agora;Vendedor;;;;
16:51:03.204;XP;2.552,30;4;ABN;Comprador;;;;
16:51:03.204;XP;2.552,30;2;Agora;Comprador;;;;
16:51:03.204;XP;2.552,20;2;Ideal;Comprador;;;;
16:51:03.204;XP;2.552,20;2;Agora;Comprador;;;;
16:50:00.106;ABN;2.551,90;2;Agora;Comprador;;;;
16:50:00.105;ABN;2.552,00;2;Agora;Comprador;;;;
16:50:00.105;ABN;2.552,00;2;BTG;Comprador;;;;
16:50:00.105;Agora;2.551,90;1;BTG;Comprador;;;;
16:50:00.105;Agora;2.551,90;2;Agora;Comprador;;;;
16:50:00.105;Agora;2.551,80;1;BTG;Comprador;;;;
16:50:00.105;Agora;2.551,80;2;Agora;Comprador;;;;
16:50:00.082;ABN;2.551,50;2;Agora;Comprador;;;;
16:50:00.082;Agora;2.551,40;2;Agora;Comprador;;;;
16:50:00.081;Agora;2.551,30;2;Agora;Comprador;;;;
16:50:00.081;Agora;2.551,20;1;BTG;Comprador;;;;
16:50:00.081;Agora;2.551,20;2;BTG;Comprador;;;;
16:48:04.173;Agora;2.551,70;2;ABN;Vendedor;;;;
16:44:49.944;ABN;2.552,10;2;Agora;Comprador;;;;
16:44:49.943;ABN;2.552,00;2;Agora;Comprador;;;;
16:44:49.943;ABN;2.551,90;2;Agora;Comprador;;;;
16:44:49.935;Ideal;2.551,10;1;BGC Liquidez;Comprador;;;;
16:44:49.935;Ideal;2.551,10;2;Agora;Comprador;;;;
16:42:41.162;ABN;2.548,50;2;Agora;Comprador;;;;
16:38:42.029;BTG;2.543,80;2;Agora;Vendedor;;;;
16:38:42.029;Agora;2.543,90;2;Agora;Vendedor;;;;
16:38:42.029;BTG;2.543,90;1;Agora;Vendedor;;;;
16:38:42.029;BTG;2.543,90;1;Agora;Vendedor;;;;
16:38:42.029;BTG;2.543,90;1;Agora;Vendedor;;;;
16:38:42.029;BTG;2.544,00;2;Agora;Vendedor;;;;
16:38:42.029;Agora;2.544,00;2;Agora;Vendedor;;;;
16:38:42.029;BTG;2.544,00;2;Agora;Vendedor;;;;
16:36:27.409;XP;2.548,60;1;Agora;Comprador;;;;
16:36:27.409;XP;2.548,60;1;BGC Liquidez;Comprador;;;;
16:36:24.056;UBS;2.548,70;6;Ideal;Vendedor;;;;
16:36:24.056;BTG;2.548,70;2;Ideal;Vendedor;;;;
16:36:24.056;Agora;2.548,70;2;Ideal;Vendedor;;;;
16:35:26.094;BTG;2.549,50;1;Santander;Vendedor;;;;
16:34:52.251;Santander;2.551,40;1;ABN;Vendedor;;;;
16:34:14.501;Agora;2.548,50;2;ABN;Vendedor;;;;
16:34:14.501;Agora;2.548,50;2;ABN;Vendedor;;;;
16:34:14.501;Agora;2.548,60;2;ABN;Vendedor;;;;
16:34:14.500;Agora;2.548,90;2;ABN;Vendedor;;;;
16:34:14.500;Agora;2.549,00;2;Ideal;Vendedor;;;;
16:34:14.499;Agora;2.549,10;2;ABN;Vendedor;;;;
16:34:14.499;BTG;2.549,10;2;ABN;Vendedor;;;;
16:34:14.499;BGC Liquidez;2.549,20;1;ABN;Vendedor;;;;
16:34:14.499;Agora;2.549,20;2;ABN;Vendedor;;;;
16:31:57.352;Agora;2.551,40;2;Ideal;Vendedor;;;;
16:31:57.352;BGC Liquidez;2.551,40;1;ABN;Vendedor;;;;
16:31:57.352;Agora;2.551,40;2;Ideal;Vendedor;;;;
16:27:35.129;Ideal;2.557,10;2;Agora;Comprador;;;;
16:27:35.129;Ideal;2.557,10;6;UBS;Comprador;;;;
16:27:35.129;Ideal;2.557,10;2;UBS;Comprador;;;;
16:27:32.232;ABN;2.555,20;1;Nova Futura;Vendedor;;;;
16:27:32.198;ABN;2.555,30;1;BGC Liquidez;Comprador;;;;
16:27:32.198;ABN;2.555,30;2;Agora;Comprador;;;;
16:27:17.353;ABN;2.553,50;2;BTG;Vendedor;;;;
16:26:43.479;ABN;2.552,50;1;Nova Futura;Vendedor;;;;
16:26:43.479;BTG;2.552,50;1;Nova Futura;Vendedor;;;;
16:26:43.479;Agora;2.552,50;2;Nova Futura;Vendedor;;;;
16:26:36.138;Inter;2.553,50;1;Agora;Vendedor;;;;
16:25:47.713;ABN;2.553,20;1;BGC Liquidez;Comprador;;;;
16:25:47.713;ABN;2.553,20;2;Agora;Comprador;;;;
16:25:38.370;BTG;2.550,60;1;Nova Futura;Vendedor;;;;
16:25:06.335;Ideal;2.554,00;1;BGC Liquidez;Comprador;;;;
16:25:06.335;Ideal;2.554,00;2;Agora;Comprador;;;;
16:24:20.317;Ideal;2.554,70;1;BGC Liquidez;Comprador;;;;
16:24:08.073;UBS;2.552,60;1;Agora;Comprador;;;;
16:24:08.073;Agora;2.552,70;2;Agora;Comprador;;;;
16:24:08.073;Agora;2.552,70;1;BTG;Comprador;;;;
16:24:08.073;Agora;2.552,60;1;BGC Liquidez;Comprador;;;;
16:24:08.072;Agora;2.552,60;2;Agora;Comprador;;;;
16:23:47.839;BTG;2.550,70;1;BTG;Vendedor;;;;
16:23:22.324;BTG;2.549,90;2;Nova Futura;Vendedor;;;;
16:23:22.324;Agora;2.550,00;2;Nova Futura;Vendedor;;;;
16:23:22.324;BTG;2.550,00;1;Nova Futura;Vendedor;;;;
16:20:17.196;ABN;2.550,90;1;Nova Futura;Vendedor;;;;
16:20:17.196;BTG;2.550,90;2;Nova Futura;Vendedor;;;;
16:20:17.196;Agora;2.550,90;2;Nova Futura;Vendedor;;;;
16:17:20.517;Agora;2.546,30;1;Nova Futura;Vendedor;;;;
16:10:56.132;BGC Liquidez;2.543,60;1;ABN;Vendedor;;;;
16:10:56.132;Agora;2.543,60;2;ABN;Vendedor;;;;
16:10:56.130;UBS;2.544,50;2;Ideal;Vendedor;;;;
16:10:56.130;UBS;2.544,50;7;Ideal;Vendedor;;;;
16:10:55.541;Ideal;2.545,00;1;BGC Liquidez;Comprador;;;;
16:10:55.541;Ideal;2.545,00;1;Agora;Comprador;;;;
16:10:55.541;Ideal;2.545,00;1;Agora;Comprador;;;;
16:08:24.467;Agora;2.542,20;2;Agora;Vendedor;;;;
16:08:24.467;Agora;2.542,30;2;Agora;Vendedor;;;;
16:07:03.334;Ideal;2.543,90;2;Agora;Comprador;;;;
16:07:03.334;Ideal;2.543,90;1;BGC Liquidez;Comprador;;;;
16:01:29.885;BTG;2.545,70;2;Ideal;Comprador;;;;
16:01:29.885;BTG;2.545,70;2;Agora;Comprador;;;;
16:00:35.950;BGC Liquidez;2.543,60;1;ABN;Vendedor;;;;
16:00:35.950;Agora;2.543,60;2;ABN;Vendedor;;;;
15:55:25.187;ABN;2.546,80;1;Agora;Comprador;;;;
15:55:25.176;Ideal;2.546,80;1;Agora;Comprador;;;;
15:55:25.167;Ideal;2.545,70;1;BGC Liquidez;Comprador;;;;
15:55:25.167;Ideal;2.545,70;2;Agora;Comprador;;;;
15:55:25.161;ABN;2.545,60;10;UBS;Comprador;;;;
15:54:31.003;Agora;2.545,60;2;Ideal;Vendedor;;;;
15:54:31.003;UBS;2.545,60;5;Ideal;Vendedor;;;;
15:54:31.003;UBS;2.545,60;1;Ideal;Vendedor;;;;
15:54:31.003;UBS;2.545,60;4;Ideal;Vendedor;;;;
15:49:35.623;Agora;2.550,00;1;Nova Futura;Vendedor;;;;
15:49:32.731;UBS;2.550,00;1;Nova Futura;Vendedor;;;;
15:49:29.484;Agora;2.550,20;2;Ideal;Vendedor;;;;
15:49:29.483;Agora;2.550,30;2;Ideal;Vendedor;;;;
15:47:49.937;UBS;2.551,20;2;ABN;Comprador;;;;
15:47:49.936;ABN;2.551,20;2;Agora;Comprador;;;;
15:47:49.935;UBS;2.551,10;2;Agora;Comprador;;;;
15:47:49.934;Agora;2.551,10;4;UBS;Comprador;;;;
15:47:49.934;Agora;2.551,10;1;BTG;Comprador;;;;
15:47:49.934;Agora;2.551,10;2;Agora;Comprador;;;;
15:46:46.595;UBS;2.546,60;3;Nova Futura;Vendedor;;;;
15:46:29.754;Agora;2.548,20;2;Agora;Vendedor;;;;
15:46:29.754;Agora;2.548,30;2;Agora;Vendedor;;;;
15:46:29.754;UBS;2.548,30;2;Agora;Vendedor;;;;
15:45:15.045;Genial;2.548,80;1;Agora;Comprador;;;;
15:44:40.490;Agora;2.548,00;2;Ideal;Vendedor;;;;
15:44:40.490;Agora;2.548,00;1;Ideal;Vendedor;;;;
15:44:40.489;Agora;2.548,00;2;Agora;Comprador;;;;
15:44:40.489;Agora;2.548,00;10;UBS;Comprador;;;;
15:44:39.477;ABN;2.546,70;3;Nova Futura;Vendedor;;;;
15:43:27.683;Agora;2.547,60;2;ABN;Vendedor;;;;
15:43:27.683;UBS;2.547,70;8;ABN;Vendedor;;;;
15:41:18.179;UBS;2.544,30;2;Genial;Vendedor;;;;
15:41:18.179;UBS;2.544,30;6;Nova Futura;Vendedor;;;;
15:36:06.137;BTG;2.550,60;1;UBS;Comprador;;;;
15:36:04.744;BTG;2.550,50;1;UBS;Comprador;;;;
15:36:03.821;ABN;2.549,00;1;BGC Liquidez;Comprador;;;;
15:35:00.782;BTG;2.550,50;1;BTG;Comprador;;;;
15:30:35.463;Genial;2.548,50;1;Agora;Vendedor;;;;
15:30:35.385;UBS;2.548,80;1;Inter;Comprador;;;;
15:20:02.780;Agora;2.542,40;2;ABN;Vendedor;;;;
15:19:19.713;XP;2.541,30;1;UBS;Comprador;;;;
15:18:50.778;ABN;2.539,50;2;Agora;Comprador;;;;
15:18:30.640;Agora;2.537,10;2;ABN;Vendedor;;;;
15:16:20.660;Agora;2.539,00;2;ABN;Vendedor;;;;
15:16:20.660;Agora;2.539,10;1;ABN;Vendedor;;;;
15:16:20.660;Agora;2.539,10;1;Ideal;Vendedor;;;;
15:15:44.685;ABN;2.538,80;1;BGC Liquidez;Comprador;;;;
15:15:44.685;ABN;2.538,80;2;Agora;Comprador;;;;
15:15:44.681;Ideal;2.538,60;2;Agora;Comprador;;;;
15:10:14.275;Ideal;2.542,90;2;Agora;Comprador;;;;
15:09:40.578;Agora;2.542,60;2;ABN;Vendedor;;;;
15:09:27.691;UBS;2.543,20;3;BTG;Vendedor;;;;
15:07:55.358;UBS;2.543,20;1;BGC Liquidez;Comprador;;;;
15:07:55.358;UBS;2.543,20;2;Agora;Comprador;;;;
15:07:18.046;Agora;2.540,80;1;Nova Futura;Vendedor;;;;
15:06:58.584;Ideal;2.542,20;1;Agora;Comprador;;;;
15:03:53.916;Ideal;2.539,80;1;BGC Liquidez;Comprador;;;;
15:03:53.916;Ideal;2.539,80;2;Agora;Comprador;;;;
15:03:34.410;BTG;2.539,60;1;ABN;Comprador;;;;
15:03:34.410;BTG;2.539,60;2;Agora;Comprador;;;;
15:02:18.022;ABN;2.540,30;5;BTG;Vendedor;;;;
15:02:18.022;BTG;2.540,30;2;BTG;Vendedor;;;;
15:02:18.022;BTG;2.540,30;1;BTG;Vendedor;;;;
15:02:18.022;Agora;2.540,30;2;BTG;Vendedor;;;;
15:02:16.620;UBS;2.540,50;8;BTG;Vendedor;;;;
15:02:16.620;Agora;2.540,50;2;BTG;Vendedor;;;;
15:00:26.661;Ideal;2.541,80;2;Agora;Vendedor;;;;
15:00:26.660;ABN;2.541,80;2;Agora;Comprador;;;;
15:00:26.659;Agora;2.541,90;1;Agora;Comprador;;;;
15:00:26.659;Agora;2.541,90;1;BTG;Comprador;;;;
15:00:26.656;ABN;2.541,60;2;Agora;Comprador;;;;
15:00:26.655;ABN;2.541,50;2;Agora;Comprador;;;;
15:00:26.653;Agora;2.541,10;1;BGC Liquidez;Comprador;;;;
14:58:42.727;Agora;2.537,80;2;UBS;Vendedor;;;;
14:58:42.727;ABN;2.537,80;10;UBS;Vendedor;;;;
14:58:42.727;Agora;2.537,90;2;UBS;Vendedor;;;;
14:58:42.727;ABN;2.537,90;10;UBS;Vendedor;;;;
14:58:42.710;Agora;2.538,00;2;ABN;Vendedor;;;;
14:58:42.710;Agora;2.538,10;2;ABN;Vendedor;;;;
14:58:42.710;Agora;2.538,60;1;UBS;Comprador;;;;
14:58:42.708;Agora;2.538,20;2;ABN;Vendedor;;;;
14:58:42.708;Agora;2.538,40;2;Ideal;Comprador;;;;
14:58:42.707;Agora;2.538,70;2;ABN;Vendedor;;;;
14:58:42.698;Agora;2.539,20;2;ABN;Vendedor;;;;
14:53:45.790;Ideal;2.538,50;2;Agora;Comprador;;;;
14:53:45.776;ABN;2.537,80;1;BGC Liquidez;Comprador;;;;
14:53:45.776;ABN;2.537,80;2;Agora;Comprador;;;;
14:48:01.539;Nova Futura;2.537,40;1;UBS;Comprador;;;;
14:47:32.457;Agora;2.535,20;2;Ideal;Vendedor;;;;
14:42:42.003;Ideal;2.533,10;1;BGC Liquidez;Comprador;;;;
14:38:57.301;BTG;2.533,40;1;Ideal;Vendedor;;;;
14:38:48.815;Agora;2.533,40;1;Ideal;Vendedor;;;;
14:38:48.814;Agora;2.533,40;1;Agora;Vendedor;;;;
14:38:08.072;Agora;2.533,40;5;Genial;Comprador;;;;
14:37:43.885;Agora;2.532,80;4;Genial;Comprador;;;;
14:37:27.141;ABN;2.532,80;5;Genial;Vendedor;;;;
14:35:43.746;Agora;2.533,00;2;ABN;Vendedor;;;;
14:35:43.745;Agora;2.533,10;2;Ideal;Vendedor;;;;
14:35:43.745;BTG;2.533,20;2;Ideal;Vendedor;;;;
14:35:43.745;Agora;2.533,20;2;Ideal;Vendedor;;;;
14:33:39.215;Ideal;2.531,10;1;BGC Liquidez;Comprador;;;;
14:33:39.215;Ideal;2.531,10;2;Agora;Comprador;;;;
14:31:21.889;Nova Futura;2.535,90;5;UBS;Comprador;;;;
14:29:51.642;ABN;2.538,20;2;Agora;Comprador;;;;
14:29:51.642;ABN;2.538,20;1;BGC Liquidez;Comprador;;;;
14:29:51.633;Ideal;2.538,20;2;Agora;Comprador;;;;
14:29:08.479;Agora;2.537,10;2;ABN;Vendedor;;;;
14:29:08.479;Agora;2.537,20;2;ABN;Vendedor;;;;
14:29:08.478;Agora;2.537,40;2;Ideal;Comprador;;;;
14:29:08.478;Agora;2.537,30;2;ABN;Vendedor;;;;
14:29:08.478;XP;2.537,40;2;Agora;Vendedor;;;;
14:29:08.478;XP;2.537,40;8;Agora;Vendedor;;;;
14:29:08.478;BTG;2.537,40;1;Agora;Vendedor;;;;
14:29:08.477;Agora;2.537,40;1;Ideal;Vendedor;;;;
14:29:08.477;Agora;2.537,40;1;Agora;Vendedor;;;;
14:28:26.905;BTG;2.538,00;1;Agora;Vendedor;;;;
14:27:41.047;BTG;2.539,70;1;ABN;Vendedor;;;;
14:27:41.047;Agora;2.539,70;2;ABN;Vendedor;;;;
14:27:32.987;ABN;2.540,80;2;Agora;Comprador;;;;
14:27:32.987;ABN;2.540,70;1;BGC Liquidez;Comprador;;;;
14:27:32.987;ABN;2.540,70;2;Agora;Comprador;;;;
14:26:13.763;Ideal;2.540,00;1;Agora;Comprador;;;;
14:23:36.145;Agora;2.540,60;1;Agora;Comprador;;;;
14:23:36.145;Agora;2.540,60;1;Agora;Comprador;;;;
14:21:56.954;Agora;2.538,50;2;Ideal;Vendedor;;;;
14:21:56.953;BTG;2.538,50;1;Ideal;Vendedor;;;;
14:21:53.228;Nova Futura;2.539,70;6;UBS;Comprador;;;;
14:21:49.620;Agora;2.540,10;2;Agora;Vendedor;;;;
14:18:26.418;Agora;2.536,40;2;Ideal;Vendedor;;;;
14:18:26.418;Agora;2.536,60;2;ABN;Vendedor;;;;
14:18:26.418;Agora;2.536,80;2;Ideal;Vendedor;;;;
14:18:26.417;Agora;2.536,90;2;ABN;Vendedor;;;;
14:18:26.417;Agora;2.537,00;2;ABN;Vendedor;;;;
14:18:00.530;ABN;2.540,20;10;Genial;Vendedor;;;;
14:17:19.248;UBS;2.540,80;1;BGC Liquidez;Comprador;;;;
14:16:01.693;ABN;2.539,50;4;Nova Futura;Vendedor;;;;
14:10:06.559;Inter;2.534,90;1;Agora;Comprador;;;;
14:06:30.851;ABN;2.535,40;1;BGC Liquidez;Comprador;;;;
14:06:30.851;ABN;2.535,40;2;Agora;Comprador;;;;
13:58:50.621;UBS;2.535,10;1;XP;Vendedor;;;;
13:58:45.886;BTG;2.535,00;1;Ideal;Vendedor;;;;
13:52:12.896;Ideal;2.544,90;1;BTG;Comprador;;;;
13:52:12.896;Ideal;2.544,90;2;Agora;Comprador;;;;
13:52:12.895;UBS;2.544,70;1;BGC Liquidez;Comprador;;;;
13:52:12.895;UBS;2.544,70;1;BTG;Comprador;;;;
13:52:12.895;UBS;2.544,70;2;Agora;Comprador;;;;
13:52:12.895;UBS;2.544,60;2;BTG;Comprador;;;;
13:52:12.895;Ideal;2.544,60;2;Agora;Comprador;;;;
13:52:12.895;Ideal;2.544,50;2;Agora;Comprador;;;;
13:52:12.894;ABN;2.544,30;1;BTG;Comprador;;;;
13:52:12.894;ABN;2.544,30;2;Agora;Comprador;;;;
13:52:12.892;Ideal;2.543,90;2;BTG;Comprador;;;;
13:52:12.892;Ideal;2.543,90;2;Agora;Comprador;;;;
13:52:10.446;Ideal;2.543,80;2;Agora;Comprador;;;;
13:52:10.446;Ideal;2.543,80;1;Inter;Comprador;;;;
13:52:10.434;Ideal;2.543,10;1;BGC Liquidez;Comprador;;;;
13:52:10.434;Ideal;2.543,10;2;Agora;Comprador;;;;
13:52:04.489;UBS;2.541,20;10;Ideal;Vendedor;;;;
13:52:04.485;ABN;2.541,50;2;Agora;Comprador;;;;
13:52:04.485;ABN;2.541,50;2;BTG;Comprador;;;;
13:51:43.914;Ideal;2.540,50;2;Agora;Comprador;;;;
13:51:43.913;Ideal;2.540,50;1;BTG;Comprador;;;;
13:50:20.030;Nova Futura;2.538,20;1;Ideal;Comprador;;;;
13:50:12.132;Agora;2.538,20;1;Agora;Vendedor;;;;
13:48:32.169;BTG;2.538,40;2;Agora;Vendedor;;;;
13:48:32.159;UBS;2.539,30;5;ABN;Comprador;;;;
13:48:32.159;UBS;2.539,30;2;Agora;Comprador;;;;
13:48:32.153;ABN;2.538,60;1;BGC Liquidez;Comprador;;;;
13:48:32.153;ABN;2.538,60;2;Agora;Comprador;;;;
13:48:16.025;Agora;2.535,90;4;UBS;Comprador;;;;
13:48:16.025;Agora;2.535,90;1;UBS;Comprador;;;;
13:48:16.025;Agora;2.535,90;1;UBS;Comprador;;;;
13:48:16.025;Agora;2.535,90;1;UBS;Comprador;;;;
13:48:16.025;Agora;2.535,90;1;UBS;Comprador;;;;
13:47:54.023;Ideal;2.537,10;3;UBS;Comprador;;;;
13:47:27.552;ABN;2.535,10;1;BTG;Vendedor;;;;
13:47:06.879;ABN;2.535,60;10;Ideal;Vendedor;;;;
13:47:06.662;Santander;2.536,50;1;ABN;Vendedor;;;;
13:47:06.662;Santander;2.536,50;1;Agora;Vendedor;;;;
13:47:06.396;Agora;2.536,80;1;BGC Liquidez;Comprador;;;;
13:47:06.104;Ideal;2.537,40;1;BTG;Comprador;;;;
13:47:06.103;Ideal;2.537,40;1;BTG;Comprador;;;;
13:47:06.101;Ideal;2.535,70;1;BGC Liquidez;Comprador;;;;
13:47:05.774;UBS;2.534,50;1;BGC Liquidez;Comprador;;;;
13:47:05.774;UBS;2.534,50;1;Agora;Comprador;;;;
13:47:05.774;Agora;2.534,50;1;Agora;Comprador;;;;
13:34:25.115;Agora;2.529,20;2;Agora;Vendedor;;;;
13:34:25.115;Santander;2.529,30;1;Ideal;Vendedor;;;;
13:34:25.115;Agora;2.529,30;2;Ideal;Vendedor;;;;
13:32:19.484;Agora;2.532,60;1;Santander;Comprador;;;;
13:32:19.153;Agora;2.532,60;1;Santander;Comprador;;;;
13:32:19.153;Agora;2.532,60;1;Santander;Comprador;;;;
13:31:40.100;UBS;2.532,50;1;Agora;Vendedor;;;;
13:31:40.100;UBS;2.532,50;4;Agora;Vendedor;;;;
13:31:40.100;UBS;2.532,50;1;Ideal;Vendedor;;;;
13:31:40.100;UBS;2.532,50;4;Ideal;Vendedor;;;;
13:31:40.086;Santander;2.533,10;1;ABN;Vendedor;;;;
13:31:40.060;Santander;2.533,10;1;Agora;Vendedor;;;;
13:31:40.042;Santander;2.533,10;1;Ideal;Vendedor;;;;
13:31:39.966;BTG;2.532,90;1;Ideal;Vendedor;;;;
13:31:39.964;BTG;2.533,00;2;Ideal;Vendedor;;;;
13:31:39.944;BTG;2.532,60;2;Ideal;Vendedor;;;;
13:31:39.944;BTG;2.532,70;1;Ideal;Vendedor;;;;
13:31:39.943;BTG;2.532,80;2;Ideal;Vendedor;;;;
13:31:39.943;BTG;2.532,80;2;Ideal;Vendedor;;;;
13:31:39.942;BTG;2.532,90;1;Ideal;Vendedor;;;;
13:31:39.910;Ideal;2.533,00;2;Agora;Comprador;;;;
13:31:39.907;ABN;2.533,30;2;Agora;Comprador;;;;
13:31:39.907;ABN;2.533,10;2;Agora;Comprador;;;;
13:31:39.906;ABN;2.533,00;2;Agora;Comprador;;;;
13:31:39.903;ABN;2.532,70;1;BGC Liquidez;Comprador;;;;
13:31:39.903;ABN;2.532,70;2;Agora;Comprador;;;;
13:31:39.903;Ideal;2.532,60;2;Agora;Comprador;;;;
13:31:39.902;ABN;2.532,50;2;Agora;Comprador;;;;
13:31:39.902;ABN;2.532,50;2;BTG;Comprador;;;;
13:31:39.902;ABN;2.532,50;1;BTG;Comprador;;;;
13:31:39.897;Agora;2.532,30;1;BTG;Comprador;;;;
13:31:39.891;Genial;2.531,70;1;Agora;Comprador;;;;
13:31:39.891;Agora;2.531,70;1;Agora;Comprador;;;;
13:31:11.568;Ideal;2.529,00;2;Agora;Comprador;;;;
13:29:41.082;Agora;2.527,80;2;ABN;Vendedor;;;;
13:29:41.081;Agora;2.527,80;9;UBS;Vendedor;;;;
13:29:41.081;Agora;2.527,80;2;UBS;Vendedor;;;;
13:29:41.081;Agora;2.528,10;2;ABN;Vendedor;;;;
13:29:41.081;Agora;2.528,20;2;ABN;Vendedor;;;;
13:29:41.080;Agora;2.528,30;2;Ideal;Vendedor;;;;
13:28:52.996;Agora;2.527,80;2;ABN;Vendedor;;;;
13:28:52.996;Agora;2.527,90;2;Agora;Vendedor;;;;
13:27:56.770;Agora;2.525,70;1;ABN;Vendedor;;;;
13:27:56.770;Agora;2.525,70;1;Ideal;Vendedor;;;;
13:27:56.769;Agora;2.526,00;1;Ideal;Vendedor;;;;
13:27:56.769;BTG;2.526,00;1;Ideal;Vendedor;;;;
13:27:53.448;ABN;2.526,30;1;Santander;Comprador;;;;
13:27:38.328;Agora;2.526,30;2;Santander;Comprador;;;;
13:27:17.195;UBS;2.523,90;1;BTG;Vendedor;;;;
13:27:13.376;Agora;2.524,60;2;Ideal;Vendedor;;;;
13:26:42.453;BTG;2.527,60;2;UBS;Comprador;;;;
13:26:36.748;Agora;2.526,10;2;Ideal;Vendedor;;;;
13:26:36.747;UBS;2.526,50;2;Ideal;Vendedor;;;;
13:26:36.738;UBS;2.526,50;1;Ideal;Vendedor;;;;
13:26:36.735;Agora;2.527,00;2;Ideal;Vendedor;;;;
13:26:36.732;Agora;2.527,80;2;Ideal;Vendedor;;;;
13:26:36.731;BTG;2.527,80;2;Ideal;Vendedor;;;;
13:26:36.221;Ideal;2.528,70;1;UBS;Comprador;;;;
13:25:50.899;ABN;2.529,20;1;BTG;Vendedor;;;;
13:25:48.059;Agora;2.528,70;1;BTG;Vendedor;;;;
13:25:48.059;BTG;2.528,70;1;Genial;Vendedor;;;;
13:25:48.059;BTG;2.528,70;1;Genial;Vendedor;;;;
13:25:48.059;BTG;2.528,70;1;BTG;Vendedor;;;;
13:24:52.051;Agora;2.535,30;2;ABN;Vendedor;;;;
13:24:52.051;Agora;2.535,40;2;ABN;Vendedor;;;;
13:24:52.051;BTG;2.535,50;2;Agora;Vendedor;;;;
13:24:52.051;Agora;2.535,50;2;Agora;Vendedor;;;;
13:24:52.051;Agora;2.535,60;2;Agora;Vendedor;;;;
13:24:12.509;Terra;2.535,80;1;UBS;Comprador;;;;
13:24:04.955;Inter;2.538,50;1;Ideal;Vendedor;;;;
13:24:04.945;Ideal;2.539,20;1;Agora;Comprador;;;;
13:24:04.945;Ideal;2.539,10;2;Agora;Comprador;;;;
13:24:04.945;Ideal;2.539,10;2;BTG;Comprador;;;;
13:24:04.941;Ideal;2.538,70;1;Terra;Comprador;;;;
13:24:04.941;Ideal;2.538,60;2;Agora;Comprador;;;;
13:24:04.941;Ideal;2.538,60;1;BTG;Comprador;;;;
13:24:04.941;Ideal;2.538,40;1;Agora;Comprador;;;;
13:24:04.941;Ideal;2.538,40;1;Agora;Comprador;;;;
13:24:04.927;UBS;2.537,30;1;BGC Liquidez;Comprador;;;;
13:24:04.927;UBS;2.537,30;2;Agora;Comprador;;;;
13:24:04.921;Ideal;2.537,00;1;BTG;Comprador;;;;
13:24:04.921;Ideal;2.537,00;2;Agora;Comprador;;;;
13:24:02.217;Ideal;2.535,90;2;Agora;Comprador;;;;
13:24:02.217;ABN;2.535,80;1;Agora;Comprador;;;;
13:24:02.217;Ideal;2.535,80;1;Agora;Vendedor;;;;
13:24:02.217;Agora;2.536,00;1;Agora;Comprador;;;;
13:24:02.217;Agora;2.535,90;1;Agora;Comprador;;;;
13:24:02.217;Agora;2.535,90;1;Agora;Comprador;;;;
13:24:02.216;Ideal;2.535,80;1;BGC Liquidez;Comprador;;;;
13:24:02.216;Agora;2.535,80;1;Agora;Comprador;;;;
13:24:02.216;Agora;2.535,80;1;Agora;Comprador;;;;
13:24:02.216;Ideal;2.535,60;1;Agora;Comprador;;;;
13:24:02.216;Ideal;2.535,60;1;BTG;Comprador;;;;
13:23:07.176;Agora;2.533,70;1;Inter;Comprador;;;;
13:22:13.496;ABN;2.533,00;2;BTG;Vendedor;;;;
13:21:45.611;Inter;2.530,10;1;UBS;Comprador;;;;
13:21:36.622;UBS;2.530,50;1;BGC Liquidez;Comprador;;;;
13:21:36.622;UBS;2.530,50;2;Agora;Comprador;;;;
13:21:18.957;Inter;2.527,70;1;Agora;Comprador;;;;
13:20:55.455;Agora;2.526,20;2;Ideal;Vendedor;;;;
13:20:55.455;Agora;2.526,30;2;Ideal;Vendedor;;;;
13:20:55.455;Agora;2.526,40;2;Agora;Vendedor;;;;
13:20:55.454;Agora;2.526,60;1;Ideal;Vendedor;;;;
13:20:55.454;Agora;2.526,60;1;Ideal;Vendedor;;;;
13:20:55.454;BTG;2.526,60;1;Ideal;Vendedor;;;;
13:20:49.905;Terra;2.529,90;10;UBS;Comprador;;;;
13:19:48.167;Inter;2.532,30;1;Agora;Comprador;;;;
13:19:17.311;Ideal;2.535,80;2;Terra;Comprador;;;;
13:19:17.311;UBS;2.535,80;8;Terra;Comprador;;;;
13:19:10.825;Ideal;2.534,80;2;Agora;Comprador;;;;
13:19:10.825;Ideal;2.534,80;1;BTG;Comprador;;;;
13:19:10.824;Ideal;2.534,50;2;Agora;Comprador;;;;
13:19:10.824;Ideal;2.534,50;2;BTG;Comprador;;;;
13:19:10.822;Ideal;2.534,00;1;BGC Liquidez;Comprador;;;;
13:19:10.822;Ideal;2.534,00;2;Agora;Comprador;;;;
13:19:10.818;Ideal;2.533,00;1;BTG;Comprador;;;;
13:19:10.818;Ideal;2.533,00;2;Agora;Comprador;;;;
13:18:58.133;Ideal;2.532,90;2;Agora;Comprador;;;;
13:18:58.133;ABN;2.532,50;1;BGC Liquidez;Comprador;;;;
13:18:58.133;ABN;2.532,50;2;Agora;Comprador;;;;
13:18:58.132;Agora;2.532,40;1;BTG;Comprador;;;;
13:18:58.132;Agora;2.532,40;2;Agora;Comprador;;;;
13:18:58.132;Ideal;2.532,20;2;BTG;Comprador;;;;
13:18:58.132;Ideal;2.532,20;2;Agora;Comprador;;;;
13:18:58.131;Ideal;2.532,00;2;Agora;Comprador;;;;
13:18:58.131;Ideal;2.532,00;2;BTG;Comprador;;;;
13:18:58.130;Ideal;2.531,60;2;Agora;Comprador;;;;
13:18:58.130;Ideal;2.531,50;2;Agora;Comprador;;;;
13:18:58.130;Ideal;2.531,50;1;BTG;Comprador;;;;
13:18:28.878;Ideal;2.528,30;2;Agora;Comprador;;;;
13:18:28.878;Ideal;2.528,20;2;Agora;Comprador;;;;
13:18:28.214;Ideal;2.528,10;1;BTG;Comprador;;;;
13:18:28.214;Ideal;2.528,10;2;Agora;Comprador;;;;
13:18:28.214;Ideal;2.527,90;2;Agora;Comprador;;;;
13:18:28.214;Ideal;2.527,90;1;BTG;Comprador;;;;
13:18:28.213;Ideal;2.527,70;2;Agora;Comprador;;;;
13:18:28.213;Ideal;2.527,60;2;Agora;Comprador;;;;
13:18:22.356;Agora;2.527,70;2;Ideal;Vendedor;;;;
13:18:22.355;Agora;2.527,70;2;Ideal;Vendedor;;;;
13:18:06.348;UBS;2.526,80;1;Agora;Vendedor;;;;
13:18:06.348;UBS;2.526,80;2;Agora;Vendedor;;;;
13:18:06.347;UBS;2.526,80;2;Agora;Vendedor;;;;
13:18:06.224;Ideal;2.526,90;1;Agora;Comprador;;;;
13:18:06.223;Ideal;2.526,90;2;UBS;Comprador;;;;
13:18:06.223;Ideal;2.526,90;2;BTG;Comprador;;;;
13:18:06.223;Ideal;2.526,90;2;Agora;Comprador;;;;
13:18:06.222;Ideal;2.526,20;1;BGC Liquidez;Comprador;;;;
13:18:06.219;Ideal;2.526,20;1;Agora;Comprador;;;;
13:18:06.218;Ideal;2.526,20;1;Agora;Comprador;;;;
13:18:06.217;Ideal;2.526,00;1;BTG;Comprador;;;;
13:18:06.217;Ideal;2.526,00;2;Agora;Comprador;;;;
13:18:03.165;Genial;2.523,40;1;Agora;Comprador;;;;
13:18:03.165;Ideal;2.523,30;2;Agora;Comprador;;;;
13:18:03.165;Ideal;2.523,30;1;Inter;Comprador;;;;
13:17:30.210;Ideal;2.519,90;2;Agora;Comprador;;;;
13:17:30.209;Ideal;2.519,80;1;Agora;Comprador;;;;
13:17:30.209;Agora;2.519,80;1;Agora;Comprador;;;;
13:17:30.209;Agora;2.519,80;5;UBS;Comprador;;;;
13:17:30.209;Agora;2.519,80;2;UBS;Comprador;;;;
13:17:30.209;Agora;2.519,80;1;UBS;Comprador;;;;
13:17:30.209;Agora;2.519,80;1;UBS;Comprador;;;;
13:17:30.209;Agora;2.519,80;1;UBS;Comprador;;;;
13:17:17.568;Agora;2.520,10;2;Ideal;Vendedor;;;;
13:17:17.568;UBS;2.520,10;1;Ideal;Vendedor;;;;
13:16:05.928;Ideal;2.520,00;2;Agora;Comprador;;;;
13:16:05.928;Ideal;2.520,00;2;BTG;Comprador;;;;
13:16:01.138;ABN;2.518,40;1;Inter;Vendedor;;;;
13:15:33.943;UBS;2.517,70;2;Agora;Comprador;;;;
13:15:33.943;UBS;2.517,70;1;Inter;Comprador;;;;
13:15:22.235;Agora;2.515,40;2;Agora;Comprador;;;;
13:15:08.789;Agora;2.514,30;2;Ideal;Vendedor;;;;
13:15:08.789;UBS;2.514,40;10;Ideal;Vendedor;;;;
13:15:08.789;Agora;2.514,40;2;Ideal;Vendedor;;;;
13:11:38.070;XP;2.515,20;1;Agora;Comprador;;;;
13:10:07.278;Ideal;2.513,10;2;BTG;Comprador;;;;
13:10:07.278;Ideal;2.513,10;2;Agora;Comprador;;;;
13:01:36.068;Agora;2.512,60;2;Ideal;Vendedor;;;;
13:01:36.067;BTG;2.512,70;2;Ideal;Vendedor;;;;
13:01:36.067;Agora;2.512,70;2;Ideal;Vendedor;;;;
12:55:50.812;Inter;2.514,70;1;UBS;Comprador;;;;
12:55:48.735;Agora;2.513,80;2;ABN;Vendedor;;;;
12:55:48.734;Agora;2.513,70;2;ABN;Vendedor;;;;
12:55:48.734;Agora;2.513,80;2;ABN;Vendedor;;;;
12:55:48.734;Agora;2.514,10;2;ABN;Vendedor;;;;
12:55:48.734;Agora;2.514,20;2;ABN;Vendedor;;;;
12:55:48.733;Agora;2.514,30;2;Ideal;Vendedor;;;;
12:51:11.984;Ideal;2.514,60;2;Agora;Comprador;;;;
12:50:27.138;Agora;2.512,60;1;XP;Vendedor;;;;
12:45:44.076;Agora;2.513,70;1;Agora;Vendedor;;;;
12:45:44.076;Agora;2.513,80;2;Agora;Vendedor;;;;
12:45:44.076;UBS;2.513,80;5;Agora;Vendedor;;;;
12:45:44.076;UBS;2.513,80;5;Agora;Vendedor;;;;
12:45:09.679;Agora;2.514,30;2;Ideal;Vendedor;;;;
12:42:54.536;Ideal;2.515,50;1;Agora;Comprador;;;;
12:42:54.536;ABN;2.515,40;2;Agora;Comprador;;;;
12:41:36.367;Agora;2.514,80;2;Agora;Comprador;;;;
12:41:36.367;Agora;2.514,70;3;XP;Comprador;;;;
12:41:36.367;Agora;2.514,70;1;Agora;Comprador;;;;
12:41:36.367;Agora;2.514,70;1;Agora;Comprador;;;;
12:40:34.378;UBS;2.512,50;2;Agora;Vendedor;;;;
12:40:34.378;UBS;2.512,50;2;Agora;Vendedor;;;;
12:40:34.369;UBS;2.512,40;1;Agora;Vendedor;;;;
12:40:34.369;UBS;2.512,40;1;Agora;Vendedor;;;;
12:40:34.362;ABN;2.512,40;10;UBS;Comprador;;;;
12:40:34.362;ABN;2.512,40;2;Agora;Comprador;;;;
12:40:13.852;Agora;2.511,90;2;ABN;Vendedor;;;;
12:40:13.852;Agora;2.512,00;2;ABN;Vendedor;;;;
12:39:32.049;Agora;2.510,70;2;Agora;Vendedor;;;;
12:39:32.049;Agora;2.510,80;2;Ideal;Vendedor;;;;
12:39:32.049;Agora;2.510,80;10;Ideal;Vendedor;;;;
12:39:04.902;Ideal;2.512,90;1;Agora;Comprador;;;;
12:39:04.902;Ideal;2.512,90;2;BTG;Comprador;;;;
12:39:04.893;Ideal;2.511,90;1;BGC Liquidez;Comprador;;;;
12:39:04.875;Ideal;2.511,80;1;Agora;Comprador;;;;
12:39:04.871;Agora;2.510,60;1;Agora;Comprador;;;;
12:39:04.871;Agora;2.510,50;1;Agora;Comprador;;;;
12:39:04.871;Agora;2.510,50;1;Agora;Comprador;;;;
12:39:04.871;Ideal;2.510,40;2;Agora;Comprador;;;;
12:39:04.870;Agora;2.510,40;1;BTG;Comprador;;;;
12:38:47.233;BTG;2.511,80;1;Agora;Comprador;;;;
12:34:54.733;Agora;2.514,90;2;Ideal;Vendedor;;;;
12:34:50.219;Ideal;2.514,10;6;UBS;Comprador;;;;
12:34:50.219;Ideal;2.514,10;2;BTG;Comprador;;;;
12:34:50.219;Ideal;2.514,10;2;Agora;Comprador;;;;
12:33:57.450;Ideal;2.513,60;2;Agora;Comprador;;;;
12:33:50.090;XP;2.512,50;1;Agora;Vendedor;;;;
12:32:36.000;Ideal;2.508,50;2;Agora;Comprador;;;;
12:32:36.000;Ideal;2.508,30;2;Agora;Comprador;;;;
12:32:30.428;Ideal;2.508,10;2;Agora;Comprador;;;;
12:32:30.427;ABN;2.508,00;10;UBS;Comprador;;;;
12:32:30.427;ABN;2.508,00;2;BTG;Comprador;;;;
12:32:30.427;ABN;2.508,00;1;Agora;Comprador;;;;
12:32:30.427;Agora;2.508,00;1;Agora;Comprador;;;;
12:32:30.423;Agora;2.507,30;2;Agora;Comprador;;;;
12:32:30.423;Agora;2.507,20;1;BGC Liquidez;Comprador;;;;
12:32:30.423;Agora;2.507,20;2;Agora;Comprador;;;;
12:32:29.535;Agora;2.505,50;1;ABN;Vendedor;;;;
12:32:29.157;ABN;2.506,80;5;UBS;Vendedor;;;;
12:32:29.039;ABN;2.507,00;4;UBS;Vendedor;;;;
12:32:29.039;BTG;2.507,00;2;UBS;Vendedor;;;;
12:32:29.039;ABN;2.507,00;3;UBS;Vendedor;;;;
12:32:29.039;ABN;2.507,00;7;BTG;Vendedor;;;;
12:32:29.038;BTG;2.507,10;1;UBS;Vendedor;;;;
12:32:29.038;ABN;2.507,10;8;UBS;Vendedor;;;;
12:32:29.038;ABN;2.507,10;2;UBS;Vendedor;;;;
12:32:29.038;ABN;2.507,10;10;UBS;Vendedor;;;;
12:32:28.920;BTG;2.507,20;1;ABN;Vendedor;;;;
12:32:28.390;BTG;2.507,20;1;Ideal;Vendedor;;;;
12:32:28.239;BTG;2.507,30;1;Agora;Vendedor;;;;
12:32:28.239;BTG;2.507,40;1;Agora;Vendedor;;;;
12:32:28.179;BTG;2.507,40;1;Agora;Vendedor;;;;
12:32:28.170;BTG;2.507,80;1;Agora;Vendedor;;;;
12:32:28.169;BTG;2.507,80;1;Agora;Vendedor;;;;
12:32:28.166;BTG;2.507,90;1;Agora;Vendedor;;;;
12:32:28.151;BTG;2.508,00;2;Ideal;Vendedor;;;;
12:32:28.151;BTG;2.508,10;1;ABN;Vendedor;;;;
12:32:28.151;UBS;2.508,10;10;ABN;Vendedor;;;;
12:32:28.023;UBS;2.509,00;1;BTG;Comprador;;;;
12:32:28.021;Ideal;2.508,90;1;BTG;Comprador;;;;
12:32:28.021;Ideal;2.508,90;1;Agora;Comprador;;;;
12:32:28.021;ABN;2.508,90;1;Agora;Comprador;;;;
12:32:28.021;ABN;2.508,80;2;BTG;Comprador;;;;
12:32:28.021;ABN;2.508,80;2;Agora;Comprador;;;;
12:32:28.018;UBS;2.508,70;4;ABN;Comprador;;;;
12:32:28.018;UBS;2.508,70;10;Agora;Comprador;;;;
12:32:28.018;UBS;2.508,70;2;Agora;Comprador;;;;
12:32:28.018;UBS;2.508,60;2;ABN;Comprador;;;;
12:32:28.018;UBS;2.508,60;8;ABN;Comprador;;;;
12:32:27.989;Ideal;2.508,20;2;BTG;Vendedor;;;;
12:32:27.989;Ideal;2.508,20;2;UBS;Vendedor;;;;
12:32:27.961;Ideal;2.507,70;2;Agora;Comprador;;;;
12:32:27.944;ABN;2.507,50;2;Agora;Comprador;;;;
12:32:27.944;Ideal;2.507,30;2;Agora;Comprador;;;;
12:32:27.944;ABN;2.507,20;2;Agora;Comprador;;;;
12:32:27.935;Ideal;2.507,00;2;Agora;Comprador;;;;
12:32:27.931;ABN;2.506,40;1;BGC Liquidez;Comprador;;;;
12:32:27.931;ABN;2.506,40;10;UBS;Comprador;;;;
12:32:27.931;ABN;2.506,40;2;Agora;Comprador;;;;
12:32:27.919;Agora;2.505,50;1;Agora;Comprador;;;;
12:32:27.919;Agora;2.505,40;2;Agora;Comprador;;;;
12:32:27.919;Agora;2.505,30;2;UBS;Comprador;;;;
12:32:27.919;Agora;2.505,30;2;Agora;Comprador;;;;
12:31:57.069;Inter;2.505,70;1;Ideal;Comprador;;;;
12:30:00.340;ABN;2.506,50;2;Agora;Comprador;;;;
12:30:00.340;ABN;2.506,40;2;Agora;Comprador;;;;
12:30:00.340;Agora;2.506,40;1;UBS;Comprador;;;;
12:30:00.340;Agora;2.506,40;2;UBS;Comprador;;;;
12:30:00.340;Agora;2.506,40;2;Agora;Comprador;;;;
12:24:04.613;Agora;2.508,20;2;Ideal;Vendedor;;;;
12:24:04.613;Agora;2.508,30;1;Ideal;Vendedor;;;;
12:24:04.613;Agora;2.508,30;1;Agora;Vendedor;;;;
12:24:04.612;UBS;2.508,30;1;Agora;Vendedor;;;;
12:24:04.612;UBS;2.508,30;1;Agora;Vendedor;;;;
12:24:04.612;UBS;2.508,30;1;Agora;Vendedor;;;;
12:24:04.612;UBS;2.508,30;1;Agora;Vendedor;;;;
12:24:04.612;Agora;2.508,40;2;ABN;Vendedor;;;;
12:24:04.612;BTG;2.508,40;2;ABN;Vendedor;;;;
12:21:56.873;XP;2.511,10;7;ABN;Comprador;;;;
12:21:56.873;XP;2.511,10;1;Inter;Comprador;;;;
12:21:56.873;XP;2.511,10;2;Agora;Comprador;;;;
12:19:04.289;ABN;2.511,40;1;Inter;Comprador;;;;
12:17:52.867;Agora;2.511,70;2;ABN;Vendedor;;;;
12:17:52.867;Agora;2.511,80;2;ABN;Vendedor;;;;
12:17:52.866;BTG;2.511,90;2;ABN;Vendedor;;;;
12:17:52.866;Agora;2.511,90;2;ABN;Vendedor;;;;
12:17:52.866;Agora;2.512,00;2;Agora;Vendedor;;;;
12:17:32.102;Agora;2.514,20;1;Inter;Comprador;;;;
12:17:05.363;Agora;2.512,80;2;Agora;Comprador;;;;
12:11:07.110;BGC Liquidez;2.509,30;1;UBS;Vendedor;;;;
12:11:06.775;BGC Liquidez;2.510,00;1;ABN;Vendedor;;;;
12:11:04.929;Agora;2.510,70;2;Ideal;Vendedor;;;;
12:11:04.929;BGC Liquidez;2.510,70;1;Ideal;Vendedor;;;;
12:09:51.987;Agora;2.511,60;2;Agora;Vendedor;;;;
12:09:51.987;BGC Liquidez;2.511,70;1;Agora;Vendedor;;;;
12:09:51.987;Agora;2.511,70;2;Agora;Vendedor;;;;
12:09:41.428;Agora;2.513,20;1;Ideal;Vendedor;;;;
12:08:55.185;BGC Liquidez;2.513,80;1;Agora;Vendedor;;;;
12:08:55.185;Agora;2.513,80;2;Agora;Vendedor;;;;
12:08:43.388;BGC Liquidez;2.513,70;1;Agora;Vendedor;;;;
12:08:33.889;BGC Liquidez;2.512,80;1;Agora;Vendedor;;;;
12:08:33.186;BGC Liquidez;2.513,10;1;UBS;Vendedor;;;;
12:08:33.170;BTG;2.512,80;1;Ideal;Vendedor;;;;
12:08:21.154;Agora;2.512,70;2;UBS;Comprador;;;;
12:08:21.154;Agora;2.512,70;2;Agora;Comprador;;;;
12:08:13.672;BGC Liquidez;2.512,10;1;Agora;Vendedor;;;;
12:07:55.815;Agora;2.512,20;1;Agora;Vendedor;;;;
12:07:55.815;Agora;2.512,20;1;Agora;Vendedor;;;;
12:07:55.815;BGC Liquidez;2.512,20;1;Agora;Vendedor;;;;
12:07:30.900;Agora;2.512,80;2;Agora;Comprador;;;;
12:07:30.899;Agora;2.512,70;1;UBS;Comprador;;;;
12:07:30.899;Agora;2.512,70;2;Agora;Comprador;;;;
12:07:24.707;Agora;2.512,10;1;XP;Vendedor;;;;
12:07:24.707;Agora;2.512,20;2;XP;Vendedor;;;;
12:07:24.707;Agora;2.512,30;2;XP;Vendedor;;;;
12:07:24.707;Agora;2.512,40;2;XP;Vendedor;;;;
12:07:24.707;Agora;2.512,50;2;XP;Vendedor;;;;
12:07:24.707;BGC Liquidez;2.512,50;1;XP;Vendedor;;;;
12:06:46.270;Agora;2.513,70;2;ABN;Vendedor;;;;
12:06:46.270;BTG;2.513,70;1;ABN;Vendedor;;;;
12:06:46.270;Agora;2.513,80;2;ABN;Vendedor;;;;
12:06:46.269;BGC Liquidez;2.514,20;1;ABN;Vendedor;;;;
12:06:46.269;Agora;2.514,20;2;ABN;Vendedor;;;;
12:06:46.268;Agora;2.514,30;2;ABN;Vendedor;;;;
12:06:43.558;BGC Liquidez;2.515,00;1;Agora;Vendedor;;;;
12:06:43.558;Agora;2.515,00;2;Agora;Vendedor;;;;
12:06:28.973;ABN;2.515,60;1;BGC Liquidez;Comprador;;;;
12:06:28.973;Ideal;2.515,60;2;Agora;Comprador;;;;
12:06:27.573;ABN;2.514,80;2;Agora;Comprador;;;;
12:06:27.573;ABN;2.514,80;1;BGC Liquidez;Comprador;;;;
12:06:20.450;Ideal;2.513,20;1;BGC Liquidez;Comprador;;;;
12:06:20.450;Ideal;2.513,20;2;Agora;Comprador;;;;
12:06:11.993;Ideal;2.513,70;2;Agora;Comprador;;;;
12:06:11.993;Ideal;2.513,70;1;BGC Liquidez;Comprador;;;;
12:06:06.648;ABN;2.513,50;2;Agora;Comprador;;;;
12:06:06.648;ABN;2.513,50;1;BGC Liquidez;Comprador;;;;
12:06:04.680;Agora;2.513,20;1;BGC Liquidez;Comprador;;;;
12:05:52.610;BGC Liquidez;2.510,40;1;Agora;Vendedor;;;;
12:05:50.930;ABN;2.510,90;2;Agora;Comprador;;;;
12:05:50.930;ABN;2.510,80;2;Agora;Comprador;;;;
12:05:50.928;ABN;2.510,50;2;Agora;Comprador;;;;
12:05:50.928;ABN;2.510,50;1;BGC Liquidez;Comprador;;;;
12:05:45.242;Ideal;2.512,30;2;Agora;Comprador;;;;
12:05:45.242;Ideal;2.512,30;1;BGC Liquidez;Comprador;;;;
12:05:44.432;Agora;2.511,50;1;Agora;Comprador;;;;
12:05:43.689;BTG;2.512,40;1;Ideal;Vendedor;;;;
12:05:43.689;BTG;2.512,40;1;UBS;Vendedor;;;;
12:05:43.562;Agora;2.511,60;1;BTG;Comprador;;;;
12:05:43.562;Agora;2.511,40;1;BTG;Comprador;;;;
12:05:43.562;Agora;2.511,20;1;BTG;Comprador;;;;
12:05:43.562;Agora;2.511,10;1;BGC Liquidez;Comprador;;;;
12:05:43.276;Ideal;2.510,20;1;BGC Liquidez;Comprador;;;;
12:05:43.012;Ideal;2.510,40;2;Agora;Comprador;;;;
12:05:43.012;Ideal;2.510,30;7;UBS;Comprador;;;;
12:05:43.012;Ideal;2.510,30;3;UBS;Comprador;;;;
12:05:42.893;Ideal;2.510,10;1;BTG;Vendedor;;;;
12:05:42.891;Agora;2.510,10;1;BGC Liquidez;Comprador;;;;
12:05:42.833;BTG;2.509,10;1;Agora;Vendedor;;;;
12:05:42.833;BTG;2.509,20;1;Agora;Vendedor;;;;
12:05:42.833;BTG;2.509,30;1;Agora;Vendedor;;;;
12:05:42.815;Ideal;2.509,70;1;UBS;Comprador;;;;
12:05:42.673;BTG;2.507,90;1;Agora;Vendedor;;;;
12:05:42.672;BTG;2.508,00;1;Ideal;Vendedor;;;;
12:05:42.657;BTG;2.508,30;1;Agora;Vendedor;;;;
12:05:42.657;BTG;2.508,40;1;Agora;Vendedor;;;;
12:05:42.600;ABN;2.509,20;2;Agora;Comprador;;;;
12:05:42.600;ABN;2.509,10;2;Agora;Comprador;;;;
12:05:42.595;ABN;2.507,90;1;BGC Liquidez;Comprador;;;;
12:05:42.595;ABN;2.507,90;2;Agora;Comprador;;;;
12:05:40.472;Ideal;2.509,50;1;BTG;Comprador;;;;
12:05:40.472;Ideal;2.509,40;2;BTG;Comprador;;;;
12:05:40.427;BTG;2.507,90;1;Ideal;Vendedor;;;;
12:05:40.427;BTG;2.508,00;2;Ideal;Vendedor;;;;
12:05:40.427;UBS;2.508,00;8;Ideal;Vendedor;;;;
12:05:40.376;Ideal;2.509,00;2;BTG;Comprador;;;;
12:05:40.366;Ideal;2.508,50;1;BTG;Comprador;;;;
12:05:40.335;Ideal;2.506,80;1;BGC Liquidez;Comprador;;;;
12:05:39.655;Ideal;2.504,40;1;Ideal;Comprador;;;;
12:05:39.654;UBS;2.504,30;1;Ideal;Vendedor;;;;
12:05:39.654;UBS;2.504,30;1;Ideal;Vendedor;;;;
12:05:39.653;UBS;2.504,80;2;Agora;Comprador;;;;
12:05:39.653;UBS;2.504,80;1;Ideal;Comprador;;;;
12:05:39.653;Ideal;2.504,80;1;Agora;Comprador;;;;
12:05:39.653;UBS;2.504,80;1;Agora;Comprador;;;;
12:05:39.652;ABN;2.505,20;2;Agora;Comprador;;;;
12:05:39.652;UBS;2.505,20;9;Ideal;Comprador;;;;
12:05:39.652;UBS;2.505,10;1;Ideal;Comprador;;;;
12:05:39.651;UBS;2.505,20;7;Ideal;Vendedor;;;;
12:05:39.651;UBS;2.505,20;1;Ideal;Vendedor;;;;
12:05:39.651;ABN;2.506,00;2;Agora;Comprador;;;;
12:05:39.651;UBS;2.505,20;2;Agora;Vendedor;;;;
12:05:39.651;Ideal;2.505,80;2;ABN;Comprador;;;;
12:05:39.651;ABN;2.505,70;1;BTG;Comprador;;;;
12:05:39.651;ABN;2.505,70;2;Agora;Comprador;;;;
12:05:39.651;ABN;2.505,60;2;Agora;Comprador;;;;
12:05:39.650;Ideal;2.505,30;1;BGC Liquidez;Comprador;;;;
12:05:39.650;Ideal;2.505,30;2;Agora;Comprador;;;;
12:05:39.649;ABN;2.505,20;2;Agora;Comprador;;;;
12:05:39.649;ABN;2.505,20;10;UBS;Comprador;;;;
12:05:24.336;Ideal;2.504,10;2;Agora;Comprador;;;;
12:04:33.700;Ideal;2.506,10;1;Agora;Comprador;;;;
12:04:33.700;Ideal;2.506,30;1;Agora;Vendedor;;;;
12:04:33.700;ABN;2.506,00;1;Agora;Comprador;;;;
12:04:33.700;Ideal;2.506,00;1;Agora;Vendedor;;;;
12:04:33.700;Agora;2.506,20;2;Agora;Comprador;;;;
12:04:33.700;Agora;2.506,10;2;Agora;Comprador;;;;
12:04:33.700;ABN;2.506,00;9;UBS;Comprador;;;;
12:04:33.700;ABN;2.506,00;1;Agora;Comprador;;;;
12:04:33.699;Ideal;2.506,00;1;Agora;Comprador;;;;
12:04:33.699;Ideal;2.506,00;1;BTG;Comprador;;;;
12:02:14.178;Agora;2.504,30;2;Agora;Vendedor;;;;
12:02:14.178;Agora;2.504,40;1;Agora;Vendedor;;;;
12:02:14.177;Agora;2.504,40;1;Agora;Vendedor;;;;
12:00:06.686;UBS;2.506,20;9;BTG;Vendedor;;;;
12:00:04.113;UBS;2.506,70;3;Ideal;Vendedor;;;;
12:00:02.612;UBS;2.506,30;10;BTG;Vendedor;;;;
12:00:02.569;UBS;2.506,40;1;Agora;Comprador;;;;
12:00:02.569;UBS;2.506,40;10;BTG;Vendedor;;;;
12:00:01.008;Ideal;2.506,80;1;BTG;Comprador;;;;
12:00:01.008;Ideal;2.506,70;1;BTG;Comprador;;;;
12:00:00.991;BTG;2.506,40;1;ABN;Comprador;;;;
12:00:00.991;BTG;2.506,40;4;ABN;Comprador;;;;
12:00:00.990;BTG;2.508,00;6;Agora;Comprador;;;;
12:00:00.990;BTG;2.508,00;2;BTG;Comprador;;;;
12:00:00.990;BTG;2.508,00;2;Agora;Comprador;;;;
12:00:00.990;BTG;2.507,90;2;Agora;Comprador;;;;
12:00:00.990;BTG;2.507,80;2;Agora;Comprador;;;;
12:00:00.990;BTG;2.507,80;2;BTG;Comprador;;;;
12:00:00.990;BTG;2.507,70;2;Agora;Comprador;;;;
12:00:00.990;BTG;2.507,50;5;ABN;Comprador;;;;
12:00:00.990;BTG;2.507,50;10;Agora;Comprador;;;;
12:00:00.990;BTG;2.507,40;1;BTG;Comprador;;;;
12:00:00.990;BTG;2.506,40;2;BTG;Comprador;;;;
12:00:00.990;BTG;2.506,30;1;ABN;Comprador;;;;
12:00:00.990;BTG;2.507,00;10;Agora;Comprador;;;;
12:00:00.990;BTG;2.506,50;1;BTG;Comprador;;;;
12:00:00.990;BTG;2.506,50;10;Agora;Comprador;;;;
12:00:00.990;BTG;2.506,40;1;ABN;Comprador;;;;
12:00:00.990;BTG;2.506,40;1;BTG;Comprador;;;;
12:00:00.990;BTG;2.504,10;1;ABN;Comprador;;;;
12:00:00.989;BTG;2.504,10;9;ABN;Comprador;;;;
12:00:00.989;BTG;2.503,90;1;BTG;Comprador;;;;
12:00:00.989;UBS;2.504,00;8;ABN;Comprador;;;;
12:00:00.989;UBS;2.504,00;1;ABN;Comprador;;;;
12:00:00.989;UBS;2.504,00;1;ABN;Comprador;;;;
12:00:00.989;Agora;2.498,00;10;UBS;Comprador;;;;
12:00:00.966;BTG;2.504,20;1;Ideal;Comprador;;;;
12:00:00.952;Ideal;2.505,00;6;UBS;Comprador;;;;
12:00:00.952;Agora;2.505,00;2;UBS;Comprador;;;;
12:00:00.952;Ideal;2.505,80;9;UBS;Vendedor;;;;
12:00:00.952;Ideal;2.505,80;3;UBS;Comprador;;;;
12:00:00.951;Ideal;2.505,80;1;UBS;Comprador;;;;
12:00:00.951;Agora;2.505,80;6;UBS;Comprador;;;;
12:00:00.951;UBS;2.505,50;10;Ideal;Vendedor;;;;
12:00:00.951;ABN;2.504,70;1;BTG;Vendedor;;;;
12:00:00.951;ABN;2.504,70;9;BTG;Vendedor;;;;
12:00:00.951;ABN;2.504,70;1;BTG;Vendedor;;;;
12:00:00.951;UBS;2.505,10;1;BTG;Vendedor;;;;
12:00:00.951;UBS;2.505,10;9;BTG;Vendedor;;;;
12:00:00.950;Ideal;2.496,80;2;UBS;Comprador;;;;
12:00:00.950;Ideal;2.496,60;10;UBS;Comprador;;;;
12:00:00.949;ABN;2.504,90;10;BTG;Vendedor;;;;
12:00:00.949;UBS;2.504,90;10;Ideal;Vendedor;;;;
12:00:00.949;Ideal;2.505,10;9;UBS;Comprador;;;;
12:00:00.949;Ideal;2.505,10;1;UBS;Comprador;;;;
12:00:00.949;Ideal;2.506,60;2;BTG;Comprador;;;;
12:00:00.949;Ideal;2.506,50;1;BTG;Comprador;;;;
12:00:00.949;Ideal;2.506,30;2;BTG;Comprador;;;;
12:00:00.948;ABN;2.505,20;10;UBS;Vendedor;;;;
12:00:00.947;Ideal;2.506,00;2;BTG;Comprador;;;;
12:00:00.946;Ideal;2.506,50;7;UBS;Comprador;;;;
12:00:00.946;BTG;2.504,20;1;Agora;Vendedor;;;;
12:00:00.946;BTG;2.504,30;2;Agora;Vendedor;;;;
12:00:00.946;BTG;2.504,30;1;Agora;Vendedor;;;;
12:00:00.946;BTG;2.504,40;1;Agora;Vendedor;;;;
12:00:00.946;BTG;2.504,40;1;Agora;Vendedor;;;;
12:00:00.946;BTG;2.504,50;1;Agora;Vendedor;;;;
12:00:00.946;BTG;2.504,50;1;Agora;Vendedor;;;;
12:00:00.946;Agora;2.504,60;2;Agora;Vendedor;;;;
12:00:00.946;BTG;2.504,60;1;Agora;Vendedor;;;;
12:00:00.946;BTG;2.504,60;1;Agora;Vendedor;;;;
12:00:00.946;Agora;2.504,70;2;Agora;Vendedor;;;;
12:00:00.946;BTG;2.504,70;1;Agora;Vendedor;;;;
12:00:00.946;BTG;2.504,70;1;Agora;Vendedor;;;;
12:00:00.946;Agora;2.504,80;2;Agora;Vendedor;;;;
12:00:00.946;BTG;2.504,80;1;Agora;Vendedor;;;;
12:00:00.946;Agora;2.504,90;2;Agora;Vendedor;;;;
12:00:00.946;BTG;2.504,90;1;Agora;Vendedor;;;;
12:00:00.945;Agora;2.505,00;2;Agora;Vendedor;;;;
12:00:00.945;BTG;2.505,00;1;Agora;Vendedor;;;;
12:00:00.945;Agora;2.505,10;2;Agora;Vendedor;;;;
12:00:00.945;BTG;2.505,10;1;Agora;Vendedor;;;;
12:00:00.945;Agora;2.505,20;2;Agora;Vendedor;;;;
12:00:00.945;BTG;2.505,20;1;Agora;Vendedor;;;;
12:00:00.945;Agora;2.505,30;2;Agora;Vendedor;;;;
12:00:00.945;BTG;2.505,30;1;Agora;Vendedor;;;;
12:00:00.945;Agora;2.505,40;2;Agora;Vendedor;;;;
12:00:00.945;BTG;2.505,40;2;Agora;Vendedor;;;;
12:00:00.945;Agora;2.505,50;2;Agora;Vendedor;;;;
12:00:00.945;BTG;2.505,50;1;Agora;Vendedor;;;;
12:00:00.945;Agora;2.505,60;2;Agora;Vendedor;;;;
12:00:00.945;BTG;2.505,60;2;Agora;Vendedor;;;;
12:00:00.945;Agora;2.505,70;2;Agora;Vendedor;;;;
12:00:00.945;BTG;2.505,70;1;Agora;Vendedor;;;;
12:00:00.945;Agora;2.505,80;2;Agora;Vendedor;;;;
12:00:00.945;BTG;2.505,80;2;Agora;Vendedor;;;;
12:00:00.945;Agora;2.505,90;2;Agora;Vendedor;;;;
12:00:00.945;Agora;2.506,00;2;Agora;Vendedor;;;;
12:00:00.945;Agora;2.506,30;2;ABN;Vendedor;;;;
12:00:00.945;Agora;2.506,40;2;UBS;Vendedor;;;;
12:00:00.944;Agora;2.506,50;2;Ideal;Vendedor;;;;
12:00:00.944;BTG;2.506,50;1;Ideal;Vendedor;;;;
12:00:00.944;Agora;2.506,60;1;Ideal;Vendedor;;;;
12:00:00.944;Agora;2.506,60;1;Ideal;Vendedor;;;;
12:00:00.944;UBS;2.506,60;9;Ideal;Vendedor;;;;
12:00:00.944;UBS;2.506,60;1;Ideal;Vendedor;;;;
11:58:58.205;Agora;2.508,90;1;Agora;Vendedor;;;;
11:58:58.205;BGC Liquidez;2.509,00;1;Agora;Vendedor;;;;
11:58:58.205;Agora;2.509,00;1;Agora;Vendedor;;;;
11:58:58.205;Agora;2.509,00;1;Agora;Vendedor;;;;
11:58:54.027;Agora;2.509,70;2;ABN;Vendedor;;;;
11:56:15.278;Ideal;2.507,50;2;Agora;Comprador;;;;
11:56:15.278;Ideal;2.507,40;1;BGC Liquidez;Comprador;;;;
11:56:15.278;Ideal;2.507,40;2;BTG;Comprador;;;;
11:56:15.278;Ideal;2.507,40;1;Agora;Comprador;;;;
11:56:15.277;Ideal;2.507,40;1;Agora;Comprador;;;;
11:55:59.892;BTG;2.507,20;1;Agora;Vendedor;;;;
11:55:59.892;BTG;2.507,30;1;Agora;Vendedor;;;;
11:55:59.892;Agora;2.507,30;2;Agora;Vendedor;;;;
11:55:44.547;UBS;2.506,90;1;Ideal;Comprador;;;;
11:55:44.461;Agora;2.507,40;2;ABN;Vendedor;;;;
11:55:44.452;Agora;2.507,80;2;Ideal;Vendedor;;;;
11:55:44.451;Agora;2.507,90;2;Ideal;Vendedor;;;;
11:55:44.451;Agora;2.508,00;2;Ideal;Vendedor;;;;
11:55:44.451;UBS;2.508,00;10;Ideal;Vendedor;;;;
11:55:44.449;Agora;2.508,40;1;Ideal;Vendedor;;;;
11:55:44.448;Agora;2.507,80;2;Ideal;Vendedor;;;;
11:55:44.447;Agora;2.508,20;1;Ideal;Vendedor;;;;
11:55:44.447;UBS;2.508,70;6;Ideal;Comprador;;;;
11:55:44.447;UBS;2.508,70;1;Ideal;Comprador;;;;
11:55:44.447;UBS;2.508,50;5;Ideal;Vendedor;;;;
11:55:44.447;Agora;2.508,50;2;Ideal;Vendedor;;;;
11:55:44.446;BGC Liquidez;2.509,20;1;Ideal;Vendedor;;;;
11:55:44.446;Agora;2.509,20;1;Ideal;Vendedor;;;;
11:55:44.446;Agora;2.509,20;1;Ideal;Vendedor;;;;
11:55:44.444;UBS;2.509,70;3;Ideal;Vendedor;;;;
11:55:44.444;UBS;2.509,70;1;Ideal;Vendedor;;;;
11:55:14.235;BTG;2.512,80;1;ABN;Comprador;;;;
11:55:14.235;BTG;2.512,80;2;Agora;Comprador;;;;
11:55:14.235;BTG;2.512,70;2;BTG;Comprador;;;;
11:55:14.235;BTG;2.512,70;2;Agora;Comprador;;;;
11:55:14.235;BTG;2.512,60;10;UBS;Comprador;;;;
11:55:14.235;BTG;2.512,60;1;BTG;Comprador;;;;
11:55:14.235;BTG;2.512,60;2;Agora;Comprador;;;;
11:55:14.235;BTG;2.512,50;5;ABN;Comprador;;;;
11:55:14.235;BTG;2.512,50;2;Agora;Comprador;;;;
11:55:14.235;BTG;2.512,40;10;ABN;Comprador;;;;
11:55:14.235;BTG;2.512,40;1;BGC Liquidez;Comprador;;;;
11:55:14.235;BTG;2.512,40;2;Agora;Comprador;;;;
11:55:01.553;BGC Liquidez;2.511,50;1;Ideal;Vendedor;;;;
11:55:01.553;Agora;2.511,50;2;Ideal;Vendedor;;;;
11:54:32.720;ABN;2.508,90;1;BGC Liquidez;Comprador;;;;
11:54:32.720;ABN;2.508,90;2;Agora;Comprador;;;;
11:52:14.644;Inter;2.511,20;1;ABN;Comprador;;;;
11:49:38.773;Ideal;2.513,80;1;Inter;Comprador;;;;
11:49:21.980;ABN;2.511,80;2;Agora;Comprador;;;;
11:49:21.979;Agora;2.511,70;2;BTG;Comprador;;;;
11:49:21.979;Agora;2.511,70;2;Agora;Comprador;;;;
11:46:02.549;Ideal;2.513,50;2;Agora;Comprador;;;;
11:46:02.549;Ideal;2.513,50;4;UBS;Comprador;;;;
11:46:02.549;Agora;2.513,50;1;UBS;Comprador;;;;
11:46:02.549;Ideal;2.513,50;3;UBS;Comprador;;;;
11:46:02.549;Agora;2.513,50;2;UBS;Comprador;;;;
11:46:02.273;Agora;2.512,80;1;Agora;Comprador;;;;
11:45:59.888;Ideal;2.513,60;2;Agora;Comprador;;;;
11:45:49.889;Ideal;2.512,50;2;Agora;Comprador;;;;
11:45:49.888;Ideal;2.512,40;2;Agora;Comprador;;;;
11:42:20.434;XP;2.505,50;4;UBS;Comprador;;;;
11:41:48.120;Agora;2.503,30;2;Ideal;Vendedor;;;;
11:41:48.120;BTG;2.503,30;2;Ideal;Vendedor;;;;
11:40:20.759;Inter;2.505,30;1;Agora;Comprador;;;;
11:38:38.241;UBS;2.506,40;1;Ideal;Vendedor;;;;
11:38:38.241;BTG;2.506,40;1;Ideal;Vendedor;;;;
11:38:38.241;BTG;2.506,40;1;Ideal;Vendedor;;;;
11:38:38.241;Agora;2.506,40;2;Ideal;Vendedor;;;;
11:38:36.107;Agora;2.507,80;2;Ideal;Vendedor;;;;
11:38:36.107;BGC Liquidez;2.507,80;1;Ideal;Vendedor;;;;
11:37:46.256;Agora;2.509,70;2;ABN;Vendedor;;;;
11:37:46.256;Agora;2.509,80;2;ABN;Vendedor;;;;
11:37:46.256;Agora;2.509,90;2;Agora;Vendedor;;;;
11:37:46.256;BTG;2.509,90;1;Agora;Vendedor;;;;
11:37:46.256;Agora;2.510,00;1;Agora;Vendedor;;;;
11:37:46.256;Agora;2.510,00;1;Agora;Vendedor;;;;
11:37:46.256;BTG;2.510,00;1;Agora;Vendedor;;;;
11:37:46.255;BTG;2.510,00;1;Agora;Vendedor;;;;
11:34:32.923;ABN;2.518,50;10;BTG;Vendedor;;;;
11:34:17.807;ABN;2.518,10;1;BGC Liquidez;Comprador;;;;
11:34:17.807;ABN;2.518,10;2;Agora;Comprador;;;;
11:33:55.778;Agora;2.516,40;2;ABN;Vendedor;;;;
11:32:04.751;ABN;2.517,20;8;BTG;Vendedor;;;;
11:32:04.751;Agora;2.517,20;2;BTG;Vendedor;;;;
11:32:03.919;UBS;2.517,20;10;BTG;Vendedor;;;;
11:32:03.121;ABN;2.517,90;7;BTG;Vendedor;;;;
11:32:03.121;BGC Liquidez;2.517,90;1;BTG;Vendedor;;;;
11:32:03.121;Agora;2.517,90;2;BTG;Vendedor;;;;
11:31:36.822;Ideal;2.517,90;1;BTG;Comprador;;;;
11:31:36.822;Ideal;2.517,90;2;Agora;Comprador;;;;
11:31:34.696;UBS;2.517,20;2;Agora;Comprador;;;;
11:31:34.696;Ideal;2.517,10;1;BGC Liquidez;Comprador;;;;
11:31:34.696;Ideal;2.517,10;2;Agora;Comprador;;;;
11:31:34.695;Ideal;2.516,60;2;Agora;Comprador;;;;
11:31:34.695;Ideal;2.516,50;2;Agora;Comprador;;;;
11:31:32.646;Ideal;2.516,30;2;Agora;Comprador;;;;
11:31:32.646;Ideal;2.516,20;2;Agora;Comprador;;;;
11:31:32.645;Ideal;2.516,10;2;Agora;Comprador;;;;
11:31:32.645;Ideal;2.516,00;1;BTG;Comprador;;;;
11:31:32.645;Ideal;2.516,00;2;Agora;Comprador;;;;
11:31:02.758;Ideal;2.515,50;1;BTG;Comprador;;;;
11:31:02.758;Ideal;2.515,50;2;Agora;Comprador;;;;
11:30:59.766;Agora;2.514,00;1;Agora;Vendedor;;;;
11:30:59.766;Agora;2.514,00;1;Agora;Vendedor;;;;
11:30:59.766;BGC Liquidez;2.514,00;1;Agora;Vendedor;;;;
11:30:56.332;Ideal;2.514,20;1;BGC Liquidez;Comprador;;;;
11:30:56.332;Ideal;2.514,20;2;Agora;Comprador;;;;
11:30:56.219;Ideal;2.513,50;1;Agora;Vendedor;;;;
11:30:56.219;Ideal;2.513,50;1;Agora;Vendedor;;;;
11:30:56.218;Ideal;2.513,50;2;Agora;Comprador;;;;
11:30:56.218;Ideal;2.513,50;1;UBS;Comprador;;;;
11:30:56.218;ABN;2.513,50;7;UBS;Comprador;;;;
11:30:56.218;Ideal;2.513,50;2;UBS;Comprador;;;;
11:29:57.840;BGC Liquidez;2.510,50;1;Agora;Vendedor;;;;
11:29:47.260;UBS;2.511,50;9;Ideal;Vendedor;;;;
11:29:47.260;UBS;2.511,50;1;Agora;Vendedor;;;;
11:29:47.260;UBS;2.511,40;1;Ideal;Comprador;;;;
11:29:47.259;ABN;2.511,50;2;Agora;Comprador;;;;
11:29:47.259;Ideal;2.511,40;2;Agora;Comprador;;;;
11:29:47.258;Agora;2.511,30;2;Agora;Comprador;;;;
11:29:47.258;Agora;2.511,30;2;BTG;Comprador;;;;
11:29:47.258;Agora;2.511,20;1;BTG;Comprador;;;;
11:29:47.258;Agora;2.511,20;2;Agora;Comprador;;;;
11:29:47.258;Agora;2.511,10;2;BTG;Comprador;;;;
11:29:47.258;Agora;2.511,10;2;Agora;Comprador;;;;
11:29:47.258;Agora;2.511,00;2;Agora;Comprador;;;;
11:29:47.258;Agora;2.510,90;1;BGC Liquidez;Comprador;;;;
11:29:47.258;Agora;2.510,90;2;Agora;Comprador;;;;
11:29:47.258;Agora;2.510,80;2;Agora;Comprador;;;;
11:29:47.258;Agora;2.510,70;2;Agora;Comprador;;;;
11:29:47.258;Ideal;2.510,60;2;Agora;Comprador;;;;
11:29:47.257;UBS;2.510,50;1;Agora;Comprador;;;;
11:29:47.256;Agora;2.510,50;1;Agora;Comprador;;;;
11:29:47.256;Agora;2.510,40;1;BTG;Comprador;;;;
11:29:47.256;Agora;2.510,40;2;Agora;Comprador;;;;
11:29:47.256;Agora;2.510,30;2;UBS;Comprador;;;;
11:29:47.256;Agora;2.510,30;1;BTG;Comprador;;;;
11:29:47.256;Agora;2.510,30;2;Agora;Comprador;;;;
11:29:47.256;Ideal;2.510,20;1;Agora;Comprador;;;;
11:29:47.256;Ideal;2.510,20;1;Agora;Comprador;;;;
11:29:47.256;Ideal;2.510,20;1;BTG;Comprador;;;;
11:28:18.307;Ideal;2.510,90;1;Agora;Comprador;;;;
11:27:59.247;Agora;2.507,50;1;Agora;Comprador;;;;
11:27:59.247;Agora;2.507,50;1;Agora;Comprador;;;;
11:26:42.422;Agora;2.501,60;5;UBS;Comprador;;;;
11:26:42.418;Agora;2.501,40;2;ABN;Vendedor;;;;
11:26:42.418;Agora;2.501,50;2;UBS;Vendedor;;;;
11:26:42.418;UBS;2.501,50;5;Agora;Vendedor;;;;
11:26:42.418;UBS;2.501,50;2;Agora;Vendedor;;;;
11:26:42.418;BTG;2.501,50;2;Agora;Vendedor;;;;
11:26:42.418;Agora;2.501,50;2;Agora;Vendedor;;;;
11:26:42.418;Agora;2.501,60;2;Agora;Vendedor;;;;
11:26:31.823;Ideal;2.503,30;2;UBS;Vendedor;;;;
11:26:31.822;Ideal;2.503,20;2;UBS;Comprador;;;;
11:26:31.822;Agora;2.503,20;4;UBS;Comprador;;;;
11:26:31.822;Agora;2.503,20;4;UBS;Comprador;;;;
11:26:31.821;BTG;2.502,70;2;Ideal;Vendedor;;;;
11:26:31.821;Agora;2.502,70;2;Ideal;Vendedor;;;;
11:26:31.821;Agora;2.502,80;2;Ideal;Vendedor;;;;
11:26:31.821;Agora;2.502,90;2;Ideal;Vendedor;;;;
11:26:31.821;Agora;2.503,00;2;Ideal;Vendedor;;;;
11:26:31.821;Agora;2.503,10;2;Ideal;Vendedor;;;;
11:26:31.821;Agora;2.503,30;2;Ideal;Vendedor;;;;
11:26:31.821;UBS;2.503,30;8;Ideal;Vendedor;;;;
11:26:31.821;UBS;2.503,30;2;Ideal;Vendedor;;;;
11:25:09.080;Agora;2.506,10;1;Ideal;Vendedor;;;;
11:25:05.041;Agora;2.507,30;2;Agora;Vendedor;;;;
11:18:30.070;Agora;2.517,80;2;Ideal;Vendedor;;;;
11:18:30.069;BTG;2.517,80;2;Agora;Vendedor;;;;
11:17:43.541;ABN;2.521,80;10;UBS;Vendedor;;;;
11:17:43.541;UBS;2.521,80;3;Agora;Vendedor;;;;
11:17:43.540;UBS;2.521,80;3;Agora;Vendedor;;;;
11:15:57.960;BGC Liquidez;2.520,90;1;Agora;Vendedor;;;;
11:14:50.660;Ideal;2.522,30;1;BGC Liquidez;Comprador;;;;
11:14:50.658;UBS;2.521,70;2;Agora;Comprador;;;;
11:14:50.657;Agora;2.521,70;2;Agora;Comprador;;;;
11:14:50.657;Agora;2.521,60;2;Agora;Comprador;;;;
11:14:50.657;Agora;2.521,60;2;BTG;Comprador;;;;
11:14:50.657;Agora;2.521,50;1;BTG;Comprador;;;;
11:14:50.657;Agora;2.521,50;2;Agora;Comprador;;;;
11:14:50.657;Ideal;2.521,30;2;Agora;Comprador;;;;
11:12:22.801;BGC Liquidez;2.518,20;1;ABN;Vendedor;;;;
11:11:41.866;ABN;2.520,50;1;BGC Liquidez;Comprador;;;;
11:11:41.866;ABN;2.520,50;2;Agora;Comprador;;;;
11:10:40.480;Agora;2.516,90;1;Agora;Vendedor;;;;
11:10:40.480;Agora;2.516,90;1;Agora;Vendedor;;;;
11:10:40.480;BTG;2.517,00;1;Ideal;Vendedor;;;;
11:08:45.005;UBS;2.513,00;2;Ideal;Vendedor;;;;
11:07:57.253;Agora;2.514,10;1;XP;Vendedor;;;;
11:06:18.939;Ideal;2.514,00;2;Agora;Comprador;;;;
11:06:18.939;Agora;2.513,80;2;Agora;Comprador;;;;
11:05:45.342;UBS;2.514,30;9;Ideal;Vendedor;;;;
11:05:45.342;Agora;2.514,30;2;Ideal;Vendedor;;;;
11:05:34.761;XP;2.516,20;1;ABN;Comprador;;;;
11:04:42.117;Agora;2.518,00;1;Agora;Comprador;;;;
11:04:42.116;Agora;2.517,90;1;BTG;Comprador;;;;
11:04:42.116;Agora;2.517,90;2;Agora;Comprador;;;;
11:04:34.365;Ideal;2.518,50;1;Agora;Comprador;;;;
11:03:28.693;Ideal;2.514,30;1;Agora;Comprador;;;;
11:03:28.693;Ideal;2.514,30;1;Agora;Comprador;;;;
11:03:28.693;Ideal;2.514,30;10;UBS;Comprador;;;;
11:03:12.709;Ideal;2.513,90;8;UBS;Comprador;;;;
11:03:12.709;Ideal;2.513,90;2;BTG;Comprador;;;;
11:03:12.709;Ideal;2.513,90;2;Agora;Comprador;;;;
11:00:22.738;Inter;2.508,60;1;UBS;Comprador;;;;
11:00:21.851;Ideal;2.509,60;2;Agora;Comprador;;;;
11:00:21.850;Ideal;2.509,60;1;Agora;Comprador;;;;
11:00:21.826;ABN;2.509,30;2;Agora;Comprador;;;;
11:00:21.826;ABN;2.509,20;2;Agora;Comprador;;;;
11:00:21.814;ABN;2.508,20;10;UBS;Comprador;;;;
11:00:21.814;ABN;2.508,20;2;Agora;Comprador;;;;
10:58:33.297;BTG;2.503,00;1;ABN;Vendedor;;;;
10:58:33.297;Agora;2.503,00;2;ABN;Vendedor;;;;
10:58:33.297;BTG;2.503,00;1;ABN;Vendedor;;;;
10:58:25.697;Ideal;2.503,20;1;UBS;Vendedor;;;;
10:58:25.689;Agora;2.503,80;1;Ideal;Vendedor;;;;
10:58:25.689;Agora;2.503,90;2;Ideal;Vendedor;;;;
10:58:25.689;UBS;2.503,90;10;ABN;Vendedor;;;;
10:57:54.739;Agora;2.503,00;2;ABN;Vendedor;;;;
10:56:44.245;Agora;2.505,40;1;Ideal;Vendedor;;;;
10:56:44.245;Agora;2.505,40;1;Ideal;Vendedor;;;;
10:56:41.691;Ideal;2.506,40;1;UBS;Vendedor;;;;
10:56:41.687;Agora;2.506,40;2;Ideal;Vendedor;;;;
10:56:41.687;Agora;2.506,50;1;Ideal;Vendedor;;;;
10:56:41.687;Agora;2.506,50;1;Ideal;Vendedor;;;;
10:56:41.687;BTG;2.506,50;1;Ideal;Vendedor;;;;
10:56:39.358;BTG;2.506,50;1;Ideal;Vendedor;;;;
10:56:39.358;Agora;2.506,50;2;Ideal;Vendedor;;;;
10:56:31.664;Agora;2.506,40;2;Ideal;Vendedor;;;;
10:56:31.664;BTG;2.506,50;1;Ideal;Vendedor;;;;
10:56:31.664;Agora;2.506,50;2;Ideal;Vendedor;;;;
10:56:23.228;Agora;2.507,70;2;Ideal;Vendedor;;;;
10:56:23.227;Agora;2.507,80;1;Ideal;Vendedor;;;;
10:56:23.227;Agora;2.507,80;1;Agora;Vendedor;;;;
10:56:23.227;BTG;2.507,80;1;Agora;Vendedor;;;;
10:56:17.651;Agora;2.507,90;2;Ideal;Vendedor;;;;
10:56:17.651;Agora;2.508,00;2;Ideal;Vendedor;;;;
10:56:17.651;BTG;2.508,10;1;Ideal;Vendedor;;;;
10:56:17.651;Agora;2.508,10;2;Ideal;Vendedor;;;;
10:55:11.051;Agora;2.510,30;1;Agora;Comprador;;;;
10:55:11.051;Agora;2.510,30;1;Agora;Comprador;;;;
10:53:35.993;Agora;2.512,00;2;Ideal;Vendedor;;;;
10:53:26.240;Agora;2.511,40;2;Ideal;Vendedor;;;;
10:53:26.240;BTG;2.511,40;1;Ideal;Vendedor;;;;
10:53:26.238;BTG;2.511,70;1;Ideal;Vendedor;;;;
10:53:07.926;Agora;2.512,00;1;Agora;Vendedor;;;;
10:53:07.926;Agora;2.512,10;2;Agora;Vendedor;;;;
10:53:07.926;BTG;2.512,10;1;Agora;Vendedor;;;;
10:52:51.237;BTG;2.511,20;1;Ideal;Vendedor;;;;
10:52:47.355;Agora;2.510,30;2;Ideal;Vendedor;;;;
10:52:47.355;Agora;2.510,40;2;Ideal;Vendedor;;;;
10:52:47.355;Agora;2.510,50;2;ABN;Vendedor;;;;
10:52:47.355;BTG;2.510,50;1;ABN;Vendedor;;;;
10:52:43.868;Agora;2.510,00;1;Ideal;Vendedor;;;;
10:52:43.868;Agora;2.510,00;1;Ideal;Vendedor;;;;
10:52:43.868;BTG;2.510,00;1;Ideal;Vendedor;;;;
10:52:43.867;BTG;2.510,00;1;Ideal;Vendedor;;;;
10:52:40.021;Agora;2.511,40;2;Ideal;Vendedor;;;;
10:52:40.020;Agora;2.511,50;2;Ideal;Vendedor;;;;
10:52:40.020;BTG;2.511,50;1;Ideal;Vendedor;;;;
10:52:30.664;ABN;2.513,10;1;Agora;Comprador;;;;
10:52:30.663;Agora;2.513,10;1;Agora;Comprador;;;;
10:52:02.391;ABN;2.514,50;2;Agora;Comprador;;;;
10:52:02.391;ABN;2.514,40;2;Agora;Comprador;;;;
10:52:02.390;Agora;2.514,00;2;Agora;Comprador;;;;
10:51:48.771;Agora;2.512,20;2;Ideal;Vendedor;;;;
10:51:48.771;Agora;2.512,30;2;Ideal;Vendedor;;;;
10:51:48.771;BTG;2.512,30;1;Ideal;Vendedor;;;;
10:51:47.425;BTG;2.512,70;1;Agora;Vendedor;;;;
10:51:47.425;Agora;2.512,70;2;Agora;Vendedor;;;;
10:51:47.425;Agora;2.512,80;2;Agora;Vendedor;;;;
10:51:47.425;BTG;2.512,80;1;Agora;Vendedor;;;;
10:50:45.244;Ideal;2.519,60;2;Agora;Comprador;;;;
10:50:27.431;Agora;2.520,80;2;ABN;Vendedor;;;;
10:50:27.431;Agora;2.520,80;1;Agora;Vendedor;;;;
10:50:27.430;Agora;2.520,80;1;Agora;Vendedor;;;;
10:50:27.430;BTG;2.520,80;1;Agora;Vendedor;;;;
10:49:23.949;Ideal;2.520,30;2;Agora;Comprador;;;;
10:49:23.949;Ideal;2.520,30;1;BTG;Comprador;;;;
10:49:15.413;ABN;2.519,80;2;Agora;Comprador;;;;
10:49:15.413;ABN;2.519,80;1;BTG;Comprador;;;;
10:48:37.199;Agora;2.517,40;1;Ideal;Vendedor;;;;
10:48:37.199;Agora;2.517,40;1;Agora;Vendedor;;;;
10:46:35.499;Ideal;2.516,70;2;Agora;Comprador;;;;
10:46:35.499;Ideal;2.516,60;2;Agora;Comprador;;;;
10:45:41.687;Inter;2.515,60;1;Agora;Comprador;;;;
10:45:41.687;Inter;2.515,60;1;BTG;Comprador;;;;
10:45:15.691;Ideal;2.516,30;2;Agora;Comprador;;;;
10:45:15.691;Ideal;2.516,30;1;BTG;Comprador;;;;
10:45:15.689;Genial;2.516,00;1;BTG;Comprador;;;;
10:45:15.689;ABN;2.515,90;2;Agora;Comprador;;;;
10:45:04.317;ABN;2.513,20;2;Agora;Comprador;;;;
10:45:04.317;ABN;2.513,20;1;BTG;Comprador;;;;
10:44:38.914;ABN;2.513,70;2;Agora;Comprador;;;;
10:44:38.914;ABN;2.513,60;2;Agora;Comprador;;;;
10:44:38.914;ABN;2.513,60;1;BTG;Comprador;;;;
10:44:09.405;ABN;2.513,50;2;Agora;Comprador;;;;
10:44:09.405;ABN;2.513,50;1;BTG;Comprador;;;;
10:43:27.430;ABN;2.513,10;2;Agora;Comprador;;;;
10:43:27.430;Ideal;2.513,00;2;Agora;Comprador;;;;
10:43:27.430;Ideal;2.513,00;1;BTG;Comprador;;;;
10:43:25.039;ABN;2.513,40;2;Agora;Comprador;;;;
10:43:25.039;ABN;2.513,40;1;BTG;Comprador;;;;
10:43:25.039;ABN;2.513,30;2;Agora;Comprador;;;;
10:43:25.039;ABN;2.513,30;1;BTG;Comprador;;;;
10:43:21.990;Ideal;2.512,60;2;Agora;Comprador;;;;
10:43:21.990;Ideal;2.512,50;2;Agora;Comprador;;;;
10:43:21.990;Ideal;2.512,50;1;BTG;Comprador;;;;
10:43:21.988;Ideal;2.512,00;2;Agora;Comprador;;;;
10:43:21.988;Ideal;2.511,90;2;Agora;Comprador;;;;
10:43:21.988;Ideal;2.511,90;1;BTG;Comprador;;;;
10:43:18.798;Ideal;2.511,90;1;Agora;Comprador;;;;
10:43:18.798;Ideal;2.511,90;1;BTG;Comprador;;;;
10:43:13.623;Ideal;2.510,30;2;Agora;Comprador;;;;
10:43:13.623;Ideal;2.510,30;1;BTG;Comprador;;;;
10:42:23.118;ABN;2.509,60;2;Agora;Comprador;;;;
10:42:23.117;ABN;2.509,40;2;Agora;Comprador;;;;
10:42:14.451;Ideal;2.509,50;2;Agora;Comprador;;;;
10:42:14.451;Ideal;2.509,70;1;BTG;Vendedor;;;;
10:42:14.451;Ideal;2.509,70;1;BTG;Vendedor;;;;
10:42:14.451;Ideal;2.509,50;2;Agora;Vendedor;;;;
10:42:02.278;Ideal;2.507,60;2;Agora;Comprador;;;;
10:42:02.278;Ideal;2.507,50;2;Agora;Comprador;;;;
10:42:02.278;Ideal;2.507,50;1;BTG;Comprador;;;;
10:41:53.774;ABN;2.506,90;2;Agora;Comprador;;;;
10:41:53.774;ABN;2.506,90;1;BTG;Comprador;;;;
10:41:47.252;Ideal;2.506,80;2;Agora;Comprador;;;;
10:41:47.252;Ideal;2.506,80;1;BTG;Comprador;;;;
10:41:47.251;Ideal;2.506,70;2;Agora;Comprador;;;;
10:41:47.251;Ideal;2.506,70;1;BTG;Comprador;;;;
10:41:35.259;ABN;2.506,70;2;Agora;Comprador;;;;
10:41:35.258;Ideal;2.506,60;2;Agora;Comprador;;;;
10:41:35.258;Ideal;2.506,60;1;BTG;Comprador;;;;
10:41:35.258;Ideal;2.506,50;2;Agora;Comprador;;;;
10:41:35.258;Ideal;2.506,50;1;BTG;Comprador;;;;
10:41:25.700;UBS;2.506,60;1;Ideal;Vendedor;;;;
10:41:25.177;ABN;2.506,80;1;BTG;Comprador;;;;
10:41:25.177;ABN;2.506,80;2;Agora;Comprador;;;;
10:41:25.176;ABN;2.506,60;2;Agora;Comprador;;;;
10:41:25.176;ABN;2.506,60;1;BTG;Comprador;;;;
10:41:25.176;ABN;2.506,40;1;BTG;Comprador;;;;
10:41:25.176;ABN;2.506,40;2;Agora;Comprador;;;;
10:41:24.503;Agora;2.506,60;6;UBS;Comprador;;;;
10:41:24.503;Agora;2.506,50;1;BTG;Comprador;;;;
10:41:24.503;Agora;2.506,50;1;BTG;Comprador;;;;
10:41:24.502;UBS;2.505,80;10;Ideal;Vendedor;;;;
10:41:24.468;BTG;2.506,90;3;ABN;Comprador;;;;
10:41:24.468;BTG;2.506,90;2;ABN;Comprador;;;;
10:41:24.468;BTG;2.506,80;2;ABN;Comprador;;;;
10:41:24.468;BTG;2.506,80;3;ABN;Comprador;;;;
10:41:24.467;BTG;2.506,70;2;ABN;Comprador;;;;
10:41:24.467;BTG;2.507,00;5;ABN;Comprador;;;;
10:41:24.467;BTG;2.506,90;2;ABN;Comprador;;;;
10:41:24.467;BTG;2.506,80;1;BTG;Comprador;;;;
10:41:24.467;BTG;2.506,60;2;ABN;Comprador;;;;
10:41:24.467;BTG;2.506,60;3;ABN;Comprador;;;;
10:41:24.467;BTG;2.506,50;3;ABN;Comprador;;;;
10:41:24.467;BTG;2.506,40;1;BTG;Comprador;;;;
10:41:24.467;BTG;2.506,40;1;BTG;Comprador;;;;
10:41:24.467;BTG;2.506,30;2;ABN;Comprador;;;;
10:41:24.467;BTG;2.506,10;3;ABN;Comprador;;;;
10:41:24.467;BTG;2.506,30;1;ABN;Comprador;;;;
10:41:24.467;BTG;2.506,20;1;BTG;Comprador;;;;
10:41:24.467;BTG;2.506,20;1;BTG;Comprador;;;;
10:41:24.453;UBS;2.489,50;1;XP;Comprador;;;;
10:41:24.453;Ideal;2.485,20;10;UBS;Comprador;;;;
10:41:24.435;Agora;2.505,00;10;UBS;Vendedor;;;;
10:41:24.413;BTG;2.504,00;1;UBS;Vendedor;;;;
10:41:24.413;Agora;2.505,70;2;UBS;Comprador;;;;
10:41:24.413;Ideal;2.505,70;8;UBS;Comprador;;;;
10:41:24.413;Ideal;2.505,60;1;BTG;Comprador;;;;
10:41:24.413;Ideal;2.505,60;1;BTG;Comprador;;;;
10:41:24.413;Agora;2.505,00;2;Ideal;Vendedor;;;;
10:41:24.413;BTG;2.505,00;1;Ideal;Vendedor;;;;
10:41:24.412;Agora;2.505,20;2;Ideal;Vendedor;;;;
10:41:24.412;BTG;2.505,40;1;Ideal;Vendedor;;;;
10:41:24.412;Agora;2.505,40;2;Ideal;Vendedor;;;;
10:41:24.411;Agora;2.505,50;1;Ideal;Vendedor;;;;
10:41:24.411;BTG;2.505,50;1;Ideal;Vendedor;;;;
10:41:24.407;Agora;2.506,10;2;UBS;Vendedor;;;;
10:41:24.407;Agora;2.506,20;2;Ideal;Vendedor;;;;
10:41:24.402;BTG;2.506,80;1;Ideal;Vendedor;;;;
10:41:11.218;BTG;2.507,90;1;Agora;Vendedor;;;;
10:41:03.320;ABN;2.510,60;2;Agora;Comprador;;;;
10:40:33.388;Nova Futura;2.513,20;2;Agora;Comprador;;;;
10:40:03.506;Agora;2.509,50;2;Agora;Vendedor;;;;
10:40:03.506;BTG;2.509,50;1;Agora;Vendedor;;;;
10:40:03.506;Agora;2.509,60;1;Agora;Vendedor;;;;
10:40:03.506;BTG;2.509,60;1;Agora;Vendedor;;;;
10:39:52.073;BTG;2.511,50;1;Ideal;Vendedor;;;;
10:39:51.959;ABN;2.512,10;2;Agora;Comprador;;;;
10:39:51.959;ABN;2.512,10;10;UBS;Comprador;;;;
10:39:21.533;Agora;2.512,70;2;Agora;Vendedor;;;;
10:37:45.368;Agora;2.510,80;1;UBS;Comprador;;;;
10:37:45.368;Agora;2.510,80;1;UBS;Comprador;;;;
10:37:37.378;ABN;2.510,60;2;Agora;Comprador;;;;
10:37:11.445;Ideal;2.502,50;2;Agora;Comprador;;;;
10:37:11.242;BTG;2.501,50;1;Ideal;Vendedor;;;;
10:37:07.595;Ideal;2.502,90;8;Ideal;Comprador;;;;
10:37:03.797;Ideal;2.504,80;3;UBS;Comprador;;;;
10:36:48.636;BGC Liquidez;2.507,90;1;Agora;Vendedor;;;;
10:36:46.826;BGC Liquidez;2.507,80;1;Agora;Vendedor;;;;
10:36:46.386;BTG;2.508,30;10;UBS;Comprador;;;;
10:36:43.268;Agora;2.508,10;5;UBS;Comprador;;;;
10:36:43.268;Agora;2.508,10;1;UBS;Comprador;;;;
10:36:43.268;Agora;2.508,10;4;UBS;Comprador;;;;
10:36:39.824;Ideal;2.508,90;2;Agora;Comprador;;;;
10:36:39.824;UBS;2.508,90;2;ABN;Comprador;;;;
10:36:39.824;UBS;2.508,90;2;ABN;Comprador;;;;
10:36:39.824;UBS;2.508,90;2;ABN;Comprador;;;;
10:36:39.824;Ideal;2.508,80;2;Agora;Comprador;;;;
10:36:39.824;Ideal;2.508,70;2;Agora;Comprador;;;;
10:36:39.200;UBS;2.508,00;7;Agora;Vendedor;;;;
10:36:39.200;UBS;2.508,00;2;Agora;Vendedor;;;;
10:36:38.938;Ideal;2.508,30;2;Agora;Comprador;;;;
10:36:38.937;Ideal;2.508,20;2;Agora;Comprador;;;;
10:36:38.601;UBS;2.507,00;1;Ideal;Vendedor;;;;
10:36:38.171;UBS;2.507,30;2;Ideal;Vendedor;;;;
10:36:38.152;UBS;2.507,60;6;Ideal;Vendedor;;;;
10:36:38.147;UBS;2.507,80;6;Agora;Comprador;;;;
10:36:38.147;UBS;2.507,80;4;Agora;Comprador;;;;
10:36:38.119;ABN;2.508,60;1;BGC Liquidez;Comprador;;;;
10:36:38.077;UBS;2.508,80;10;Ideal;Vendedor;;;;
10:36:38.076;UBS;2.508,70;4;Ideal;Vendedor;;;;
10:36:38.076;ABN;2.510,10;10;UBS;Comprador;;;;
10:36:38.076;UBS;2.508,60;10;Ideal;Vendedor;;;;
10:36:38.064;BTG;2.508,00;1;Agora;Vendedor;;;;
10:36:38.042;Ideal;2.514,70;1;BTG;Comprador;;;;
10:36:38.041;BTG;2.519,80;1;BTG;Vendedor;;;;
10:36:38.041;UBS;2.519,80;5;BTG;Vendedor;;;;
10:36:38.030;UBS;2.519,80;5;Agora;Vendedor;;;;
10:36:38.030;BTG;2.519,90;1;Agora;Vendedor;;;;
10:36:38.030;BTG;2.520,00;2;Agora;Vendedor;;;;
10:36:38.030;BTG;2.520,00;1;Agora;Vendedor;;;;
10:36:38.030;BTG;2.520,10;1;Agora;Vendedor;;;;
10:36:37.980;ABN;2.517,00;5;BTG;Vendedor;;;;
10:36:37.980;ABN;2.519,50;1;BTG;Comprador;;;;
10:36:37.980;Ideal;2.517,10;1;UBS;Vendedor;;;;
10:36:37.980;XP;2.517,10;1;BTG;Vendedor;;;;
10:36:37.980;BTG;2.519,60;1;BTG;Vendedor;;;;
10:36:37.980;UBS;2.519,60;8;BTG;Vendedor;;;;
10:36:37.980;BTG;2.519,70;1;BTG;Vendedor;;;;
10:36:37.980;UBS;2.519,60;2;Ideal;Vendedor;;;;
10:36:37.874;Ideal;2.506,80;2;Agora;Comprador;;;;
10:36:37.873;BTG;2.507,10;1;Agora;Vendedor;;;;
10:36:37.873;BTG;2.507,10;1;Agora;Vendedor;;;;
10:36:37.873;BTG;2.508,20;1;Agora;Vendedor;;;;
10:36:37.873;BTG;2.508,30;1;Agora;Vendedor;;;;
10:36:37.873;BTG;2.508,30;1;Agora;Vendedor;;;;
10:36:37.873;BTG;2.508,40;1;Agora;Vendedor;;;;
10:36:37.873;BTG;2.508,40;2;Agora;Vendedor;;;;
10:36:37.854;BTG;2.508,20;1;ABN;Comprador;;;;
10:36:37.854;BTG;2.507,00;10;ABN;Comprador;;;;
10:36:37.853;UBS;2.507,00;9;ABN;Comprador;;;;
10:36:37.853;UBS;2.507,10;2;Ideal;Comprador;;;;
10:36:37.852;Ideal;2.507,10;1;BGC Liquidez;Comprador;;;;
10:36:37.852;Ideal;2.507,10;2;Agora;Comprador;;;;
10:36:37.852;Ideal;2.507,00;7;Ideal;Vendedor;;;;
10:36:37.852;Ideal;2.507,00;2;Agora;Comprador;;;;
10:36:36.521;Ideal;2.502,10;9;Ideal;Comprador;;;;
10:36:32.798;BTG;2.506,00;2;Ideal;Comprador;;;;
10:36:11.638;BTG;2.511,70;2;Agora;Comprador;;;;
10:36:11.637;UBS;2.511,10;1;XP;Comprador;;;;
10:36:04.153;UBS;2.513,00;1;Ideal;Vendedor;;;;
10:35:59.922;XP;2.516,70;1;ABN;Comprador;;;;
10:35:46.414;BTG;2.519,10;2;Agora;Comprador;;;;
10:35:46.414;Agora;2.519,00;2;Agora;Comprador;;;;
10:35:46.414;BGC Liquidez;2.519,00;1;Ideal;Vendedor;;;;
10:35:46.411;UBS;2.519,50;1;Agora;Vendedor;;;;
10:35:46.411;UBS;2.519,50;1;Agora;Vendedor;;;;
10:35:28.706;Agora;2.522,30;4;UBS;Comprador;;;;
10:35:28.705;BTG;2.521,10;1;Ideal;Comprador;;;;
10:35:28.705;Agora;2.522,00;1;Agora;Comprador;;;;
10:35:28.705;Agora;2.521,10;1;Ideal;Vendedor;;;;
10:35:28.705;Ideal;2.521,80;1;Agora;Comprador;;;;
10:35:28.704;Agora;2.521,80;1;Agora;Comprador;;;;
10:35:28.703;BTG;2.522,00;1;Ideal;Comprador;;;;
10:35:28.703;UBS;2.521,90;1;Agora;Vendedor;;;;
10:35:28.703;BGC Liquidez;2.522,00;1;Ideal;Vendedor;;;;
10:35:28.702;BTG;2.522,80;2;Ideal;Comprador;;;;
10:35:28.702;BTG;2.523,00;2;Agora;Comprador;;;;
10:35:28.702;BTG;2.522,90;2;Agora;Comprador;;;;
10:35:28.702;Agora;2.522,80;1;Agora;Comprador;;;;
10:35:28.701;Agora;2.522,80;1;Agora;Comprador;;;;
10:35:11.370;UBS;2.521,80;1;Agora;Vendedor;;;;
10:35:11.370;UBS;2.521,80;2;Agora;Vendedor;;;;
10:35:11.369;UBS;2.521,80;2;Agora;Vendedor;;;;
10:34:33.674;UBS;2.524,50;1;Ideal;Vendedor;;;;
10:34:33.673;Agora;2.525,40;1;Agora;Comprador;;;;
10:34:33.673;Agora;2.525,40;1;Agora;Comprador;;;;
10:34:33.673;Ideal;2.525,30;2;Agora;Comprador;;;;
10:34:33.672;Ideal;2.525,30;1;BGC Liquidez;Comprador;;;;
10:34:33.672;Ideal;2.525,30;2;Agora;Comprador;;;;
10:34:30.930;Agora;2.524,70;1;Agora;Comprador;;;;
10:34:04.160;Ideal;2.521,70;1;BGC Liquidez;Comprador;;;;
10:34:04.159;Ideal;2.521,70;1;Agora;Comprador;;;;
10:34:04.159;Ideal;2.521,70;1;Agora;Comprador;;;;
10:34:04.158;Agora;2.521,20;3;UBS;Comprador;;;;
10:34:04.157;Ideal;2.521,20;1;UBS;Comprador;;;;
10:34:04.157;Agora;2.521,20;3;UBS;Comprador;;;;
10:33:46.487;XP;2.519,50;10;ABN;Comprador;;;;
10:33:40.137;UBS;2.518,10;3;Agora;Vendedor;;;;
10:33:40.137;UBS;2.518,10;3;Agora;Vendedor;;;;
10:33:35.719;Ideal;2.518,80;1;UBS;Comprador;;;;
10:33:27.997;Agora;2.518,20;7;UBS;Comprador;;;;
10:33:27.546;Ideal;2.517,40;2;Agora;Comprador;;;;
10:33:27.545;UBS;2.517,40;6;Ideal;Vendedor;;;;
10:33:24.593;Ideal;2.518,70;1;Agora;Comprador;;;;
10:33:24.593;Ideal;2.518,70;10;UBS;Comprador;;;;
10:33:20.854;UBS;2.517,60;1;Ideal;Vendedor;;;;
10:33:20.854;BGC Liquidez;2.518,10;1;Ideal;Vendedor;;;;
10:33:20.456;ABN;2.518,10;4;BTG;Vendedor;;;;
10:33:20.456;Ideal;2.518,10;6;BTG;Vendedor;;;;
10:33:13.949;Ideal;2.520,70;1;UBS;Comprador;;;;
10:33:11.886;Ideal;2.520,40;10;UBS;Comprador;;;;
10:33:09.754;UBS;2.521,00;4;Agora;Vendedor;;;;
10:33:09.754;UBS;2.521,00;4;Agora;Vendedor;;;;
10:33:06.398;UBS;2.521,20;7;BTG;Vendedor;;;;
10:33:06.388;UBS;2.521,10;5;BTG;Vendedor;;;;
10:33:06.383;UBS;2.521,00;6;Ideal;Vendedor;;;;
10:33:06.301;UBS;2.521,00;3;Ideal;Vendedor;;;;
10:33:06.288;UBS;2.520,90;4;Ideal;Vendedor;;;;
10:33:06.288;UBS;2.520,90;3;Ideal;Vendedor;;;;
10:33:06.267;UBS;2.520,80;1;Ideal;Vendedor;;;;
10:33:06.219;UBS;2.520,40;2;Ideal;Vendedor;;;;
10:33:06.102;UBS;2.520,40;3;Ideal;Vendedor;;;;
10:33:05.915;UBS;2.520,20;10;Ideal;Vendedor;;;;
10:33:05.800;UBS;2.520,40;10;Ideal;Vendedor;;;;
10:33:05.770;Ideal;2.521,50;10;UBS;Comprador;;;;
10:33:05.758;ABN;2.520,00;6;BTG;Vendedor;;;;
10:33:05.758;ABN;2.520,00;4;BTG;Vendedor;;;;
10:33:05.757;UBS;2.520,30;10;Ideal;Vendedor;;;;
10:33:05.455;ABN;2.520,00;1;BTG;Vendedor;;;;
10:33:05.455;Agora;2.520,00;10;BTG;Vendedor;;;;
10:33:05.038;Ideal;2.518,60;1;Ideal;Comprador;;;;
10:33:05.037;Ideal;2.520,90;1;BGC Liquidez;Comprador;;;;
10:33:05.037;ABN;2.519,00;10;UBS;Vendedor;;;;
10:33:05.037;Agora;2.519,00;10;BTG;Vendedor;;;;
10:33:05.036;ABN;2.519,50;10;UBS;Vendedor;;;;
10:33:04.903;BTG;2.515,90;5;ABN;Comprador;;;;
10:33:04.903;BTG;2.515,80;5;ABN;Comprador;;;;
10:33:04.903;BTG;2.515,70;5;ABN;Comprador;;;;
10:33:04.903;UBS;2.515,60;5;ABN;Comprador;;;;
10:33:04.894;Agora;2.516,10;10;UBS;Vendedor;;;;
10:33:04.869;BTG;2.505,40;9;UBS;Comprador;;;;
10:33:04.869;Ideal;2.505,40;1;UBS;Comprador;;;;
10:33:04.868;BTG;2.507,90;1;UBS;Comprador;;;;
10:33:04.868;Ideal;2.507,90;9;UBS;Comprador;;;;
10:33:04.868;UBS;2.514,10;9;Ideal;Vendedor;;;;
10:33:04.868;UBS;2.513,80;1;Ideal;Comprador;;;;
10:33:04.868;ABN;2.513,80;10;BTG;Vendedor;;;;
10:33:04.861;BTG;2.503,20;10;UBS;Comprador;;;;
10:33:04.858;UBS;2.513,40;5;ABN;Vendedor;;;;
10:33:04.858;UBS;2.511,00;5;ABN;Comprador;;;;
10:33:04.774;BTG;2.502,30;10;UBS;Comprador;;;;
10:33:04.774;Ideal;2.510,20;6;UBS;Vendedor;;;;
10:33:04.767;UBS;2.514,20;6;Ideal;Vendedor;;;;
10:33:04.764;BTG;2.499,60;10;UBS;Comprador;;;;
10:33:04.763;BGC Liquidez;2.518,40;1;UBS;Vendedor;;;;
10:33:04.763;Ideal;2.500,70;6;UBS;Vendedor;;;;
10:33:04.763;Ideal;2.505,20;6;UBS;Vendedor;;;;
10:33:04.757;UBS;2.516,30;6;Ideal;Vendedor;;;;
10:33:04.757;UBS;2.516,30;4;BTG;Vendedor;;;;
10:33:04.757;UBS;2.516,20;6;Ideal;Vendedor;;;;
10:33:04.757;UBS;2.508,00;5;ABN;Vendedor;;;;
10:33:04.756;Ideal;2.509,50;4;UBS;Comprador;;;;
10:33:03.871;BTG;2.499,70;1;UBS;Comprador;;;;
10:33:03.867;BTG;2.499,70;5;UBS;Comprador;;;;
10:33:03.867;BTG;2.497,40;1;Inter;Comprador;;;;
10:33:03.867;BTG;2.499,70;4;UBS;Comprador;;;;
10:33:03.867;Ideal;2.501,80;6;UBS;Comprador;;;;
10:33:03.860;UBS;2.531,50;4;Ideal;Vendedor;;;;
10:33:03.860;UBS;2.531,50;6;Ideal;Vendedor;;;;
10:33:03.859;BTG;2.540,10;10;UBS;Vendedor;;;;
10:33:03.859;BGC Liquidez;2.519,50;1;BTG;Vendedor;;;;
10:33:03.859;Ideal;2.526,60;6;UBS;Comprador;;;;
10:33:03.858;Ideal;2.528,60;6;UBS;Vendedor;;;;
10:33:03.858;UBS;2.535,90;10;BTG;Vendedor;;;;
10:33:03.855;UBS;2.529,50;6;Ideal;Comprador;;;;
10:33:03.854;ABN;2.530,70;10;UBS;Comprador;;;;
10:33:03.854;UBS;2.529,50;10;BTG;Vendedor;;;;
10:33:03.767;BTG;2.525,40;10;UBS;Comprador;;;;
10:33:03.765;BTG;2.522,40;1;BGC Liquidez;Comprador;;;;
10:33:03.760;Inter;2.534,00;5;BTG;Vendedor;;;;
10:33:03.760;UBS;2.536,10;10;BTG;Vendedor;;;;
10:33:03.756;UBS;2.522,50;2;ABN;Comprador;;;;
10:33:03.756;UBS;2.521,30;10;BTG;Vendedor;;;;
10:33:03.756;UBS;2.522,50;3;ABN;Comprador;;;;
10:33:03.755;UBS;2.521,10;10;BTG;Vendedor;;;;
10:33:03.755;Ideal;2.522,50;7;UBS;Comprador;;;;
10:33:03.755;Ideal;2.522,40;10;UBS;Comprador;;;;
10:33:03.755;UBS;2.518,70;2;Ideal;Vendedor;;;;
10:32:03.684;Ideal;2.518,00;1;BGC Liquidez;Vendedor;;;;
10:32:03.677;UBS;2.517,80;6;Agora;Vendedor;;;;
10:32:03.677;BTG;2.517,80;1;Agora;Vendedor;;;;
10:32:03.677;BTG;2.517,90;1;Agora;Vendedor;;;;
10:32:03.676;BTG;2.518,80;1;ABN;Vendedor;;;;
10:32:03.675;UBS;2.517,60;3;Ideal;Vendedor;;;;
10:32:03.672;BTG;2.517,20;1;Ideal;Vendedor;;;;
10:32:03.671;Ideal;2.518,20;1;Agora;Comprador;;;;
10:32:03.670;Ideal;2.517,80;2;Agora;Comprador;;;;
10:32:03.670;Ideal;2.517,70;2;Agora;Comprador;;;;
10:32:03.669;Ideal;2.518,30;1;Agora;Comprador;;;;
10:32:03.668;Agora;2.518,20;2;Agora;Comprador;;;;
10:32:03.668;Agora;2.518,20;1;BTG;Comprador;;;;
10:32:03.668;Agora;2.518,20;1;BTG;Comprador;;;;
10:32:03.668;Agora;2.518,10;2;Agora;Comprador;;;;
10:32:03.668;Agora;2.518,10;1;BTG;Comprador;;;;
10:32:03.668;Agora;2.518,00;2;Agora;Comprador;;;;
10:32:03.668;Agora;2.518,00;1;BTG;Comprador;;;;
10:32:03.668;Agora;2.517,90;1;BTG;Comprador;;;;
10:32:03.668;Agora;2.517,90;2;Agora;Comprador;;;;
10:32:03.668;Agora;2.517,80;1;BTG;Comprador;;;;
10:32:03.668;Agora;2.517,80;2;Agora;Comprador;;;;
10:32:03.668;Agora;2.517,70;2;Agora;Comprador;;;;
10:32:03.668;Agora;2.517,70;1;BTG;Comprador;;;;
10:32:03.668;Agora;2.517,60;1;BTG;Comprador;;;;
10:32:03.668;Agora;2.517,60;2;Agora;Comprador;;;;
10:32:03.668;Agora;2.517,60;1;BTG;Comprador;;;;
10:32:03.668;Agora;2.517,50;1;BTG;Comprador;;;;
10:32:03.668;Agora;2.517,50;2;Agora;Comprador;;;;
10:32:03.668;Agora;2.517,50;1;BTG;Comprador;;;;
10:32:03.668;Agora;2.517,40;1;BTG;Comprador;;;;
10:32:03.668;Agora;2.517,40;2;Agora;Comprador;;;;
10:32:03.668;Agora;2.517,40;1;BTG;Comprador;;;;
10:32:03.668;Agora;2.517,30;1;BTG;Comprador;;;;
10:32:03.668;Agora;2.517,30;2;Agora;Comprador;;;;
10:32:03.668;Agora;2.517,30;1;BTG;Comprador;;;;
10:32:03.668;Agora;2.517,20;1;BTG;Comprador;;;;
10:32:03.668;Agora;2.517,20;2;Agora;Comprador;;;;
10:32:03.668;Agora;2.517,10;1;BTG;Comprador;;;;
10:32:03.668;Agora;2.517,10;2;Agora;Comprador;;;;
10:32:03.668;Agora;2.517,00;2;Agora;Comprador;;;;
10:32:03.668;Agora;2.516,90;2;Agora;Comprador;;;;
10:32:03.668;Agora;2.516,80;2;Agora;Comprador;;;;
10:32:03.668;Agora;2.516,70;2;Agora;Comprador;;;;
10:32:03.668;Agora;2.516,60;2;Agora;Comprador;;;;
10:32:03.668;Agora;2.516,50;2;Agora;Comprador;;;;
10:32:03.666;Agora;2.516,00;4;UBS;Comprador;;;;
10:32:03.666;Agora;2.516,00;3;UBS;Comprador;;;;
10:32:03.666;Agora;2.516,00;1;BTG;Comprador;;;;
10:32:03.666;Agora;2.516,00;2;Agora;Comprador;;;;
10:32:03.666;Agora;2.516,00;1;BTG;Comprador;;;;
10:32:03.666;Agora;2.515,90;1;BTG;Comprador;;;;
10:32:03.666;Ideal;2.515,90;1;Agora;Comprador;;;;
10:32:03.666;Ideal;2.515,90;1;Agora;Comprador;;;;
10:31:30.969;Agora;2.516,60;2;Agora;Comprador;;;;
10:31:08.823;UBS;2.513,40;1;Ideal;Vendedor;;;;
10:30:27.839;UBS;2.511,40;2;Agora;Vendedor;;;;
10:30:27.839;BTG;2.511,40;1;Agora;Vendedor;;;;
10:30:27.839;BTG;2.511,50;2;Agora;Vendedor;;;;
10:30:21.606;BTG;2.510,50;1;Ideal;Vendedor;;;;
10:30:13.298;Agora;2.510,70;1;Ideal;Vendedor;;;;
10:30:13.295;Agora;2.511,20;2;Ideal;Vendedor;;;;
10:30:13.295;BTG;2.511,30;1;Ideal;Vendedor;;;;
10:30:13.295;Agora;2.511,30;2;Agora;Vendedor;;;;
10:30:08.558;Genial;2.510,30;1;Ideal;Vendedor;;;;
10:22:53.312;UBS;2.506,30;2;Nova Futura;Vendedor;;;;
10:21:49.629;Ideal;2.506,80;1;Inter;Vendedor;;;;
10:21:49.629;Ideal;2.506,80;2;BTG;Vendedor;;;;
10:20:42.450;Ideal;2.508,30;1;BTG;Comprador;;;;
10:20:29.854;BGC Liquidez;2.507,40;1;Agora;Vendedor;;;;
10:19:22.080;BGC Liquidez;2.507,10;1;Ideal;Vendedor;;;;
10:19:21.116;BGC Liquidez;2.507,70;1;Ideal;Vendedor;;;;
10:19:18.345;BGC Liquidez;2.508,20;1;Agora;Vendedor;;;;
10:19:17.000;BTG;2.509,20;1;ABN;Comprador;;;;
10:19:17.000;BTG;2.509,20;1;BTG;Comprador;;;;
10:19:17.000;BTG;2.509,20;2;ABN;Comprador;;;;
10:19:16.994;BGC Liquidez;2.508,70;1;Ideal;Vendedor;;;;
10:19:10.016;BGC Liquidez;2.509,90;1;Ideal;Vendedor;;;;
10:19:07.888;Ideal;2.510,90;6;UBS;Comprador;;;;
10:18:52.534;Nova Futura;2.511,60;1;ABN;Comprador;;;;
10:17:45.747;Ideal;2.510,90;1;BTG;Comprador;;;;
10:17:44.483;UBS;2.509,40;4;Agora;Vendedor;;;;
10:16:46.210;Ideal;2.509,50;1;BTG;Comprador;;;;
10:16:41.018;BTG;2.508,20;1;Agora;Vendedor;;;;
10:16:40.922;BTG;2.508,60;1;ABN;Vendedor;;;;
10:16:40.877;BTG;2.508,60;1;ABN;Vendedor;;;;
10:16:40.877;Ideal;2.509,40;10;ABN;Comprador;;;;
10:16:40.860;Agora;2.508,10;1;BTG;Comprador;;;;
10:16:40.859;Agora;2.508,00;1;BTG;Comprador;;;;
10:16:40.859;Agora;2.507,90;1;BTG;Comprador;;;;
10:16:40.859;Agora;2.507,80;1;BTG;Comprador;;;;
10:16:40.859;Agora;2.507,70;1;BTG;Comprador;;;;
10:15:30.884;Ideal;2.507,40;1;BTG;Comprador;;;;
10:13:26.907;BTG;2.503,80;1;Ideal;Vendedor;;;;
10:13:26.906;BTG;2.503,90;1;Ideal;Vendedor;;;;
10:13:20.094;BTG;2.505,70;1;Ideal;Vendedor;;;;
10:13:03.708;Ideal;2.507,80;1;BTG;Comprador;;;;
10:13:02.997;Ideal;2.507,40;1;BTG;Comprador;;;;
10:13:02.996;Ideal;2.507,50;1;BTG;Vendedor;;;;
10:13:02.150;Ideal;2.507,10;1;UBS;Vendedor;;;;
10:13:00.186;Ideal;2.505,80;1;BTG;Vendedor;;;;
10:13:00.186;BTG;2.505,90;1;UBS;Comprador;;;;
10:12:55.504;Agora;2.505,20;1;BTG;Comprador;;;;
10:12:55.503;Agora;2.504,90;6;UBS;Comprador;;;;
10:12:55.503;Agora;2.504,90;1;BTG;Comprador;;;;
10:12:55.503;Ideal;2.504,80;1;BTG;Comprador;;;;
10:11:41.296;BTG;2.502,40;1;ABN;Vendedor;;;;
10:11:41.296;BTG;2.502,50;1;ABN;Vendedor;;;;
10:11:22.960;BGC Liquidez;2.503,70;1;ABN;Vendedor;;;;
10:11:16.362;Ideal;2.504,10;1;BTG;Comprador;;;;
10:11:08.947;BGC Liquidez;2.504,40;1;Ideal;Vendedor;;;;
10:10:33.158;Ideal;2.502,70;1;BTG;Comprador;;;;
10:10:32.516;BGC Liquidez;2.502,40;1;Ideal;Vendedor;;;;
10:09:44.780;Ideal;2.498,80;1;BTG;Comprador;;;;
10:09:10.393;BGC Liquidez;2.495,40;1;ABN;Vendedor;;;;
10:08:47.906;BTG;2.494,80;1;Ideal;Vendedor;;;;
10:08:47.905;Ideal;2.494,70;1;BTG;Comprador;;;;
10:08:40.707;BTG;2.493,50;1;Ideal;Vendedor;;;;
10:08:40.707;BTG;2.493,80;2;Ideal;Vendedor;;;;
10:08:40.707;BTG;2.493,90;1;Ideal;Vendedor;;;;
10:08:40.706;Ideal;2.493,80;5;Ideal;Comprador;;;;
10:08:40.686;BTG;2.494,40;1;Ideal;Vendedor;;;;
10:08:40.647;BGC Liquidez;2.495,10;1;Ideal;Vendedor;;;;
10:08:39.045;BGC Liquidez;2.495,70;1;ABN;Vendedor;;;;
10:08:37.773;BTG;2.496,30;1;Agora;Vendedor;;;;
10:08:37.772;BTG;2.496,40;1;Agora;Vendedor;;;;
10:08:37.772;BGC Liquidez;2.496,50;1;Agora;Vendedor;;;;
10:08:32.185;UBS;2.497,10;5;ABN;Comprador;;;;
10:08:31.947;BTG;2.496,60;1;Ideal;Vendedor;;;;
10:08:31.078;BTG;2.495,20;1;Ideal;Vendedor;;;;
10:08:30.889;UBS;2.495,40;10;ABN;Vendedor;;;;
10:08:30.577;UBS;2.495,60;1;Agora;Vendedor;;;;
10:08:30.577;UBS;2.495,60;1;Agora;Vendedor;;;;
10:08:28.966;UBS;2.495,90;4;ABN;Comprador;;;;
10:08:28.966;UBS;2.495,80;2;BTG;Comprador;;;;
10:08:28.966;Ideal;2.495,80;1;BTG;Comprador;;;;
10:08:28.965;Ideal;2.495,40;1;BTG;Comprador;;;;
10:08:28.953;Ideal;2.495,90;1;UBS;Comprador;;;;
10:08:28.953;Ideal;2.495,90;9;UBS;Comprador;;;;
10:08:28.953;Ideal;2.495,90;1;BTG;Comprador;;;;
10:08:28.951;Agora;2.495,80;1;BTG;Comprador;;;;
10:08:28.951;Agora;2.495,70;1;BTG;Comprador;;;;
10:08:28.951;UBS;2.494,50;10;BTG;Vendedor;;;;
10:08:28.950;ABN;2.494,80;2;BTG;Comprador;;;;
10:08:28.950;Agora;2.494,80;1;BTG;Comprador;;;;
10:08:28.936;BGC Liquidez;2.495,20;1;ABN;Vendedor;;;;
10:08:28.935;BTG;2.495,50;1;Ideal;Vendedor;;;;
10:08:28.935;BTG;2.495,60;1;Ideal;Vendedor;;;;
10:08:28.143;BGC Liquidez;2.496,10;1;Ideal;Vendedor;;;;
10:08:23.935;BGC Liquidez;2.496,10;1;Ideal;Vendedor;;;;
10:08:16.077;BGC Liquidez;2.495,70;1;Ideal;Vendedor;;;;
10:08:15.644;BTG;2.495,50;1;Ideal;Vendedor;;;;
10:08:15.643;BTG;2.495,60;1;Ideal;Vendedor;;;;
10:08:15.583;BTG;2.495,80;1;Ideal;Vendedor;;;;
10:08:15.568;BGC Liquidez;2.496,20;1;Ideal;Vendedor;;;;
10:08:13.334;BGC Liquidez;2.496,40;1;Ideal;Vendedor;;;;
10:08:10.465;BGC Liquidez;2.496,70;1;Ideal;Vendedor;;;;
10:08:09.606;BTG;2.496,70;1;Ideal;Vendedor;;;;
10:08:09.597;Ideal;2.497,60;1;BTG;Vendedor;;;;
10:08:09.597;Ideal;2.497,60;1;BTG;Comprador;;;;
10:08:09.595;BTG;2.497,10;1;ABN;Vendedor;;;;
10:08:09.593;BGC Liquidez;2.497,90;1;ABN;Vendedor;;;;
10:08:08.768;BGC Liquidez;2.498,10;1;ABN;Vendedor;;;;
10:08:06.041;Ideal;2.498,00;1;BTG;Comprador;;;;
10:08:05.801;BGC Liquidez;2.498,00;1;Agora;Vendedor;;;;
10:08:05.708;Ideal;2.498,10;1;BTG;Comprador;;;;
10:08:05.642;UBS;2.497,20;1;Ideal;Comprador;;;;
10:08:05.642;UBS;2.497,20;1;Ideal;Vendedor;;;;
10:08:05.637;Ideal;2.498,20;1;BTG;Comprador;;;;
10:08:05.637;BTG;2.497,40;1;ABN;Vendedor;;;;
10:08:05.454;BGC Liquidez;2.498,80;1;Ideal;Vendedor;;;;
10:08:05.184;BGC Liquidez;2.499,10;1;Ideal;Vendedor;;;;
10:08:02.829;Ideal;2.499,50;1;BTG;Comprador;;;;
10:08:02.733;UBS;2.499,00;9;ABN;Vendedor;;;;
10:08:02.733;BTG;2.499,00;1;ABN;Vendedor;;;;
10:08:02.732;BTG;2.499,30;1;Agora;Vendedor;;;;
10:08:02.732;BTG;2.499,40;1;ABN;Vendedor;;;;
10:08:02.731;BGC Liquidez;2.499,80;1;ABN;Vendedor;;;;
10:08:01.603;BGC Liquidez;2.499,60;1;ABN;Vendedor;;;;
10:08:01.171;Ideal;2.500,10;3;Genial;Comprador;;;;
10:08:01.171;Ideal;2.500,10;1;Genial;Comprador;;;;
10:08:01.171;Ideal;2.500,10;1;Genial;Comprador;;;;
10:07:55.132;Ideal;2.499,60;1;BTG;Comprador;;;;
10:07:52.005;BGC Liquidez;2.498,10;1;ABN;Vendedor;;;;
10:07:51.726;BGC Liquidez;2.498,50;1;Ideal;Vendedor;;;;
10:07:48.635;BTG;2.498,70;1;Ideal;Vendedor;;;;
10:07:45.194;BGC Liquidez;2.497,90;1;ABN;Vendedor;;;;
10:07:44.454;BGC Liquidez;2.497,90;1;ABN;Vendedor;;;;
10:07:44.142;BGC Liquidez;2.497,90;1;ABN;Vendedor;;;;
10:07:43.866;BGC Liquidez;2.497,90;1;ABN;Vendedor;;;;
10:07:43.585;BGC Liquidez;2.497,90;1;ABN;Vendedor;;;;
10:07:43.301;BGC Liquidez;2.497,90;1;ABN;Vendedor;;;;
10:07:42.983;BGC Liquidez;2.498,30;1;ABN;Vendedor;;;;
10:07:41.793;BGC Liquidez;2.498,20;1;Ideal;Vendedor;;;;
10:07:41.520;BGC Liquidez;2.498,20;1;ABN;Vendedor;;;;
10:07:41.126;BGC Liquidez;2.498,20;1;ABN;Vendedor;;;;
10:07:39.848;BGC Liquidez;2.498,60;1;ABN;Vendedor;;;;
10:07:39.467;BGC Liquidez;2.498,60;1;ABN;Vendedor;;;;
10:07:35.907;BGC Liquidez;2.498,40;1;Ideal;Vendedor;;;;
10:07:35.232;BGC Liquidez;2.498,90;1;Ideal;Vendedor;;;;
10:07:34.283;BGC Liquidez;2.499,00;1;Ideal;Vendedor;;;;
10:07:34.180;BTG;2.498,80;1;ABN;Vendedor;;;;
10:07:34.003;BGC Liquidez;2.499,00;1;ABN;Vendedor;;;;
10:07:33.703;BGC Liquidez;2.499,00;1;ABN;Vendedor;;;;
10:07:33.428;BGC Liquidez;2.499,00;1;ABN;Vendedor;;;;
10:07:33.036;BGC Liquidez;2.499,00;1;ABN;Vendedor;;;;
10:07:32.745;BGC Liquidez;2.499,00;1;ABN;Vendedor;;;;
10:07:32.408;BGC Liquidez;2.499,00;1;ABN;Vendedor;;;;
10:07:32.100;BGC Liquidez;2.499,00;1;ABN;Vendedor;;;;
10:07:31.710;BGC Liquidez;2.499,40;1;Ideal;Vendedor;;;;
10:07:31.441;BGC Liquidez;2.499,50;1;ABN;Vendedor;;;;
10:07:31.134;BGC Liquidez;2.499,50;1;ABN;Vendedor;;;;
10:07:27.240;BGC Liquidez;2.499,50;1;Ideal;Vendedor;;;;
10:07:26.971;BGC Liquidez;2.499,60;1;ABN;Vendedor;;;;
10:07:26.056;BGC Liquidez;2.499,40;1;ABN;Vendedor;;;;
10:07:22.688;BGC Liquidez;2.499,70;1;ABN;Vendedor;;;;
10:07:15.213;UBS;2.499,20;10;ABN;Vendedor;;;;
10:07:13.549;BGC Liquidez;2.499,00;1;ABN;Vendedor;;;;
10:07:13.098;BGC Liquidez;2.499,00;1;ABN;Vendedor;;;;
10:07:12.274;BTG;2.498,90;1;ABN;Vendedor;;;;
10:07:12.274;BGC Liquidez;2.499,10;1;ABN;Vendedor;;;;
10:07:11.090;BGC Liquidez;2.499,10;1;ABN;Vendedor;;;;
10:07:10.319;BGC Liquidez;2.499,10;1;ABN;Vendedor;;;;
10:07:10.037;BGC Liquidez;2.499,20;1;ABN;Vendedor;;;;
10:07:06.068;BGC Liquidez;2.499,10;1;ABN;Vendedor;;;;
10:07:05.536;BGC Liquidez;2.499,20;1;ABN;Vendedor;;;;
10:07:00.239;BGC Liquidez;2.498,40;1;Ideal;Vendedor;;;;
10:06:59.862;BGC Liquidez;2.498,80;1;ABN;Vendedor;;;;
10:06:55.800;BGC Liquidez;2.498,90;1;ABN;Vendedor;;;;
10:06:55.429;BGC Liquidez;2.498,90;1;ABN;Vendedor;;;;
10:06:54.885;BGC Liquidez;2.498,90;1;ABN;Vendedor;;;;
10:06:54.399;BGC Liquidez;2.498,90;1;ABN;Vendedor;;;;
10:06:51.463;BGC Liquidez;2.498,90;1;ABN;Vendedor;;;;
10:06:51.094;BGC Liquidez;2.498,90;1;ABN;Vendedor;;;;
10:06:50.603;BGC Liquidez;2.498,80;1;Ideal;Vendedor;;;;
10:06:48.052;BTG;2.498,00;2;ABN;Vendedor;;;;
10:06:45.464;BGC Liquidez;2.497,70;1;Ideal;Vendedor;;;;
10:06:45.077;BGC Liquidez;2.498,00;1;ABN;Vendedor;;;;
10:06:44.769;BGC Liquidez;2.498,10;1;ABN;Vendedor;;;;
10:06:44.182;BGC Liquidez;2.497,90;1;ABN;Vendedor;;;;
10:06:42.945;Ideal;2.498,40;1;BTG;Comprador;;;;
10:06:42.924;ABN;2.498,30;1;BTG;Comprador;;;;
10:06:42.923;BTG;2.498,30;1;ABN;Vendedor;;;;
10:06:42.883;BGC Liquidez;2.498,80;1;ABN;Vendedor;;;;
10:06:38.959;BGC Liquidez;2.498,90;1;Genial;Vendedor;;;;
10:06:38.647;BGC Liquidez;2.498,90;1;ABN;Vendedor;;;;
10:06:38.374;BGC Liquidez;2.499,00;1;ABN;Vendedor;;;;
10:06:37.744;BGC Liquidez;2.499,10;1;ABN;Vendedor;;;;
10:06:36.478;Genial;2.499,70;1;ABN;Comprador;;;;
10:06:34.571;Ideal;2.498,50;1;BTG;Comprador;;;;
10:06:34.565;Ideal;2.498,30;1;BTG;Comprador;;;;
10:06:34.561;BTG;2.498,40;2;Ideal;Vendedor;;;;
10:06:34.560;Ideal;2.498,50;1;BTG;Comprador;;;;
10:06:34.557;BTG;2.498,20;2;Agora;Vendedor;;;;
10:06:34.557;BTG;2.498,30;1;ABN;Vendedor;;;;
10:06:34.557;BGC Liquidez;2.498,30;1;ABN;Vendedor;;;;
10:06:33.914;BGC Liquidez;2.498,80;1;ABN;Vendedor;;;;
10:06:33.914;BTG;2.498,80;1;Ideal;Vendedor;;;;
10:06:33.056;BGC Liquidez;2.498,70;1;Ideal;Vendedor;;;;
10:06:32.832;Ideal;2.499,20;1;BTG;Comprador;;;;
10:06:32.244;BGC Liquidez;2.498,60;1;Ideal;Vendedor;;;;
10:06:32.244;BTG;2.498,60;1;Ideal;Vendedor;;;;
10:06:31.834;BGC Liquidez;2.498,60;1;Ideal;Vendedor;;;;
10:06:31.562;BGC Liquidez;2.498,70;1;Ideal;Vendedor;;;;
10:06:31.140;ABN;2.499,00;2;Agora;Comprador;;;;
10:06:30.807;Ideal;2.498,90;1;Agora;Comprador;;;;
10:06:30.806;Ideal;2.498,90;1;Agora;Comprador;;;;
10:06:30.804;ABN;2.498,80;1;Agora;Comprador;;;;
10:06:30.803;Ideal;2.498,80;1;Agora;Comprador;;;;
10:06:30.803;Ideal;2.498,60;1;UBS;Comprador;;;;
10:06:30.336;BGC Liquidez;2.498,20;1;Ideal;Vendedor;;;;
10:06:30.040;Ideal;2.498,40;1;UBS;Comprador;;;;
10:06:29.950;Agora;2.498,20;2;Ideal;Vendedor;;;;
10:06:29.950;BTG;2.498,20;2;Ideal;Vendedor;;;;
10:06:29.948;BGC Liquidez;2.498,70;1;Ideal;Vendedor;;;;
10:06:29.612;BGC Liquidez;2.499,00;1;ABN;Vendedor;;;;
10:06:28.401;BGC Liquidez;2.498,80;1;Ideal;Vendedor;;;;
10:06:26.865;Agora;2.499,20;2;Agora;Vendedor;;;;
10:06:26.865;BTG;2.499,30;1;Ideal;Vendedor;;;;
10:06:26.865;Agora;2.499,30;2;Ideal;Vendedor;;;;
10:06:26.714;BGC Liquidez;2.499,90;1;ABN;Vendedor;;;;
10:06:26.247;BGC Liquidez;2.499,60;1;UBS;Vendedor;;;;
10:06:25.632;BGC Liquidez;2.499,40;1;Ideal;Vendedor;;;;
10:06:25.350;BGC Liquidez;2.499,90;1;Agora;Vendedor;;;;
10:06:24.065;BTG;2.499,40;1;Ideal;Vendedor;;;;
10:06:24.010;BGC Liquidez;2.499,90;1;Ideal;Vendedor;;;;
10:06:23.810;Agora;2.499,90;1;UBS;Comprador;;;;
10:06:23.810;Agora;2.499,90;1;UBS;Comprador;;;;
10:06:23.651;BGC Liquidez;2.499,80;1;Ideal;Vendedor;;;;
10:06:23.597;Ideal;2.499,70;1;UBS;Vendedor;;;;
10:06:23.597;Ideal;2.499,70;7;UBS;Vendedor;;;;
10:06:23.597;Agora;2.499,70;2;UBS;Vendedor;;;;
10:06:23.383;BGC Liquidez;2.500,10;1;UBS;Vendedor;;;;
10:06:23.108;BGC Liquidez;2.500,10;1;UBS;Vendedor;;;;
10:06:22.840;BGC Liquidez;2.500,10;1;UBS;Vendedor;;;;
10:06:22.571;BGC Liquidez;2.500,00;1;UBS;Vendedor;;;;
10:06:22.298;BGC Liquidez;2.500,20;1;UBS;Vendedor;;;;
10:06:22.029;BGC Liquidez;2.500,40;1;UBS;Comprador;;;;
10:06:21.986;Ideal;2.500,20;1;UBS;Vendedor;;;;
10:06:21.985;Ideal;2.500,20;1;UBS;Comprador;;;;
10:06:21.545;BGC Liquidez;2.500,00;1;UBS;Vendedor;;;;
10:06:21.273;BGC Liquidez;2.500,10;1;UBS;Vendedor;;;;
10:06:21.004;BGC Liquidez;2.500,60;1;ABN;Vendedor;;;;
10:06:20.733;Ideal;2.500,10;2;Agora;Comprador;;;;
10:06:20.733;Ideal;2.500,10;10;UBS;Comprador;;;;
10:06:20.561;BGC Liquidez;2.500,00;1;UBS;Vendedor;;;;
10:06:20.293;BGC Liquidez;2.500,00;1;UBS;Vendedor;;;;
10:06:20.024;BGC Liquidez;2.500,00;1;ABN;Vendedor;;;;
10:06:19.435;BGC Liquidez;2.500,30;1;ABN;Vendedor;;;;
10:06:18.078;BGC Liquidez;2.500,80;1;ABN;Vendedor;;;;
10:06:17.303;UBS;2.501,90;10;ABN;Vendedor;;;;
10:06:17.127;UBS;2.501,90;2;Agora;Comprador;;;;
10:06:17.127;UBS;2.501,90;8;ABN;Comprador;;;;
10:06:17.127;UBS;2.501,90;2;ABN;Comprador;;;;
10:06:16.888;UBS;2.501,60;10;ABN;Vendedor;;;;
10:06:14.778;UBS;2.501,30;1;Agora;Vendedor;;;;
10:06:14.778;UBS;2.501,30;1;Agora;Vendedor;;;;
10:06:14.154;BTG;2.500,70;1;Ideal;Vendedor;;;;
10:06:14.154;BTG;2.500,80;1;Ideal;Vendedor;;;;
10:06:14.145;BGC Liquidez;2.501,00;1;Ideal;Vendedor;;;;
10:06:13.228;BGC Liquidez;2.501,40;1;Ideal;Vendedor;;;;
10:06:12.958;BGC Liquidez;2.501,40;1;Ideal;Vendedor;;;;
10:06:12.690;BGC Liquidez;2.501,20;1;Ideal;Vendedor;;;;
10:06:12.422;Agora;2.501,10;2;Ideal;Vendedor;;;;
10:06:12.422;BGC Liquidez;2.501,10;1;Ideal;Vendedor;;;;
10:06:12.153;BGC Liquidez;2.501,30;1;Ideal;Vendedor;;;;
10:06:11.884;BGC Liquidez;2.501,30;1;Ideal;Vendedor;;;;
10:06:11.611;BGC Liquidez;2.501,20;1;Ideal;Vendedor;;;;
10:06:11.457;Agora;2.501,40;1;BTG;Comprador;;;;
10:06:11.457;Agora;2.501,40;2;Agora;Comprador;;;;
10:06:11.457;Agora;2.501,30;1;BTG;Comprador;;;;
10:06:11.457;Agora;2.501,30;2;Agora;Comprador;;;;
10:06:11.457;Agora;2.501,20;1;BTG;Comprador;;;;
10:06:11.457;Agora;2.501,20;2;Agora;Comprador;;;;
10:06:11.447;Agora;2.501,00;1;BTG;Comprador;;;;
10:06:11.447;Agora;2.501,00;10;UBS;Comprador;;;;
10:06:11.447;Agora;2.501,00;1;Agora;Comprador;;;;
10:06:11.447;Agora;2.500,90;1;BTG;Comprador;;;;
10:06:11.438;Agora;2.500,70;1;BTG;Comprador;;;;
10:06:11.438;Agora;2.500,60;1;BTG;Comprador;;;;
10:06:11.405;Agora;2.499,40;2;ABN;Vendedor;;;;
10:06:11.405;BTG;2.499,40;1;ABN;Vendedor;;;;
10:06:11.405;Agora;2.499,50;2;ABN;Vendedor;;;;
10:06:11.405;BTG;2.499,60;1;ABN;Vendedor;;;;
10:06:11.405;BTG;2.499,60;1;ABN;Vendedor;;;;
10:06:11.395;Agora;2.499,50;2;ABN;Vendedor;;;;
10:06:11.395;BTG;2.499,50;1;ABN;Vendedor;;;;
10:06:11.395;BTG;2.499,50;2;ABN;Vendedor;;;;
10:06:11.395;Agora;2.501,00;1;Agora;Comprador;;;;
10:06:11.395;Ideal;2.500,80;10;UBS;Comprador;;;;
10:06:11.394;BTG;2.500,60;1;ABN;Comprador;;;;
10:06:11.394;BTG;2.501,20;1;Agora;Comprador;;;;
10:06:11.394;BTG;2.501,20;1;BTG;Comprador;;;;
10:06:11.394;BTG;2.500,70;1;BTG;Comprador;;;;
10:06:11.393;Agora;2.501,10;2;Agora;Comprador;;;;
10:06:11.393;Agora;2.501,10;1;BTG;Comprador;;;;
10:06:11.393;Agora;2.501,00;2;Agora;Comprador;;;;
10:06:11.393;Agora;2.501,00;1;BTG;Comprador;;;;
10:06:11.393;Agora;2.500,90;1;BTG;Comprador;;;;
10:06:11.391;UBS;2.495,90;5;Ideal;Vendedor;;;;
10:06:11.391;Ideal;2.486,50;10;UBS;Comprador;;;;
10:06:11.319;Agora;2.500,50;9;Ideal;Vendedor;;;;
10:06:11.319;Agora;2.500,40;1;BTG;Comprador;;;;
10:06:11.315;ABN;2.499,10;1;BTG;Vendedor;;;;
10:06:11.314;ABN;2.499,80;9;UBS;Vendedor;;;;
10:06:11.313;ABN;2.499,80;1;UBS;Vendedor;;;;
10:06:11.313;ABN;2.499,90;10;UBS;Vendedor;;;;
10:06:11.313;BTG;2.499,90;1;UBS;Vendedor;;;;
10:06:11.300;Ideal;2.497,40;10;UBS;Comprador;;;;
10:06:11.298;Ideal;2.479,00;1;BTG;Vendedor;;;;
10:06:11.298;UBS;2.479,00;1;BTG;Comprador;;;;
10:06:11.297;UBS;2.499,90;3;Ideal;Vendedor;;;;
10:06:11.294;BTG;2.500,60;1;Ideal;Vendedor;;;;
10:06:11.290;BGC Liquidez;2.501,60;1;ABN;Vendedor;;;;
10:06:09.429;BGC Liquidez;2.502,40;1;ABN;Vendedor;;;;
10:06:08.471;BGC Liquidez;2.502,40;1;ABN;Vendedor;;;;
10:06:08.169;BGC Liquidez;2.503,00;1;Agora;Vendedor;;;;
10:06:07.495;BGC Liquidez;2.503,30;1;Agora;Vendedor;;;;
10:06:02.682;BGC Liquidez;2.503,20;1;ABN;Vendedor;;;;
10:06:01.916;BGC Liquidez;2.503,90;1;ABN;Vendedor;;;;
10:06:00.844;BGC Liquidez;2.504,30;1;Ideal;Vendedor;;;;
10:05:51.451;BGC Liquidez;2.504,20;1;Agora;Vendedor;;;;
10:05:50.046;BGC Liquidez;2.504,30;1;ABN;Vendedor;;;;
10:05:49.686;BGC Liquidez;2.504,70;1;ABN;Vendedor;;;;
10:05:49.413;BGC Liquidez;2.504,90;1;Agora;Vendedor;;;;
10:05:35.802;BGC Liquidez;2.504,50;1;ABN;Vendedor;;;;
10:05:26.717;Ideal;2.504,10;1;BTG;Comprador;;;;
10:05:21.098;BGC Liquidez;2.503,80;1;ABN;Vendedor;;;;
10:05:09.672;BGC Liquidez;2.503,90;1;ABN;Vendedor;;;;
10:05:07.848;BGC Liquidez;2.503,90;1;ABN;Vendedor;;;;
10:05:06.920;Agora;2.503,90;2;ABN;Vendedor;;;;
10:05:06.882;BGC Liquidez;2.504,10;1;ABN;Vendedor;;;;
10:05:06.517;Agora;2.504,30;2;ABN;Vendedor;;;;
10:05:06.416;Agora;2.504,60;2;ABN;Vendedor;;;;
10:05:06.416;BGC Liquidez;2.504,60;1;ABN;Vendedor;;;;
10:05:02.200;Agora;2.504,30;1;Agora;Comprador;;;;
10:05:02.200;Agora;2.504,30;1;Agora;Comprador;;;;
10:04:58.729;Agora;2.503,70;2;ABN;Vendedor;;;;
10:04:53.623;Agora;2.503,40;2;ABN;Vendedor;;;;
10:04:53.623;Agora;2.503,50;2;ABN;Vendedor;;;;
10:04:53.623;BGC Liquidez;2.503,50;1;ABN;Vendedor;;;;
10:04:48.832;Agora;2.503,40;1;Agora;Comprador;;;;
10:04:48.377;Agora;2.503,00;2;ABN;Vendedor;;;;
10:04:48.377;BGC Liquidez;2.503,00;1;ABN;Vendedor;;;;
10:04:45.711;BTG;2.502,80;1;ABN;Vendedor;;;;
10:04:45.711;Agora;2.502,80;2;ABN;Vendedor;;;;
10:04:44.335;Ideal;2.503,80;2;Agora;Comprador;;;;
10:04:44.335;Ideal;2.503,80;1;BTG;Comprador;;;;
10:04:43.959;BGC Liquidez;2.503,20;1;Ideal;Vendedor;;;;
10:04:43.959;Agora;2.503,20;2;Ideal;Vendedor;;;;
10:04:34.047;Agora;2.504,00;2;Ideal;Vendedor;;;;
10:04:34.047;Genial;2.504,00;1;Ideal;Vendedor;;;;
10:04:33.945;BGC Liquidez;2.504,30;1;Ideal;Vendedor;;;;
10:04:25.187;Agora;2.505,50;2;Ideal;Vendedor;;;;
10:04:25.186;BGC Liquidez;2.505,40;1;Ideal;Vendedor;;;;
10:04:25.186;Agora;2.505,40;2;Ideal;Vendedor;;;;
10:04:25.186;Agora;2.505,50;2;ABN;Vendedor;;;;
10:04:21.658;Ideal;2.506,60;1;Agora;Comprador;;;;
10:03:58.097;BGC Liquidez;2.506,20;1;ABN;Vendedor;;;;
10:03:58.097;Agora;2.506,20;2;ABN;Vendedor;;;;
10:03:56.884;Agora;2.506,80;1;Ideal;Comprador;;;;
10:03:56.884;BGC Liquidez;2.506,80;1;Ideal;Vendedor;;;;
10:03:56.884;Agora;2.506,80;1;Agora;Vendedor;;;;
10:03:56.883;Agora;2.506,80;1;Agora;Vendedor;;;;
10:03:46.746;Agora;2.507,50;2;Ideal;Vendedor;;;;
10:03:46.746;BGC Liquidez;2.507,60;1;Ideal;Vendedor;;;;
10:03:46.746;Agora;2.507,60;2;Ideal;Vendedor;;;;
10:03:44.154;Ideal;2.508,30;2;Agora;Comprador;;;;
10:03:44.153;Ideal;2.508,10;2;Agora;Comprador;;;;
10:03:44.153;Ideal;2.508,10;1;BTG;Comprador;;;;
10:03:43.571;Agora;2.507,70;2;ABN;Vendedor;;;;
10:03:43.571;BGC Liquidez;2.507,70;1;ABN;Vendedor;;;;
10:03:43.550;Agora;2.507,70;2;Ideal;Vendedor;;;;
10:03:29.705;Agora;2.507,30;2;ABN;Vendedor;;;;
10:03:29.705;UBS;2.507,30;10;ABN;Vendedor;;;;
10:03:27.503;Ideal;2.507,40;2;Agora;Comprador;;;;
10:03:27.503;UBS;2.507,40;6;ABN;Comprador;;;;
10:02:22.342;Ideal;2.506,70;1;BTG;Comprador;;;;
10:02:22.342;Ideal;2.506,70;2;Agora;Comprador;;;;
10:02:21.412;Ideal;2.506,10;2;Agora;Comprador;;;;
10:02:21.412;Ideal;2.506,00;1;Agora;Comprador;;;;
10:02:21.412;Ideal;2.506,00;1;Agora;Vendedor;;;;
10:02:21.412;Ideal;2.506,00;2;Agora;Comprador;;;;
10:02:16.675;Agora;2.506,00;2;Ideal;Vendedor;;;;
10:02:16.675;BGC Liquidez;2.506,10;1;Ideal;Vendedor;;;;
10:02:16.675;BTG;2.506,10;1;Ideal;Vendedor;;;;
10:02:15.870;Agora;2.506,40;2;Ideal;Vendedor;;;;
10:02:15.870;BGC Liquidez;2.506,40;1;Ideal;Vendedor;;;;
10:02:15.861;BTG;2.506,90;1;Genial;Vendedor;;;;
10:02:15.861;Agora;2.507,00;2;Ideal;Vendedor;;;;
10:02:15.861;BTG;2.507,00;1;Ideal;Vendedor;;;;
10:00:37.369;Ideal;2.511,50;2;Agora;Comprador;;;;
10:00:28.043;Ideal;2.511,70;2;Agora;Comprador;;;;
10:00:28.041;Ideal;2.511,10;2;Agora;Comprador;;;;
10:00:28.041;Ideal;2.510,90;2;Agora;Comprador;;;;
10:00:28.041;Ideal;2.510,90;1;BTG;Comprador;;;;
10:00:28.040;Agora;2.510,70;2;Agora;Comprador;;;;
10:00:28.040;Ideal;2.510,60;1;Agora;Comprador;;;;
10:00:28.040;Agora;2.510,60;1;Agora;Comprador;;;;
10:00:28.039;Ideal;2.510,60;1;BTG;Comprador;;;;
10:00:19.344;BTG;2.511,00;1;BTG;Comprador;;;;
10:00:10.816;BGC Liquidez;2.510,80;1;Genial;Vendedor;;;;
10:00:07.518;ABN;2.509,70;2;Agora;Comprador;;;;
10:00:07.518;Ideal;2.509,60;2;Agora;Comprador;;;;
10:00:07.518;Ideal;2.509,60;2;BTG;Comprador;;;;
10:00:04.821;BGC Liquidez;2.509,10;1;UBS;Vendedor;;;;
10:00:02.935;BGC Liquidez;2.509,50;1;UBS;Vendedor;;;;
10:00:02.935;Agora;2.509,50;2;UBS;Vendedor;;;;
10:00:02.258;BGC Liquidez;2.510,40;1;Ideal;Vendedor;;;;
10:00:01.326;BGC Liquidez;2.510,90;1;ABN;Vendedor;;;;
10:00:01.326;Agora;2.510,90;2;ABN;Vendedor;;;;
09:56:48.920;Ideal;2.510,50;1;Agora;Comprador;;;;
09:56:43.694;Agora;2.510,40;1;Ideal;Vendedor;;;;
09:56:43.694;Agora;2.510,40;1;Agora;Vendedor;;;;
09:56:19.796;Agora;2.510,10;1;Ideal;Vendedor;;;;
09:56:19.666;Agora;2.510,10;2;ABN;Vendedor;;;;
09:56:18.789;BTG;2.510,10;1;ABN;Vendedor;;;;
09:56:18.789;Agora;2.510,10;2;ABN;Vendedor;;;;
09:56:03.478;BTG;2.510,50;1;ABN;Vendedor;;;;
09:56:03.478;Agora;2.510,50;2;ABN;Vendedor;;;;
09:55:59.457;Agora;2.510,10;2;ABN;Vendedor;;;;
09:55:57.380;UBS;2.510,20;10;ABN;Vendedor;;;;
09:55:52.244;Ideal;2.510,90;1;Agora;Comprador;;;;
09:55:52.244;Ideal;2.510,90;1;Agora;Comprador;;;;
09:55:52.243;Ideal;2.510,70;1;BTG;Comprador;;;;
09:55:44.042;Agora;2.509,70;1;Ideal;Vendedor;;;;
09:55:44.042;BTG;2.509,80;2;ABN;Vendedor;;;;
09:55:44.042;Agora;2.509,80;2;ABN;Vendedor;;;;
09:55:44.040;BGC Liquidez;2.510,60;1;Ideal;Vendedor;;;;
09:55:44.040;Agora;2.510,60;1;Ideal;Vendedor;;;;
09:55:44.039;Agora;2.510,60;1;Agora;Vendedor;;;;
09:55:44.039;Agora;2.510,70;1;Agora;Vendedor;;;;
09:55:44.039;Agora;2.510,90;2;Ideal;Vendedor;;;;
09:55:44.038;BTG;2.511,00;1;Ideal;Vendedor;;;;
09:55:44.038;Agora;2.511,00;2;Ideal;Vendedor;;;;
09:55:44.037;Agora;2.511,40;2;ABN;Vendedor;;;;
09:55:44.036;BTG;2.511,40;1;Ideal;Vendedor;;;;
09:55:33.372;Agora;2.511,80;2;ABN;Vendedor;;;;
09:55:27.731;Agora;2.512,20;2;ABN;Vendedor;;;;
09:55:27.731;BTG;2.512,20;1;ABN;Vendedor;;;;
09:55:14.228;Ideal;2.512,90;2;Agora;Comprador;;;;
09:55:14.224;Ideal;2.512,50;2;Agora;Comprador;;;;
09:55:14.088;Ideal;2.512,50;1;Agora;Comprador;;;;
09:55:11.302;BTG;2.511,70;1;ABN;Vendedor;;;;
09:55:08.001;BTG;2.512,30;1;BTG;Comprador;;;;
09:55:08.001;BTG;2.512,30;2;Agora;Comprador;;;;
09:55:08.001;BTG;2.512,20;1;BTG;Comprador;;;;
09:55:08.001;BTG;2.512,20;2;Agora;Comprador;;;;
09:55:08.001;BTG;2.512,10;2;Agora;Comprador;;;;
09:55:08.001;BTG;2.512,00;2;Agora;Comprador;;;;
09:55:08.001;BTG;2.512,00;10;ABN;Comprador;;;;
09:55:02.487;Agora;2.511,10;2;Agora;Comprador;;;;
09:54:59.897;Agora;2.510,20;1;BTG;Comprador;;;;
09:54:59.897;Agora;2.510,20;2;Agora;Comprador;;;;
09:54:59.897;Agora;2.510,10;2;Agora;Comprador;;;;
09:54:57.692;Agora;2.509,70;2;ABN;Vendedor;;;;
09:54:14.678;Ideal;2.511,10;2;Agora;Comprador;;;;
09:54:14.677;Ideal;2.511,00;1;Agora;Comprador;;;;
09:54:14.677;Ideal;2.511,00;1;BTG;Comprador;;;;
09:54:14.677;Ideal;2.511,00;2;Agora;Comprador;;;;
09:53:47.610;Agora;2.512,10;2;Agora;Comprador;;;;
09:53:46.890;Agora;2.511,70;5;UBS;Vendedor;;;;
09:53:46.889;Agora;2.511,70;5;UBS;Vendedor;;;;
09:53:46.889;Agora;2.511,70;2;UBS;Vendedor;;;;
09:53:06.452;Agora;2.513,10;1;Agora;Vendedor;;;;
09:53:06.452;BTG;2.513,20;1;Agora;Vendedor;;;;
09:53:06.452;Agora;2.513,20;2;Agora;Vendedor;;;;
09:53:06.452;Agora;2.513,30;1;Agora;Vendedor;;;;
09:53:06.452;Agora;2.513,30;1;Agora;Vendedor;;;;
09:53:06.452;BTG;2.513,30;1;Agora;Vendedor;;;;
09:52:57.747;Ideal;2.512,90;2;Agora;Comprador;;;;
09:52:44.146;Agora;2.512,70;2;Agora;Vendedor;;;;
09:52:34.718;Agora;2.512,70;1;BTG;Vendedor;;;;
09:52:32.661;BTG;2.512,00;1;Ideal;Vendedor;;;;
09:52:32.661;Agora;2.512,00;2;Ideal;Vendedor;;;;
09:52:32.661;BTG;2.512,10;1;Ideal;Vendedor;;;;
09:52:32.661;Agora;2.512,10;2;Ideal;Vendedor;;;;
09:52:32.661;BTG;2.512,20;1;ABN;Vendedor;;;;
09:52:32.661;Agora;2.512,20;2;ABN;Vendedor;;;;
09:52:16.447;BGC Liquidez;2.511,40;1;Ideal;Vendedor;;;;
09:52:16.447;Agora;2.511,40;2;Ideal;Vendedor;;;;
09:52:16.440;Agora;2.511,80;2;Ideal;Vendedor;;;;
09:52:11.704;Agora;2.512,60;2;Agora;Comprador;;;;
09:52:02.551;Agora;2.511,80;2;ABN;Vendedor;;;;
09:51:44.818;Agora;2.512,70;2;ABN;Vendedor;;;;
09:51:22.556;Agora;2.512,60;1;Agora;Vendedor;;;;
09:51:22.556;Agora;2.512,60;1;Agora;Vendedor;;;;
09:51:22.556;Agora;2.512,60;2;Ideal;Vendedor;;;;
09:51:22.555;BTG;2.512,60;1;ABN;Vendedor;;;;
09:51:22.555;Agora;2.512,60;2;ABN;Vendedor;;;;
09:50:54.985;Agora;2.513,00;2;ABN;Vendedor;;;;
09:50:54.901;Agora;2.513,20;2;ABN;Vendedor;;;;
09:50:47.099;BGC Liquidez;2.512,50;1;Ideal;Vendedor;;;;
09:50:47.099;Agora;2.512,50;2;Ideal;Vendedor;;;;
09:50:47.099;BTG;2.512,50;1;Ideal;Vendedor;;;;
09:50:47.099;Agora;2.512,70;2;ABN;Vendedor;;;;
09:50:47.099;BTG;2.512,70;1;Ideal;Vendedor;;;;
09:50:41.966;Agora;2.514,00;1;Ideal;Vendedor;;;;
09:50:41.964;BGC Liquidez;2.513,70;1;Ideal;Vendedor;;;;
09:50:41.964;Agora;2.513,70;2;Ideal;Vendedor;;;;
09:50:41.964;Agora;2.513,80;2;Ideal;Vendedor;;;;
09:50:41.963;Agora;2.514,10;2;ABN;Vendedor;;;;
09:50:41.963;Agora;2.514,20;2;ABN;Vendedor;;;;
09:50:36.217;Agora;2.514,30;2;ABN;Vendedor;;;;
09:50:35.281;Agora;2.514,80;2;ABN;Vendedor;;;;
09:50:29.376;Agora;2.514,80;2;ABN;Vendedor;;;;
09:50:19.875;Agora;2.515,80;2;ABN;Vendedor;;;;
09:50:12.431;Agora;2.515,80;2;ABN;Vendedor;;;;
09:50:12.383;Agora;2.515,80;2;ABN;Vendedor;;;;
09:50:12.358;Agora;2.515,80;2;ABN;Vendedor;;;;
09:50:11.175;Ideal;2.515,80;2;Agora;Comprador;;;;
09:50:11.014;Agora;2.515,70;2;Agora;Comprador;;;;
09:50:02.249;Ideal;2.515,50;1;Agora;Comprador;;;;
09:49:41.145;Agora;2.515,70;2;Agora;Comprador;;;;
09:49:38.127;Agora;2.515,30;2;ABN;Vendedor;;;;
09:49:19.255;Agora;2.515,70;2;Agora;Comprador;;;;
09:49:01.558;BGC Liquidez;2.514,50;1;ABN;Vendedor;;;;
09:49:01.558;Agora;2.514,50;2;ABN;Vendedor;;;;
09:48:36.245;Agora;2.516,20;2;Agora;Comprador;;;;
09:48:36.245;Agora;2.516,20;1;BTG;Comprador;;;;
09:48:30.687;Agora;2.515,80;2;ABN;Vendedor;;;;
09:48:30.551;Agora;2.515,80;2;ABN;Vendedor;;;;
09:48:28.968;Agora;2.515,80;2;ABN;Vendedor;;;;
09:48:28.382;Agora;2.515,80;2;ABN;Vendedor;;;;
09:48:28.350;Agora;2.515,80;7;UBS;Vendedor;;;;
09:48:27.791;Agora;2.515,80;2;ABN;Vendedor;;;;
09:48:27.345;Agora;2.515,80;2;ABN;Vendedor;;;;
09:48:26.993;Agora;2.515,80;2;ABN;Vendedor;;;;
09:48:26.843;Agora;2.515,80;2;ABN;Vendedor;;;;
09:48:26.780;Agora;2.515,80;2;ABN;Vendedor;;;;
09:48:26.662;Agora;2.515,80;2;ABN;Vendedor;;;;
09:48:26.578;Agora;2.515,80;1;Ideal;Vendedor;;;;
09:48:26.550;Agora;2.515,80;2;ABN;Vendedor;;;;
09:48:26.424;Agora;2.515,80;2;ABN;Vendedor;;;;
09:48:24.261;Agora;2.515,80;2;ABN;Vendedor;;;;
09:48:23.733;Agora;2.515,80;2;ABN;Vendedor;;;;
09:48:23.600;Agora;2.515,80;2;ABN;Vendedor;;;;
09:48:21.541;Agora;2.516,30;2;ABN;Vendedor;;;;
09:48:19.622;Agora;2.516,30;2;ABN;Vendedor;;;;
09:48:19.550;Agora;2.516,30;2;ABN;Vendedor;;;;
09:48:16.606;Agora;2.516,30;2;ABN;Vendedor;;;;
09:48:15.727;Agora;2.516,30;2;ABN;Vendedor;;;;
09:48:15.212;Agora;2.516,30;2;ABN;Vendedor;;;;
09:48:15.185;Agora;2.516,30;2;ABN;Vendedor;;;;
09:48:15.128;Agora;2.516,30;2;ABN;Vendedor;;;;
09:48:15.084;Agora;2.516,30;2;ABN;Vendedor;;;;
09:48:15.053;Agora;2.516,30;2;ABN;Vendedor;;;;
09:48:14.582;Agora;2.515,80;2;ABN;Vendedor;;;;
09:48:12.365;BGC Liquidez;2.516,00;1;ABN;Vendedor;;;;
09:48:12.365;Agora;2.516,00;2;ABN;Vendedor;;;;
09:48:12.336;Agora;2.516,30;2;ABN;Vendedor;;;;
09:48:12.252;Agora;2.516,80;1;Ideal;Vendedor;;;;
09:48:12.226;Agora;2.516,80;1;Ideal;Vendedor;;;;
09:48:12.187;Agora;2.516,80;2;ABN;Vendedor;;;;
09:48:11.830;Agora;2.516,80;2;ABN;Vendedor;;;;
09:48:10.391;Agora;2.516,80;2;ABN;Vendedor;;;;
09:48:10.329;Agora;2.516,80;2;ABN;Vendedor;;;;
09:48:10.244;Agora;2.516,80;2;ABN;Vendedor;;;;
09:48:09.607;Agora;2.516,80;2;ABN;Vendedor;;;;
09:48:09.479;Agora;2.516,80;2;ABN;Vendedor;;;;
09:48:07.364;Agora;2.516,70;2;ABN;Vendedor;;;;
09:48:07.364;Agora;2.516,80;1;Agora;Vendedor;;;;
09:48:07.364;Agora;2.516,80;1;Ideal;Vendedor;;;;
09:48:06.995;Agora;2.516,80;2;ABN;Vendedor;;;;
09:48:03.093;Agora;2.516,80;2;ABN;Vendedor;;;;
09:47:54.677;Agora;2.516,80;2;ABN;Vendedor;;;;
09:47:48.759;Agora;2.516,80;2;ABN;Vendedor;;;;
09:47:48.424;Agora;2.516,80;2;ABN;Vendedor;;;;
09:47:48.025;Agora;2.516,80;2;ABN;Vendedor;;;;
09:47:41.419;Agora;2.516,80;2;ABN;Vendedor;;;;
09:47:33.046;Agora;2.516,80;2;ABN;Vendedor;;;;
09:47:32.528;Agora;2.516,80;2;ABN;Vendedor;;;;
09:47:16.725;Agora;2.517,30;2;ABN;Vendedor;;;;
09:47:11.264;Agora;2.517,30;2;ABN;Vendedor;;;;
09:47:10.601;Agora;2.517,30;2;ABN;Vendedor;;;;
09:47:06.421;Agora;2.516,30;2;ABN;Vendedor;;;;
09:46:54.940;Agora;2.517,30;2;ABN;Vendedor;;;;
09:46:46.549;UBS;2.516,90;10;ABN;Vendedor;;;;
09:45:07.151;Ideal;2.520,70;1;Agora;Comprador;;;;
09:44:58.848;UBS;2.520,00;10;Ideal;Vendedor;;;;
09:44:58.848;Agora;2.520,00;1;Ideal;Vendedor;;;;
09:44:58.848;Agora;2.520,00;1;Ideal;Vendedor;;;;
09:41:41.547;Agora;2.516,20;2;Genial;Comprador;;;;
09:41:28.843;Agora;2.513,60;2;UBS;Comprador;;;;
09:41:28.827;Agora;2.513,40;2;UBS;Comprador;;;;
09:41:28.827;Agora;2.513,40;1;UBS;Comprador;;;;
09:41:28.826;Agora;2.513,40;5;UBS;Comprador;;;;
09:41:28.823;Agora;2.513,10;2;ABN;Vendedor;;;;
09:41:28.823;Agora;2.513,20;2;Ideal;Vendedor;;;;
09:41:28.823;Genial;2.513,20;2;Ideal;Vendedor;;;;
09:41:28.822;Agora;2.513,30;2;ABN;Vendedor;;;;
09:41:28.821;BGC Liquidez;2.513,60;1;ABN;Vendedor;;;;
09:41:28.821;Agora;2.513,60;2;ABN;Vendedor;;;;
09:41:28.820;Agora;2.514,20;2;ABN;Vendedor;;;;
09:41:28.819;Agora;2.514,30;2;Ideal;Vendedor;;;;
09:41:28.819;UBS;2.514,30;3;Agora;Vendedor;;;;
09:41:28.819;UBS;2.514,30;4;Agora;Vendedor;;;;
09:41:28.819;UBS;2.514,30;1;Agora;Vendedor;;;;
09:40:42.275;Ideal;2.517,70;1;Agora;Comprador;;;;
09:40:42.274;Agora;2.517,60;2;Agora;Comprador;;;;
09:40:42.274;Ideal;2.517,50;2;Agora;Comprador;;;;
09:40:42.274;Agora;2.517,50;6;UBS;Comprador;;;;
09:40:05.100;UBS;2.517,40;3;Agora;Vendedor;;;;
09:40:05.100;UBS;2.517,40;1;Agora;Vendedor;;;;
09:40:05.100;Agora;2.517,40;2;Agora;Vendedor;;;;
09:40:05.100;Agora;2.517,50;2;Agora;Vendedor;;;;
09:40:05.100;BTG;2.517,50;1;Agora;Vendedor;;;;
09:40:05.100;Agora;2.517,60;2;Agora;Vendedor;;;;
09:40:05.100;BTG;2.517,60;1;Agora;Vendedor;;;;
09:39:37.024;BTG;2.519,90;3;UBS;Comprador;;;;
09:38:31.988;UBS;2.517,10;2;BTG;Vendedor;;;;
09:38:20.615;UBS;2.516,20;1;BTG;Comprador;;;;
09:38:20.615;UBS;2.516,20;2;Agora;Comprador;;;;
09:36:33.457;Agora;2.515,40;2;Agora;Comprador;;;;
09:36:33.457;Ideal;2.515,30;4;Inter;Comprador;;;;
09:36:33.457;Agora;2.515,30;1;Inter;Comprador;;;;
09:36:33.457;Agora;2.515,30;2;Agora;Comprador;;;;
09:36:13.372;Agora;2.517,80;1;Agora;Comprador;;;;
09:35:52.507;Agora;2.517,00;2;Agora;Comprador;;;;
09:35:43.274;Agora;2.514,80;2;Ideal;Vendedor;;;;
09:35:43.273;BTG;2.514,90;1;Ideal;Vendedor;;;;
09:35:43.273;Agora;2.514,90;2;Ideal;Vendedor;;;;
09:35:21.460;UBS;2.519,10;1;XP;Vendedor;;;;
09:35:19.540;BGC Liquidez;2.518,00;1;Ideal;Vendedor;;;;
09:35:19.418;UBS;2.518,70;2;Ideal;Vendedor;;;;
09:35:19.225;Agora;2.519,00;2;Ideal;Vendedor;;;;
09:35:19.225;BGC Liquidez;2.519,10;1;Ideal;Vendedor;;;;
09:35:19.225;Agora;2.519,10;1;Ideal;Vendedor;;;;
09:35:19.219;Agora;2.519,10;1;Ideal;Vendedor;;;;
09:35:19.218;Agora;2.519,30;2;Ideal;Vendedor;;;;
09:35:19.218;Genial;2.519,30;2;Ideal;Vendedor;;;;
09:35:19.166;Agora;2.519,90;2;Ideal;Vendedor;;;;
09:35:19.166;UBS;2.519,90;1;Ideal;Vendedor;;;;
09:34:32.150;Agora;2.523,10;2;UBS;Vendedor;;;;
09:34:32.149;Ideal;2.523,30;10;UBS;Comprador;;;;
09:34:32.149;BGC Liquidez;2.523,80;1;UBS;Vendedor;;;;
09:34:32.149;Agora;2.523,80;2;UBS;Vendedor;;;;
09:32:54.784;XP;2.525,80;1;Ideal;Vendedor;;;;
09:29:46.343;UBS;2.521,80;1;XP;Vendedor;;;;
09:27:06.972;Ideal;2.520,10;5;UBS;Comprador;;;;
09:26:38.518;XP;2.520,50;1;UBS;Comprador;;;;
09:25:10.039;XP;2.522,40;1;UBS;Comprador;;;;
09:25:07.504;XP;2.522,20;1;UBS;Comprador;;;;
09:24:02.186;Ideal;2.522,50;2;Agora;Comprador;;;;
09:24:02.184;Agora;2.522,10;1;Agora;Comprador;;;;
09:23:20.872;BTG;2.521,30;1;UBS;Comprador;;;;
09:23:14.690;Agora;2.520,90;2;Ideal;Vendedor;;;;
09:22:53.323;Agora;2.520,50;1;Agora;Vendedor;;;;
09:22:53.323;Agora;2.520,60;2;Agora;Vendedor;;;;
09:22:53.323;UBS;2.520,60;1;Agora;Vendedor;;;;
09:22:48.761;UBS;2.520,60;2;Inter;Vendedor;;;;
09:20:53.682;Agora;2.518,80;2;Ideal;Vendedor;;;;
09:20:53.682;Agora;2.518,90;2;Agora;Vendedor;;;;
09:20:53.682;BTG;2.518,90;1;Agora;Vendedor;;;;
09:20:25.849;Inter;2.520,20;2;Agora;Vendedor;;;;
09:20:08.110;BGC Liquidez;2.519,90;1;Ideal;Vendedor;;;;
09:20:08.109;BGC Liquidez;2.520,20;1;Ideal;Vendedor;;;;
09:20:08.096;Agora;2.520,30;2;Ideal;Vendedor;;;;
09:20:08.096;BTG;2.520,30;1;Ideal;Vendedor;;;;
09:20:08.092;Agora;2.520,80;2;Ideal;Vendedor;;;;
09:20:08.092;BTG;2.520,80;1;Ideal;Vendedor;;;;
09:19:16.908;Ideal;2.522,10;2;Agora;Comprador;;;;
09:19:16.902;Ideal;2.521,90;1;Agora;Comprador;;;;
09:19:16.836;Ideal;2.521,10;1;Agora;Comprador;;;;
09:19:16.836;Ideal;2.521,10;1;Agora;Comprador;;;;
09:17:28.974;BTG;2.519,00;1;Genial;Vendedor;;;;
09:17:28.885;Ideal;2.519,40;2;Agora;Comprador;;;;
09:17:02.196;BGC Liquidez;2.517,20;1;ABN;Vendedor;;;;
09:17:02.196;Agora;2.517,20;2;ABN;Vendedor;;;;
09:16:58.431;Agora;2.517,10;1;Agora;Comprador;;;;
09:16:58.431;Agora;2.517,10;1;Agora;Comprador;;;;
09:16:57.488;BTG;2.516,00;1;Ideal;Vendedor;;;;
09:16:57.483;BGC Liquidez;2.516,50;1;Agora;Vendedor;;;;
09:16:57.016;Agora;2.517,10;2;Agora;Vendedor;;;;
09:16:57.016;BGC Liquidez;2.517,10;1;Agora;Vendedor;;;;
09:16:56.684;Ideal;2.517,60;2;Agora;Comprador;;;;
09:16:55.605;BGC Liquidez;2.517,60;1;Ideal;Vendedor;;;;
09:16:46.960;ABN;2.518,10;1;Agora;Comprador;;;;
09:16:46.960;Ideal;2.518,10;1;Agora;Vendedor;;;;
09:16:46.959;ABN;2.518,10;7;UBS;Comprador;;;;
09:16:46.959;ABN;2.518,10;2;Agora;Comprador;;;;
09:15:35.035;Ideal;2.517,60;2;Agora;Comprador;;;;
09:15:03.267;Ideal;2.517,30;2;Agora;Comprador;;;;
09:14:01.025;Agora;2.515,40;1;Ideal;Vendedor;;;;
09:14:01.025;Agora;2.515,40;1;Ideal;Vendedor;;;;
09:13:12.700;Genial;2.517,60;1;UBS;Comprador;;;;
09:11:07.760;Genial;2.517,00;14;ABN;Vendedor;;;;
09:11:07.755;Genial;2.517,00;8;Ideal;Vendedor;;;;
09:11:07.755;Genial;2.517,00;7;Ideal;Vendedor;;;;
09:11:07.754;Genial;2.517,00;1;Ideal;Vendedor;;;;
09:10:04.802;Agora;2.515,40;2;Ideal;Vendedor;;;;
09:08:21.582;Ideal;2.516,20;2;Agora;Comprador;;;;
09:08:21.582;Ideal;2.516,20;9;UBS;Comprador;;;;
09:08:21.581;Ideal;2.516,20;1;UBS;Comprador;;;;
09:06:22.009;Ideal;2.514,90;1;UBS;Comprador;;;;
09:06:05.544;Agora;2.515,30;1;Agora;Comprador;;;;
09:06:05.544;Agora;2.515,20;1;UBS;Comprador;;;;
09:06:05.544;Agora;2.515,20;1;UBS;Comprador;;;;
09:06:05.544;Ideal;2.515,20;2;UBS;Comprador;;;;
09:06:02.643;Agora;2.515,90;2;Ideal;Vendedor;;;;
09:06:02.643;BTG;2.515,90;2;Ideal;Vendedor;;;;
09:06:00.156;Ideal;2.516,10;2;Agora;Comprador;;;;
09:06:00.156;Agora;2.516,10;3;UBS;Comprador;;;;
09:06:00.155;Ideal;2.516,10;2;UBS;Comprador;;;;
09:05:37.621;Agora;2.515,90;2;Ideal;Vendedor;;;;
09:05:32.246;Agora;2.515,90;1;Santander;Vendedor;;;;
09:05:32.246;UBS;2.515,90;10;Santander;Vendedor;;;;
09:03:25.599;UBS;2.514,40;10;BTG;Vendedor;;;;
09:03:24.025;UBS;2.514,90;10;BTG;Vendedor;;;;
09:01:41.830;UBS;2.514,90;3;Agora;Vendedor;;;;
09:01:33.432;UBS;2.513,30;1;Agora;Vendedor;;;;
09:01:13.250;Agora;2.512,80;6;UBS;Comprador;;;;
09:01:12.125;Agora;2.513,50;2;UBS;Comprador;;;;
09:01:12.092;ABN;2.514,30;5;UBS;Comprador;;;;
09:01:12.065;ABN;2.515,10;5;UBS;Comprador;;;;
09:01:12.008;ABN;2.515,10;10;UBS;Comprador;;;;
09:01:11.428;UBS;2.514,00;10;Agora;Vendedor;;;;
09:01:11.216;UBS;2.514,40;10;Agora;Comprador;;;;
09:01:11.189;UBS;2.514,80;5;ABN;Vendedor;;;;
09:01:11.189;UBS;2.514,80;3;BTG;Vendedor;;;;
09:01:11.188;UBS;2.514,70;5;ABN;Vendedor;;;;
09:01:11.188;UBS;2.513,70;10;Agora;Vendedor;;;;
09:01:11.094;UBS;2.513,50;10;Agora;Comprador;;;;
09:01:11.083;UBS;2.514,60;10;Agora;Vendedor;;;;
09:01:11.008;UBS;2.514,60;5;Agora;Vendedor;;;;
09:01:10.965;UBS;2.513,30;10;Agora;Comprador;;;;
09:01:10.156;UBS;2.514,10;10;ABN;Vendedor;;;;
09:01:10.101;UBS;2.513,20;3;Agora;Vendedor;;;;
09:01:10.064;ABN;2.513,00;5;UBS;Comprador;;;;
09:01:10.000;ABN;2.512,80;5;UBS;Comprador;;;;
09:00:44.477;BTG;2.510,80;1;UBS;Comprador;;;;
09:00:43.659;UBS;2.510,30;1;Ideal;Vendedor;;;;
09:00:43.603;Ideal;2.510,30;10;UBS;Comprador;;;;
09:00:43.575;Ideal;2.511,00;10;UBS;Comprador;;;;
09:00:43.510;Ideal;2.511,00;5;UBS;Comprador;;;;
09:00:43.475;Ideal;2.510,20;7;UBS;Comprador;;;;
09:00:43.475;Agora;2.510,60;5;UBS;Comprador;;;;
09:00:43.409;Ideal;2.510,00;10;UBS;Comprador;;;;
09:00:43.409;Agora;2.510,20;2;UBS;Comprador;;;;
09:00:43.398;Agora;2.510,40;1;UBS;Comprador;;;;
09:00:34.695;UBS;2.516,90;6;Ideal;Vendedor;;;;
09:00:34.653;UBS;2.517,00;10;Genial;Vendedor;;;;
09:00:34.649;UBS;2.516,90;10;Genial;Vendedor;;;;
09:00:34.647;Ideal;2.516,20;6;UBS;Comprador;;;;
09:00:34.614;UBS;2.516,50;10;Genial;Vendedor;;;;
09:00:34.556;UBS;2.515,70;7;Ideal;Vendedor;;;;
09:00:34.492;Ideal;2.515,70;6;UBS;Comprador;;;;
09:00:33.566;UBS;2.516,40;4;Ideal;Vendedor;;;;
09:00:33.515;UBS;2.516,10;9;Ideal;Vendedor;;;;
09:00:33.372;UBS;2.515,90;10;Ideal;Vendedor;;;;
09:00:33.354;UBS;2.515,10;8;Agora;Vendedor;;;;
09:00:32.468;Ideal;2.514,20;3;UBS;Comprador;;;;
09:00:32.408;UBS;2.514,00;2;Ideal;Vendedor;;;;
09:00:32.337;Agora;2.514,20;8;UBS;Comprador;;;;
09:00:32.193;UBS;2.514,70;3;Ideal;Vendedor;;;;
09:00:31.344;Ideal;2.514,60;7;UBS;Comprador;;;;
09:00:30.063;UBS;2.514,50;7;Ideal;Vendedor;;;;
09:00:30.063;UBS;2.514,40;4;Agora;Vendedor;;;;
09:00:30.063;UBS;2.514,40;3;Ideal;Vendedor;;;;
09:00:25.328;Ideal;2.513,70;4;UBS;Comprador;;;;
09:00:24.499;UBS;2.514,80;4;Ideal;Vendedor;;;;
09:00:24.354;Ideal;2.514,90;8;UBS;Comprador;;;;
09:00:23.350;UBS;2.514,20;6;Ideal;Vendedor;;;;
09:00:22.400;Ideal;2.513,90;4;UBS;Comprador;;;;
09:00:22.323;Ideal;2.513,70;1;UBS;Comprador;;;;
09:00:22.192;Ideal;2.513,80;1;UBS;Comprador;;;;
09:00:11.133;Ideal;2.513,50;2;UBS;Comprador;;;;
09:00:11.101;Ideal;2.513,50;1;UBS;Comprador;;;;
09:00:10.133;UBS;2.513,80;5;Ideal;Vendedor;;;;
09:00:10.005;UBS;2.512,50;4;Ideal;Vendedor;;;;
