Data;Abertura;Máxima;Mínima;Fechamento
14/09/2026 12:10;187555;187680;187300;187420
14/09/2026 12:05;187200;187795;187200;187555
14/09/2026 12:00;187040;187245;186790;187195
14/09/2026 11:55;186860;187160;186720;187040
14/09/2026 11:50;187085;187105;186785;186865
14/09/2026 11:45;186935;187355;186920;187090
14/09/2026 11:40;186630;187015;186575;186940
14/09/2026 11:35;186375;186830;186370;186630
14/09/2026 11:30;186300;186470;186030;186375
14/09/2026 11:25;185950;186320;185920;186295
14/09/2026 11:20;186265;186415;185900;185945
14/09/2026 11:15;186500;186715;186215;186270
14/09/2026 11:10;186265;186580;186200;186505
14/09/2026 11:05;186465;186565;186140;186265
14/09/2026 11:00;186430;186790;186340;186465
14/09/2026 10:55;186455;186595;186265;186430
14/09/2026 10:50;186460;186750;186340;186450
14/09/2026 10:45;186015;186585;185975;186455
14/09/2026 10:40;185750;186135;185570;186015
14/09/2026 10:35;185645;186090;185560;185750
14/09/2026 10:30;185935;186250;185620;185650
14/09/2026 10:25;186545;186665;185905;185930
14/09/2026 10:20;187005;187110;186290;186545
14/09/2026 10:15;185850;187280;185635;187005
14/09/2026 10:10;185900;186070;185595;185850
14/09/2026 10:05;185520;186190;185310;185895
14/09/2026 10:00;185845;185975;185350;185520
14/09/2026 09:55;185790;186135;185700;185840
14/09/2026 09:50;185690;185860;185580;185790
14/09/2026 09:45;185375;185725;185370;185690
14/09/2026 09:40;185295;185445;185160;185370
14/09/2026 09:35;185350;185425;185190;185290
14/09/2026 09:30;185280;185725;185255;185350
14/09/2026 09:25;185325;185370;185040;185280
14/09/2026 09:20;185385;185520;185190;185325
14/09/2026 09:15;185415;185545;185220;185385
14/09/2026 09:10;186085;186320;185325;185420
14/09/2026 09:05;186765;186945;185945;186090
14/09/2026 09:00;186900;187335;186550;186765
11/09/2026 18:20;188640;188720;188550;188720
11/09/2026 18:15;188750;188790;188620;188640
11/09/2026 18:10;188820;188970;188650;188745
11/09/2026 18:05;188930;188930;188730;188820
11/09/2026 18:00;188925;189035;188800;188925
11/09/2026 17:55;188730;188960;188715;188920
11/09/2026 17:50;188680;188735;188620;188730
11/09/2026 17:45;188695;188740;188650;188685
11/09/2026 17:40;188630;188740;188550;188700
11/09/2026 17:35;188670;188690;188615;188630
11/09/2026 17:30;188885;188915;188400;188670
11/09/2026 17:25;188970;189015;188855;188880
11/09/2026 17:20;188900;189000;188890;188975
11/09/2026 17:15;188935;188965;188830;188900
11/09/2026 17:10;189075;189080;188810;188940
11/09/2026 17:05;189075;189160;189025;189075
11/09/2026 17:00;189035;189135;188985;189075
11/09/2026 16:55;189010;189100;188910;189040
11/09/2026 16:50;188830;189030;188795;189015
11/09/2026 16:45;188805;188860;188715;188830
11/09/2026 16:40;188745;188830;188680;188805
11/09/2026 16:35;188880;188905;188725;188750
11/09/2026 16:30;188760;188955;188750;188885
11/09/2026 16:25;188675;188810;188660;188760
11/09/2026 16:20;188705;188755;188620;188675
11/09/2026 16:15;188755;188895;188600;188705
11/09/2026 16:10;188635;188770;188600;188755
11/09/2026 16:05;188575;188770;188510;188630
11/09/2026 16:00;188435;188585;188380;188580
11/09/2026 15:55;188410;188500;188365;188430
11/09/2026 15:50;188530;188530;188385;188405
11/09/2026 15:45;188415;188550;188360;188530
11/09/2026 15:40;188300;188430;188235;188415
11/09/2026 15:35;188220;188370;188145;188305
11/09/2026 15:30;188405;188435;188075;188220
11/09/2026 15:25;188455;188610;188370;188400
11/09/2026 15:20;188670;188690;188320;188455
11/09/2026 15:15;188640;188695;188550;188675
11/09/2026 15:10;188665;188725;188580;188640
11/09/2026 15:05;188770;188800;188575;188665
11/09/2026 15:00;188560;188820;188455;188765
11/09/2026 14:55;188665;188700;188425;188560
11/09/2026 14:50;188380;188775;188355;188660
11/09/2026 14:45;188695;188700;188320;188385
11/09/2026 14:40;188890;188930;188520;188695
11/09/2026 14:35;188905;188930;188640;188890
11/09/2026 14:30;189270;189280;188805;188905
11/09/2026 14:25;189315;189360;189265;189270
11/09/2026 14:20;189270;189380;189255;189320
11/09/2026 14:15;189375;189400;189180;189265
11/09/2026 14:10;189345;189400;189275;189370
11/09/2026 14:05;189355;189435;189290;189350
11/09/2026 14:00;189360;189410;189275;189350
11/09/2026 13:55;189270;189420;189240;189360
11/09/2026 13:50;189370;189410;189205;189270
11/09/2026 13:45;189365;189405;189275;189370
11/09/2026 13:40;189350;189425;189260;189365
11/09/2026 13:35;189740;189795;189335;189345
11/09/2026 13:30;189540;189875;189525;189740
11/09/2026 13:25;189460;189610;189460;189540
11/09/2026 13:20;189415;189495;189350;189465
11/09/2026 13:15;189595;189665;189305;189420
11/09/2026 13:10;189455;189620;189455;189600
11/09/2026 13:05;189555;189570;189360;189455
11/09/2026 13:00;189315;189615;189295;189550
11/09/2026 12:55;189265;189330;189195;189315
11/09/2026 12:50;189495;189540;189170;189260
11/09/2026 12:45;189450;189505;189235;189495
11/09/2026 12:40;189395;189520;189350;189445
11/09/2026 12:35;189415;189465;189275;189400
11/09/2026 12:30;189360;189530;189350;189410
11/09/2026 12:25;189385;189520;189340;189355
11/09/2026 12:20;189420;189470;189305;189390
11/09/2026 12:15;189090;189425;189090;189420
11/09/2026 12:10;189205;189240;188910;189090
11/09/2026 12:05;189290;189465;189140;189200
11/09/2026 12:00;189335;189595;189230;189290
11/09/2026 11:55;189325;189425;189275;189335
11/09/2026 11:50;189325;189410;189135;189320
11/09/2026 11:45;188900;189500;188890;189325
11/09/2026 11:40;188715;188940;188670;188900
11/09/2026 11:35;188880;188960;188555;188715
11/09/2026 11:30;188870;189025;188825;188885
11/09/2026 11:25;188865;188910;188640;188875
11/09/2026 11:20;189300;189380;188770;188860
11/09/2026 11:15;189160;189325;188905;189305
11/09/2026 11:10;189140;189400;189005;189155
11/09/2026 11:05;188935;189225;188825;189145
11/09/2026 11:00;189370;189380;188575;188940
11/09/2026 10:55;189225;189420;189145;189370
11/09/2026 10:50;189200;189375;188990;189225
11/09/2026 10:45;189240;189520;189120;189200
11/09/2026 10:40;189245;189475;189005;189245
11/09/2026 10:35;189430;189645;188820;189245
11/09/2026 10:30;189695;189760;189125;189430
11/09/2026 10:25;189595;189985;189510;189705
11/09/2026 10:20;189495;189650;189275;189595
11/09/2026 10:15;189425;189565;189030;189500
11/09/2026 10:10;189755;189770;189325;189430
11/09/2026 10:05;190295;190485;189555;189755
11/09/2026 10:00;189950;190585;189940;190295
11/09/2026 09:55;189235;190075;189185;189945
11/09/2026 09:50;189230;189435;189160;189235
11/09/2026 09:45;189150;189370;189070;189225
11/09/2026 09:40;189380;189585;189050;189150
11/09/2026 09:35;189120;189425;189055;189375
11/09/2026 09:30;189415;189475;188810;189120
11/09/2026 09:25;189705;189760;189285;189415
11/09/2026 09:20;189735;189935;189615;189710
11/09/2026 09:15;189715;189825;189575;189735
11/09/2026 09:10;189775;189870;189560;189715
11/09/2026 09:05;190610;190610;189660;189780
11/09/2026 09:00;191060;191345;190480;190610
10/09/2026 18:20;190275;190465;190205;190465
10/09/2026 18:15;190190;190310;190130;190275
10/09/2026 18:10;190305;190310;190120;190195
10/09/2026 18:05;190275;190345;190250;190305
10/09/2026 18:00;190305;190360;190235;190280
10/09/2026 17:55;190335;190365;190285;190300
10/09/2026 17:50;190255;190400;190235;190330
10/09/2026 17:45;190235;190290;190225;190260
10/09/2026 17:40;190290;190300;190215;190235
10/09/2026 17:35;190265;190325;190235;190295
10/09/2026 17:30;190175;190300;190150;190260
10/09/2026 17:25;190125;190205;190075;190175
10/09/2026 17:20;190250;190275;190100;190130
10/09/2026 17:15;190415;190425;190240;190250
10/09/2026 17:10;190450;190485;190330;190410
10/09/2026 17:05;190330;190480;190300;190450
10/09/2026 17:00;190445;190540;190275;190330
10/09/2026 16:55;190460;190485;190310;190440
10/09/2026 16:50;190455;190495;190355;190455
10/09/2026 16:45;190520;190590;190400;190455
10/09/2026 16:40;190520;190640;190475;190520
10/09/2026 16:35;190415;190565;190415;190515
10/09/2026 16:30;190390;190425;190265;190415
10/09/2026 16:25;190295;190415;190255;190385
10/09/2026 16:20;190230;190335;190190;190300
10/09/2026 16:15;190140;190250;190085;190235
10/09/2026 16:10;190385;190405;190075;190135
10/09/2026 16:05;190365;190405;190200;190390
10/09/2026 16:00;190380;190435;190240;190365
10/09/2026 15:55;190335;190430;190240;190380
10/09/2026 15:50;190060;190340;189990;190335
10/09/2026 15:45;190180;190190;189980;190060
10/09/2026 15:40;190070;190325;190055;190180
10/09/2026 15:35;190040;190165;189905;190070
10/09/2026 15:30;189995;190100;189900;190040
10/09/2026 15:25;190030;190145;189965;190000
10/09/2026 15:20;189870;190070;189805;190030
10/09/2026 15:15;189875;189900;189750;189875
10/09/2026 15:10;189880;189900;189690;189875
10/09/2026 15:05;189900;190075;189770;189880
10/09/2026 15:00;189815;190075;189785;189900
10/09/2026 14:55;189590;189880;189555;189820
10/09/2026 14:50;189785;189805;189555;189590
10/09/2026 14:45;190120;190145;189720;189785
10/09/2026 14:40;190215;190260;190085;190125
10/09/2026 14:35;190475;190665;190165;190210
10/09/2026 14:30;190480;190715;190300;190470
10/09/2026 14:25;190430;190580;190300;190480
10/09/2026 14:20;190325;190490;190305;190435
10/09/2026 14:15;190045;190370;190040;190325
10/09/2026 14:10;190100;190240;190040;190045
10/09/2026 14:05;190015;190135;189935;190095
10/09/2026 14:00;190125;190135;189865;190015
10/09/2026 13:55;189995;190140;189970;190125
10/09/2026 13:50;190045;190105;189860;189990
10/09/2026 13:45;189915;190185;189910;190050
10/09/2026 13:40;189890;190025;189690;189915
10/09/2026 13:35;189765;189955;189670;189895
10/09/2026 13:30;189790;190070;189745;189765
10/09/2026 13:25;189625;189815;189560;189795
10/09/2026 13:20;189520;189835;189490;189625
10/09/2026 13:15;189600;189620;189335;189520
10/09/2026 13:10;189545;189690;189485;189595
10/09/2026 13:05;189400;189585;189315;189545
10/09/2026 13:00;189305;189610;189180;189400
10/09/2026 12:55;189375;189405;189235;189310
10/09/2026 12:50;189595;189700;189325;189375
10/09/2026 12:45;189665;189700;189455;189600
10/09/2026 12:40;189910;189925;189645;189665
10/09/2026 12:35;190150;190255;189755;189910
10/09/2026 12:30;190275;190365;190105;190150
10/09/2026 12:25;190605;190625;190220;190275
10/09/2026 12:20;190695;190760;190560;190605
10/09/2026 12:15;190555;190765;190515;190700
10/09/2026 12:10;190415;190695;190360;190555
10/09/2026 12:05;190405;190655;190355;190420
10/09/2026 12:00;190405;190780;190315;190410
10/09/2026 11:55;190115;190430;189885;190410
10/09/2026 11:50;189785;190205;189775;190115
10/09/2026 11:45;189345;189825;189325;189790
10/09/2026 11:40;189125;189485;189080;189345
10/09/2026 11:35;188800;189335;188795;189125
10/09/2026 11:30;188700;188945;188590;188800
10/09/2026 11:25;188530;188930;188525;188705
10/09/2026 11:20;188050;188565;188030;188525
10/09/2026 11:15;187785;188240;187765;188045
10/09/2026 11:10;187915;187965;187675;187785
10/09/2026 11:05;187910;188145;187590;187910
10/09/2026 11:00;187525;188030;187500;187910
10/09/2026 10:55;187575;187650;187360;187525
10/09/2026 10:50;187295;187600;187050;187580
10/09/2026 10:45;187295;187480;187220;187295
10/09/2026 10:40;187310;187500;187180;187300
10/09/2026 10:35;187520;187575;186960;187310
10/09/2026 10:30;187135;187795;186975;187520
10/09/2026 10:25;186745;187190;186625;187135
10/09/2026 10:20;186895;187035;186735;186750
10/09/2026 10:15;186765;186955;186560;186890
10/09/2026 10:10;187380;187400;186665;186770
10/09/2026 10:05;187250;187510;187165;187380
10/09/2026 10:00;187195;187295;186820;187245
10/09/2026 09:55;187105;187210;186985;187200
10/09/2026 09:50;187120;187275;187075;187100
10/09/2026 09:45;187105;187330;186965;187120
10/09/2026 09:40;186880;187285;186860;187110
10/09/2026 09:35;186955;187125;186775;186885
10/09/2026 09:30;187210;187535;186675;186955
10/09/2026 09:25;187245;187315;186965;187210
10/09/2026 09:20;187090;187335;186965;187250
10/09/2026 09:15;186720;187185;186620;187085
10/09/2026 09:10;186340;186810;186285;186720
10/09/2026 09:05;187695;187825;186275;186335
10/09/2026 09:00;187500;187740;187025;187695
09/09/2026 18:20;188465;188550;188405;188550
09/09/2026 18:15;188575;188645;188455;188475
09/09/2026 18:10;188545;188645;188475;188575
09/09/2026 18:05;188725;188790;188465;188545
09/09/2026 18:00;188565;188810;188530;188730
09/09/2026 17:55;188465;188590;188420;188570
09/09/2026 17:50;188415;188490;188405;188470
09/09/2026 17:45;188390;188455;188350;188415
09/09/2026 17:40;188380;188475;188350;188395
09/09/2026 17:35;188410;188450;188350;188375
09/09/2026 17:30;188320;188430;188275;188410
09/09/2026 17:25;188235;188340;188200;188315
09/09/2026 17:20;188200;188285;188185;188230
09/09/2026 17:15;188205;188250;188135;188200
09/09/2026 17:10;188025;188245;188000;188205
09/09/2026 17:05;187860;188145;187860;188025
09/09/2026 17:00;187880;187965;187810;187860
09/09/2026 16:55;187910;187960;187855;187880
09/09/2026 16:50;187865;187950;187800;187910
09/09/2026 16:45;187900;187930;187735;187870
09/09/2026 16:40;187815;188000;187795;187895
09/09/2026 16:35;187760;187885;187730;187815
09/09/2026 16:30;187660;187790;187620;187760
09/09/2026 16:25;187765;187800;187590;187665
09/09/2026 16:20;187665;187815;187635;187770
09/09/2026 16:15;187490;187675;187455;187670
09/09/2026 16:10;187470;187530;187425;187490
09/09/2026 16:05;187395;187550;187390;187465
09/09/2026 16:00;187465;187500;187365;187395
09/09/2026 15:55;187495;187520;187325;187465
09/09/2026 15:50;187450;187520;187415;187500
09/09/2026 15:45;187640;187665;187400;187455
09/09/2026 15:40;187715;187745;187550;187640
09/09/2026 15:35;187900;187945;187695;187710
09/09/2026 15:30;187815;187990;187770;187895
09/09/2026 15:25;187800;187915;187795;187815
09/09/2026 15:20;187850;187905;187790;187805
09/09/2026 15:15;187725;187885;187710;187855
09/09/2026 15:10;187700;187735;187655;187720
09/09/2026 15:05;187760;187780;187640;187700
09/09/2026 15:00;187765;187860;187725;187755
09/09/2026 14:55;187820;187845;187735;187760
09/09/2026 14:50;187825;187870;187745;187820
09/09/2026 14:45;187835;187860;187710;187820
09/09/2026 14:40;187815;187920;187780;187840
09/09/2026 14:35;187915;187925;187700;187810
09/09/2026 14:30;187970;188005;187855;187915
09/09/2026 14:25;187930;188165;187875;187965
09/09/2026 14:20;188040;188060;187915;187935
09/09/2026 14:15;187955;188115;187945;188035
09/09/2026 14:10;187875;188000;187860;187965
09/09/2026 14:05;187875;187935;187800;187875
09/09/2026 14:00;187810;187925;187745;187875
09/09/2026 13:55;187975;187985;187740;187805
09/09/2026 13:50;187980;188020;187885;187980
09/09/2026 13:45;187925;188085;187880;187980
09/09/2026 13:40;187765;188025;187760;187920
09/09/2026 13:35;187730;187825;187695;187765
09/09/2026 13:30;187605;187795;187590;187730
09/09/2026 13:25;187590;187650;187505;187605
09/09/2026 13:20;187460;187595;187455;187585
09/09/2026 13:15;187660;187685;187370;187465
09/09/2026 13:10;187385;187690;187350;187655
09/09/2026 13:05;187535;187605;187365;187380
09/09/2026 13:00;187480;187595;187390;187535
09/09/2026 12:55;187510;187640;187455;187480
09/09/2026 12:50;187670;187715;187500;187510
09/09/2026 12:45;187800;187815;187605;187670
09/09/2026 12:40;187805;187995;187740;187800
09/09/2026 12:35;187425;187835;187400;187810
09/09/2026 12:30;187420;187495;187315;187430
09/09/2026 12:25;187085;187500;187055;187420
09/09/2026 12:20;187090;187125;186895;187090
09/09/2026 12:15;187270;187375;187040;187095
09/09/2026 12:10;187375;187400;187180;187270
09/09/2026 12:05;187470;187500;187135;187375
09/09/2026 12:00;187765;188050;187405;187470
09/09/2026 11:55;187725;187790;187620;187765
09/09/2026 11:50;187785;188000;187705;187725
09/09/2026 11:45;188100;188110;187630;187780
09/09/2026 11:40;188190;188230;188045;188100
09/09/2026 11:35;188165;188485;188130;188190
09/09/2026 11:30;188255;188445;188065;188160
09/09/2026 11:25;188320;188435;188170;188255
09/09/2026 11:20;188285;188515;188210;188325
09/09/2026 11:15;188395;188425;188175;188285
09/09/2026 11:10;188545;188575;188280;188390
09/09/2026 11:05;188680;188685;188320;188550
09/09/2026 11:00;188780;189055;188605;188680
09/09/2026 10:55;188940;188995;188525;188775
09/09/2026 10:50;189085;189385;188810;188940
09/09/2026 10:45;188635;189195;188560;189090
09/09/2026 10:40;188130;188785;188115;188635
09/09/2026 10:35;188635;188695;188100;188130
09/09/2026 10:30;188685;188985;188445;188635
09/09/2026 10:25;188405;188875;188315;188675
09/09/2026 10:20;188495;188700;188355;188410
09/09/2026 10:15;188880;188970;188410;188495
09/09/2026 10:10;188965;189065;188580;188875
09/09/2026 10:05;188815;189030;188750;188965
09/09/2026 10:00;188865;189070;188680;188810
09/09/2026 09:55;188805;188930;188760;188870
09/09/2026 09:50;188990;188995;188600;188805
09/09/2026 09:45;188820;189095;188795;188995
09/09/2026 09:40;188685;188870;188515;188815
09/09/2026 09:35;188850;188995;188665;188685
09/09/2026 09:30;188800;188955;188700;188850
09/09/2026 09:25;189110;189260;188750;188805
09/09/2026 09:20;189150;189190;188800;189110
09/09/2026 09:15;188830;189205;188640;189150
09/09/2026 09:10;189140;189240;188720;188835
09/09/2026 09:05;189345;189665;189075;189140
09/09/2026 09:00;189550;189750;188995;189350
08/09/2026 18:20;190100;190175;190015;190025
08/09/2026 18:15;190105;190220;190090;190100
08/09/2026 18:10;190105;190135;190045;190105
08/09/2026 18:05;190095;190230;189970;190100
08/09/2026 18:00;190045;190125;190040;190095
08/09/2026 17:55;189975;190115;189965;190045
08/09/2026 17:50;189975;190005;189960;189980
08/09/2026 17:45;189995;190030;189955;189980
08/09/2026 17:40;190030;190080;189950;189990
08/09/2026 17:35;189950;190085;189920;190035
08/09/2026 17:30;190050;190065;189885;189955
08/09/2026 17:25;190100;190105;189955;190050
08/09/2026 17:20;190100;190140;190035;190105
08/09/2026 17:15;190040;190145;190020;190100
08/09/2026 17:10;189800;190065;189765;190035
08/09/2026 17:05;189770;189900;189695;189795
08/09/2026 17:00;189970;190000;189760;189765
08/09/2026 16:55;189945;190030;189860;189970
08/09/2026 16:50;189965;190010;189810;189945
08/09/2026 16:45;190035;190045;189945;189970
08/09/2026 16:40;190065;190100;189960;190035
08/09/2026 16:35;189930;190150;189925;190065
08/09/2026 16:30;190055;190060;189815;189930
08/09/2026 16:25;190155;190165;189985;190055
08/09/2026 16:20;190150;190210;190020;190160
08/09/2026 16:15;190240;190325;190120;190150
08/09/2026 16:10;190435;190435;190220;190245
08/09/2026 16:05;190620;190735;190335;190435
08/09/2026 16:00;190595;190670;190535;190625
08/09/2026 15:55;190600;190625;190515;190590
08/09/2026 15:50;190520;190635;190285;190605
08/09/2026 15:45;191010;191050;190455;190515
08/09/2026 15:40;190880;191045;190875;191010
08/09/2026 15:35;190865;190915;190815;190875
08/09/2026 15:30;190870;190935;190785;190870
08/09/2026 15:25;190730;190870;190685;190865
08/09/2026 15:20;190565;190755;190495;190725
08/09/2026 15:15;190555;190620;190515;190565
08/09/2026 15:10;190505;190700;190465;190555
08/09/2026 15:05;190235;190580;190200;190500
08/09/2026 15:00;190055;190345;190050;190235
08/09/2026 14:55;189920;190140;189900;190055
08/09/2026 14:50;189975;190025;189905;189925
08/09/2026 14:45;190170;190200;189895;189970
08/09/2026 14:40;190045;190215;189945;190170
08/09/2026 14:35;190060;190125;190025;190040
08/09/2026 14:30;190150;190270;190060;190065
08/09/2026 14:25;190120;190180;189975;190155
08/09/2026 14:20;190035;190215;190005;190120
08/09/2026 14:15;189915;190115;189900;190030
08/09/2026 14:10;189910;189985;189870;189915
08/09/2026 14:05;189835;189995;189775;189910
08/09/2026 14:00;189735;189895;189720;189835
08/09/2026 13:55;189710;189755;189555;189735
08/09/2026 13:50;189780;189830;189685;189705
08/09/2026 13:45;189915;189950;189660;189780
08/09/2026 13:40;189820;189955;189770;189910
08/09/2026 13:35;189915;189935;189795;189815
08/09/2026 13:30;189785;189950;189780;189920
08/09/2026 13:25;189770;189885;189725;189780
08/09/2026 13:20;189980;190125;189765;189770
08/09/2026 13:15;189990;190055;189910;189980
08/09/2026 13:10;189950;190055;189860;189990
08/09/2026 13:05;189975;190030;189860;189955
08/09/2026 13:00;190085;190120;189880;189975
08/09/2026 12:55;190355;190375;189925;190090
08/09/2026 12:50;190530;190610;190335;190355
08/09/2026 12:45;190585;190665;190495;190530
08/09/2026 12:40;190670;190725;190515;190585
08/09/2026 12:35;190805;190850;190650;190665
08/09/2026 12:30;190780;190915;190665;190805
08/09/2026 12:25;190850;190915;190715;190785
08/09/2026 12:20;190815;190955;190695;190855
08/09/2026 12:15;191080;191105;190710;190810
08/09/2026 12:10;191190;191215;190970;191080
08/09/2026 12:05;191115;191295;191100;191190
08/09/2026 12:00;191250;191265;190955;191120
08/09/2026 11:55;191425;191460;191145;191250
08/09/2026 11:50;191560;191580;191285;191430
08/09/2026 11:45;191285;191685;191275;191565
08/09/2026 11:40;191280;191310;190985;191290
08/09/2026 11:35;191695;191715;191240;191280
08/09/2026 11:30;191605;191770;191560;191695
08/09/2026 11:25;191415;191685;191405;191605
08/09/2026 11:20;191245;191520;191035;191410
08/09/2026 11:15;191455;191465;190885;191245
08/09/2026 11:10;191665;191865;191280;191455
08/09/2026 11:05;191615;191930;191515;191670
08/09/2026 11:00;191440;191740;191425;191615
08/09/2026 10:55;191575;191630;191240;191440
08/09/2026 10:50;191070;191660;191025;191570
08/09/2026 10:45;191200;191630;190960;191065
08/09/2026 10:40;190440;191270;190430;191200
08/09/2026 10:35;189990;190565;189960;190440
08/09/2026 10:30;190315;190360;189795;189990
08/09/2026 10:25;190380;190515;190155;190320
08/09/2026 10:20;190720;190815;190325;190380
08/09/2026 10:15;190435;191115;190250;190725
08/09/2026 10:10;190480;190675;190225;190435
08/09/2026 10:05;190255;190610;190100;190480
08/09/2026 10:00;190230;190750;190190;190255
08/09/2026 09:55;190595;190600;190070;190225
08/09/2026 09:50;189770;190665;189760;190595
08/09/2026 09:45;189595;189880;189510;189770
08/09/2026 09:40;189320;189690;189215;189590
08/09/2026 09:35;189180;189440;189125;189320
08/09/2026 09:30;188945;189310;188875;189180
08/09/2026 09:25;188975;189060;188835;188945
08/09/2026 09:20;188940;189155;188735;188970
08/09/2026 09:15;189405;189500;188825;188940
08/09/2026 09:10;190325;190360;189390;189405
08/09/2026 09:05;190035;190430;189895;190330
08/09/2026 09:00;190480;190830;189195;190035
04/09/2026 18:20;187625;187680;187560;187600
04/09/2026 18:15;187570;187650;187505;187620
04/09/2026 18:10;187590;187735;187565;187570
04/09/2026 18:05;187415;187870;187390;187585
04/09/2026 18:00;187520;187550;187310;187420
04/09/2026 17:55;187545;187555;187475;187525
04/09/2026 17:50;187505;187580;187450;187545
04/09/2026 17:45;187630;187640;187495;187505
04/09/2026 17:40;187465;187655;187430;187635
04/09/2026 17:35;187380;187495;187330;187465
04/09/2026 17:30;187330;187440;187320;187380
04/09/2026 17:25;187420;187435;187300;187335
04/09/2026 17:20;187320;187440;187285;187420
04/09/2026 17:15;187495;187500;187280;187320
04/09/2026 17:10;187510;187565;187440;187490
04/09/2026 17:05;187330;187635;187310;187505
04/09/2026 17:00;187295;187350;187170;187325
04/09/2026 16:55;187285;187315;187205;187295
04/09/2026 16:50;187220;187325;187105;187285
04/09/2026 16:45;187225;187270;187180;187220
04/09/2026 16:40;187125;187295;187060;187225
04/09/2026 16:35;187120;187175;187060;187130
04/09/2026 16:30;187330;187330;187025;187115
04/09/2026 16:25;187500;187590;187305;187330
04/09/2026 16:20;187460;187535;187380;187500
04/09/2026 16:15;187435;187490;187360;187460
04/09/2026 16:10;187525;187540;187430;187440
04/09/2026 16:05;187595;187600;187480;187530
04/09/2026 16:00;187655;187760;187555;187600
04/09/2026 15:55;187665;187720;187625;187660
04/09/2026 15:50;187655;187705;187480;187665
04/09/2026 15:45;187770;187780;187640;187660
04/09/2026 15:40;187745;187830;187715;187770
04/09/2026 15:35;187730;187760;187715;187745
04/09/2026 15:30;187775;187790;187640;187735
04/09/2026 15:25;187750;187810;187720;187775
04/09/2026 15:20;187785;187865;187715;187755
04/09/2026 15:15;187820;187935;187730;187780
04/09/2026 15:10;187700;187860;187655;187825
04/09/2026 15:05;187815;187825;187640;187705
04/09/2026 15:00;187820;187885;187785;187815
04/09/2026 14:55;187805;187845;187740;187820
04/09/2026 14:50;187800;187870;187770;187800
04/09/2026 14:45;187785;187830;187670;187805
04/09/2026 14:40;188215;188230;187775;187785
04/09/2026 14:35;187960;188245;187930;188215
04/09/2026 14:30;187955;188015;187840;187965
04/09/2026 14:25;188110;188120;187890;187955
04/09/2026 14:20;188205;188295;188040;188115
04/09/2026 14:15;188165;188275;188020;188200
04/09/2026 14:10;188315;188325;188090;188165
04/09/2026 14:05;188375;188395;188095;188320
04/09/2026 14:00;188520;188630;188355;188370
04/09/2026 13:55;188720;188745;188460;188520
04/09/2026 13:50;188770;188885;188705;188720
04/09/2026 13:45;188730;188795;188670;188765
04/09/2026 13:40;188815;188845;188700;188725
04/09/2026 13:35;188810;188900;188795;188815
04/09/2026 13:30;188745;188835;188730;188810
04/09/2026 13:25;188780;188855;188690;188745
04/09/2026 13:20;188940;188990;188760;188785
04/09/2026 13:15;188725;188980;188705;188935
04/09/2026 13:10;188680;188825;188635;188720
04/09/2026 13:05;188900;188910;188595;188675
04/09/2026 13:00;188805;188965;188690;188900
04/09/2026 12:55;188670;188895;188660;188800
04/09/2026 12:50;188660;188750;188605;188670
04/09/2026 12:45;188380;188675;188340;188660
04/09/2026 12:40;188270;188435;188235;188380
04/09/2026 12:35;188345;188445;188220;188265
04/09/2026 12:30;188280;188395;188260;188345
04/09/2026 12:25;188285;188455;188250;188285
04/09/2026 12:20;188165;188390;188125;188285
04/09/2026 12:15;188145;188265;188105;188170
04/09/2026 12:10;188165;188220;188080;188145
04/09/2026 12:05;188260;188345;188035;188170
04/09/2026 12:00;188060;188315;188060;188265
04/09/2026 11:55;187930;188240;187925;188065
04/09/2026 11:50;187920;188095;187865;187930
04/09/2026 11:45;187955;188110;187780;187915
04/09/2026 11:40;188030;188075;187840;187960
04/09/2026 11:35;187770;188080;187690;188030
04/09/2026 11:30;187790;187885;187560;187765
04/09/2026 11:25;187685;187920;187630;187790
04/09/2026 11:20;187460;187885;187455;187685
04/09/2026 11:15;187240;187630;187160;187465
04/09/2026 11:10;186830;187320;186825;187240
04/09/2026 11:05;186620;186960;186590;186825
04/09/2026 11:00;186320;186760;186315;186620
04/09/2026 10:55;186380;186445;186070;186320
04/09/2026 10:50;186730;186760;186265;186385
04/09/2026 10:45;186625;186925;186535;186725
04/09/2026 10:40;185980;186750;185905;186620
04/09/2026 10:35;186175;186420;185935;185985
04/09/2026 10:30;185710;186505;185650;186175
04/09/2026 10:25;186330;186340;185520;185710
04/09/2026 10:20;186290;186670;186160;186330
04/09/2026 10:15;186715;186855;186195;186290
04/09/2026 10:10;186740;186875;186435;186710
04/09/2026 10:05;186665;187085;186645;186740
04/09/2026 10:00;187040;187120;186630;186665
04/09/2026 09:55;186775;187085;186670;187035
04/09/2026 09:50;186970;187165;186740;186780
04/09/2026 09:45;186920;187080;186715;186970
04/09/2026 09:40;187030;187220;186875;186915
04/09/2026 09:35;187070;187365;186925;187035
04/09/2026 09:30;187395;187455;185950;187070
04/09/2026 09:25;187770;187820;187155;187390
04/09/2026 09:20;187730;187915;187530;187770
04/09/2026 09:15;187715;187825;187580;187735
04/09/2026 09:10;187940;187960;187400;187720
04/09/2026 09:05;188010;188125;187620;187940
04/09/2026 09:00;187870;188340;187135;188010
03/09/2026 18:20;187815;187870;187695;187695
03/09/2026 18:15;187850;187900;187790;187815
03/09/2026 18:10;187820;187880;187775;187855
03/09/2026 18:05;187740;187865;187710;187820
03/09/2026 18:00;187775;187800;187720;187740
03/09/2026 17:55;187885;187900;187715;187775
03/09/2026 17:50;187910;187940;187855;187885
03/09/2026 17:45;187955;187965;187885;187915
03/09/2026 17:40;187865;187970;187845;187955
03/09/2026 17:35;187825;187880;187790;187870
03/09/2026 17:30;187955;187995;187800;187825
03/09/2026 17:25;187890;187995;187885;187955
03/09/2026 17:20;187705;187915;187700;187890
03/09/2026 17:15;187690;187765;187670;187705
03/09/2026 17:10;187695;187765;187620;187690
03/09/2026 17:05;187710;187735;187575;187695
03/09/2026 17:00;187865;187880;187675;187705
03/09/2026 16:55;187750;187870;187670;187865
03/09/2026 16:50;188005;188040;187735;187755
03/09/2026 16:45;187785;188045;187730;188005
03/09/2026 16:40;187780;187830;187725;187785
03/09/2026 16:35;187885;187915;187725;187780
03/09/2026 16:30;187745;187925;187710;187885
03/09/2026 16:25;187635;187775;187555;187745
03/09/2026 16:20;187590;187735;187575;187630
03/09/2026 16:15;187545;187625;187520;187585
03/09/2026 16:10;187485;187565;187430;187545
03/09/2026 16:05;187400;187495;187330;187480
03/09/2026 16:00;187450;187470;187345;187400
03/09/2026 15:55;187540;187600;187365;187455
03/09/2026 15:50;187480;187575;187470;187545
03/09/2026 15:45;187490;187525;187435;187485
03/09/2026 15:40;187425;187520;187390;187490
03/09/2026 15:35;187355;187485;187300;187425
03/09/2026 15:30;187475;187495;187300;187355
03/09/2026 15:25;187550;187600;187450;187475
03/09/2026 15:20;187530;187710;187485;187550
03/09/2026 15:15;187540;187590;187480;187530
03/09/2026 15:10;187335;187555;187315;187540
03/09/2026 15:05;187365;187450;187305;187335
03/09/2026 15:00;187455;187485;187305;187365
03/09/2026 14:55;187425;187480;187330;187460
03/09/2026 14:50;187380;187430;187320;187420
03/09/2026 14:45;187480;187595;187375;187380
03/09/2026 14:40;187465;187490;187350;187480
03/09/2026 14:35;187500;187545;187415;187465
03/09/2026 14:30;187430;187525;187415;187505
03/09/2026 14:25;187465;187525;187385;187430
03/09/2026 14:20;187500;187570;187455;187465
03/09/2026 14:15;187540;187575;187435;187500
03/09/2026 14:10;187470;187560;187460;187535
03/09/2026 14:05;187385;187525;187340;187470
03/09/2026 14:00;187330;187505;187215;187385
03/09/2026 13:55;187365;187450;187270;187325
03/09/2026 13:50;187590;187620;187320;187365
03/09/2026 13:45;187505;187620;187465;187585
03/09/2026 13:40;187385;187570;187350;187505
03/09/2026 13:35;187425;187460;187335;187390
03/09/2026 13:30;187655;187680;187255;187420
03/09/2026 13:25;187720;187795;187635;187660
03/09/2026 13:20;187835;187850;187690;187725
03/09/2026 13:15;187875;187925;187775;187840
03/09/2026 13:10;188045;188065;187820;187880
03/09/2026 13:05;188110;188160;187970;188040
03/09/2026 13:00;188225;188340;188000;188110
03/09/2026 12:55;188370;188380;188155;188225
03/09/2026 12:50;188405;188470;188305;188375
03/09/2026 12:45;188305;188550;188275;188410
03/09/2026 12:40;188415;188450;188250;188305
03/09/2026 12:35;188545;188595;188340;188415
03/09/2026 12:30;188425;188620;188375;188545
03/09/2026 12:25;188180;188455;188105;188420
03/09/2026 12:20;188440;188465;188175;188180
03/09/2026 12:15;188500;188565;188360;188440
03/09/2026 12:10;188580;188635;188445;188500
03/09/2026 12:05;188740;188770;188555;188575
03/09/2026 12:00;188680;189055;188650;188745
03/09/2026 11:55;188925;188945;188575;188675
03/09/2026 11:50;188915;189180;188900;188925
03/09/2026 11:45;188915;189050;188845;188915
03/09/2026 11:40;188855;189085;188765;188915
03/09/2026 11:35;188860;189140;188820;188855
03/09/2026 11:30;189165;189235;188790;188865
03/09/2026 11:25;189315;189430;189090;189165
03/09/2026 11:20;189565;189635;189280;189310
03/09/2026 11:15;189460;189845;189360;189565
03/09/2026 11:10;189690;189755;189295;189465
03/09/2026 11:05;190385;190400;189555;189690
03/09/2026 11:00;190360;190720;190225;190390
03/09/2026 10:55;190350;190560;190225;190365
03/09/2026 10:50;190200;190640;190155;190345
03/09/2026 10:45;190585;190620;190060;190200
03/09/2026 10:40;190690;190735;190240;190580
03/09/2026 10:35;190780;191390;190605;190695
03/09/2026 10:30;191310;191410;190370;190780
03/09/2026 10:25;191165;191480;190970;191315
03/09/2026 10:20;190385;191220;190335;191165
03/09/2026 10:15;190405;190520;190015;190380
03/09/2026 10:10;190420;190555;190060;190410
03/09/2026 10:05;190785;190880;190200;190415
03/09/2026 10:00;190560;191175;190480;190785
03/09/2026 09:55;190305;190840;190260;190565
03/09/2026 09:50;190255;190415;190115;190310
03/09/2026 09:45;190260;190445;190150;190255
03/09/2026 09:40;190590;190605;190200;190255
03/09/2026 09:35;190240;190735;190140;190590
03/09/2026 09:30;190275;190585;190085;190240
03/09/2026 09:25;189990;190300;189880;190280
03/09/2026 09:20;189790;190035;189680;189990
03/09/2026 09:15;189520;189975;189505;189785
03/09/2026 09:10;189995;190020;189320;189515
03/09/2026 09:05;189770;190115;189470;189995
03/09/2026 09:00;189480;190360;189420;189765
02/09/2026 18:20;187865;187950;187855;187900
02/09/2026 18:15;187950;188035;187820;187870
02/09/2026 18:10;187925;187955;187895;187945
02/09/2026 18:05;187980;187985;187860;187925
02/09/2026 18:00;187935;188045;187925;187980
02/09/2026 17:55;187955;187980;187915;187940
02/09/2026 17:50;187945;187980;187900;187960
02/09/2026 17:45;187910;187980;187900;187950
02/09/2026 17:40;187955;188030;187890;187910
02/09/2026 17:35;187905;187990;187900;187960
02/09/2026 17:30;187930;188000;187890;187905
02/09/2026 17:25;187965;188065;187890;187935
02/09/2026 17:20;187920;187980;187865;187970
02/09/2026 17:15;188060;188065;187835;187920
02/09/2026 17:10;187945;188095;187945;188060
02/09/2026 17:05;187785;188150;187770;187945
02/09/2026 17:00;187800;187850;187725;187790
02/09/2026 16:55;187740;187870;187705;187795
02/09/2026 16:50;187735;187765;187575;187740
02/09/2026 16:45;187760;187810;187650;187740
02/09/2026 16:40;187760;187835;187680;187760
02/09/2026 16:35;187790;187885;187735;187765
02/09/2026 16:30;187800;187830;187695;187785
02/09/2026 16:25;187760;187805;187625;187800
02/09/2026 16:20;187950;187965;187680;187760
02/09/2026 16:15;187905;187980;187890;187955
02/09/2026 16:10;187725;187945;187720;187905
02/09/2026 16:05;187675;187795;187665;187725
02/09/2026 16:00;187685;187745;187580;187675
02/09/2026 15:55;187615;187705;187605;187685
02/09/2026 15:50;187585;187700;187565;187610
02/09/2026 15:45;187505;187650;187495;187585
02/09/2026 15:40;187570;187705;187490;187500
02/09/2026 15:35;187615;187665;187490;187570
02/09/2026 15:30;187515;187765;187505;187610
02/09/2026 15:25;187400;187595;187370;187520
02/09/2026 15:20;187640;187800;187360;187395
02/09/2026 15:15;187455;187880;187430;187640
02/09/2026 15:10;187430;187540;187410;187455
02/09/2026 15:05;187530;187630;187425;187430
02/09/2026 15:00;187350;187600;187305;187530
02/09/2026 14:55;187205;187465;187175;187355
02/09/2026 14:50;187145;187250;187000;187200
02/09/2026 14:45;187255;187335;187120;187145
02/09/2026 14:40;187210;187340;187140;187255
02/09/2026 14:35;187235;187375;187180;187205
02/09/2026 14:30;187225;187265;187170;187235
02/09/2026 14:25;187135;187285;187120;187230
02/09/2026 14:20;186885;187260;186845;187140
02/09/2026 14:15;187100;187105;186865;186890
02/09/2026 14:10;187250;187265;187085;187100
02/09/2026 14:05;187460;187505;187230;187255
02/09/2026 14:00;187470;187630;187350;187460
02/09/2026 13:55;187515;187580;187455;187470
02/09/2026 13:50;187395;187560;187370;187510
02/09/2026 13:45;187485;187665;187320;187395
02/09/2026 13:40;187490;187540;187375;187485
02/09/2026 13:35;187410;187585;187375;187495
02/09/2026 13:30;187150;187450;187140;187410
02/09/2026 13:25;187235;187335;187145;187155
02/09/2026 13:20;187145;187390;187130;187230
02/09/2026 13:15;187020;187320;186805;187145
02/09/2026 13:10;187120;187150;186935;187020
02/09/2026 13:05;187235;187245;186980;187115
02/09/2026 13:00;187530;187560;187185;187240
02/09/2026 12:55;187720;187765;187510;187530
02/09/2026 12:50;188020;188045;187705;187720
02/09/2026 12:45;188060;188210;187945;188020
02/09/2026 12:40;188175;188350;188060;188060
02/09/2026 12:35;188080;188275;188075;188180
02/09/2026 12:30;188050;188235;187955;188085
02/09/2026 12:25;187850;188135;187815;188050
02/09/2026 12:20;187875;187920;187720;187850
02/09/2026 12:15;188490;188585;187840;187875
02/09/2026 12:10;188445;188645;188290;188485
02/09/2026 12:05;188320;188690;188250;188440
02/09/2026 12:00;187575;188930;187475;188315
02/09/2026 11:55;187620;187625;187320;187575
02/09/2026 11:50;187770;187795;187315;187625
02/09/2026 11:45;187590;187825;187490;187775
02/09/2026 11:40;187815;187865;187470;187585
02/09/2026 11:35;187635;187945;187565;187815
02/09/2026 11:30;187525;187730;187455;187635
02/09/2026 11:25;187550;187680;187365;187530
02/09/2026 11:20;187185;187585;187125;187550
02/09/2026 11:15;187020;187455;187015;187185
02/09/2026 11:10;186595;187035;186535;187025
02/09/2026 11:05;186715;186850;186500;186600
02/09/2026 11:00;186355;186795;186225;186710
02/09/2026 10:55;185740;186540;185640;186355
02/09/2026 10:50;185465;186110;185410;185740
02/09/2026 10:45;185675;185720;185370;185465
02/09/2026 10:40;185120;185730;185005;185680
02/09/2026 10:35;184960;185275;184735;185125
02/09/2026 10:30;184560;185140;184325;184960
02/09/2026 10:25;183750;184710;183745;184565
02/09/2026 10:20;183025;183770;182780;183750
02/09/2026 10:15;182765;183325;182665;183030
02/09/2026 10:10;183130;183240;182750;182760
02/09/2026 10:05;183410;183585;183120;183135
02/09/2026 10:00;183015;183630;183015;183410
02/09/2026 09:55;183125;183170;183005;183015
02/09/2026 09:50;183200;183280;183085;183125
02/09/2026 09:45;182835;183310;182750;183200
02/09/2026 09:40;183090;183105;182780;182835
02/09/2026 09:35;183175;183275;183040;183090
02/09/2026 09:30;182875;183410;182850;183175
02/09/2026 09:25;182965;183045;182725;182870
02/09/2026 09:20;182790;183110;182750;182965
02/09/2026 09:15;182710;182865;182535;182790
02/09/2026 09:10;182790;182970;182620;182710
02/09/2026 09:05;182970;183285;182670;182790
02/09/2026 09:00;182050;183235;181970;182970
01/09/2026 18:20;182315;182390;182260;182390
01/09/2026 18:15;182320;182375;182220;182315
01/09/2026 18:10;182290;182350;182200;182320
01/09/2026 18:05;182345;182365;182255;182290
01/09/2026 18:00;182195;182370;182175;182350
01/09/2026 17:55;182295;182315;182175;182200
01/09/2026 17:50;182315;182330;182270;182295
01/09/2026 17:45;182270;182335;182215;182320
01/09/2026 17:40;182260;182320;182130;182275
01/09/2026 17:35;182485;182560;182230;182255
01/09/2026 17:30;182530;182535;182430;182490
01/09/2026 17:25;182540;182615;182500;182535
01/09/2026 17:20;182400;182580;182395;182535
01/09/2026 17:15;182295;182430;182290;182405
01/09/2026 17:10;182165;182320;182125;182295
01/09/2026 17:05;182230;182300;182140;182165
01/09/2026 17:00;182380;182400;182200;182225
01/09/2026 16:55;182360;182455;182320;182385
01/09/2026 16:50;182320;182380;182275;182355
01/09/2026 16:45;182275;182380;182230;182320
01/09/2026 16:40;182185;182350;182175;182275
01/09/2026 16:35;182200;182350;182110;182185
01/09/2026 16:30;182615;182630;182135;182200
01/09/2026 16:25;182635;182735;182575;182610
01/09/2026 16:20;182740;182765;182615;182635
01/09/2026 16:15;182900;182925;182735;182735
01/09/2026 16:10;182910;182965;182855;182905
01/09/2026 16:05;183065;183145;182865;182905
01/09/2026 16:00;182885;183100;182885;183060
01/09/2026 15:55;182765;182925;182725;182890
01/09/2026 15:50;182785;182855;182725;182770
01/09/2026 15:45;182995;183025;182745;182785
01/09/2026 15:40;182875;183000;182865;182990
01/09/2026 15:35;182995;183070;182870;182870
01/09/2026 15:30;183035;183090;182960;182995
01/09/2026 15:25;183085;183160;182970;183030
01/09/2026 15:20;183290;183295;183080;183085
01/09/2026 15:15;183190;183335;183175;183295
01/09/2026 15:10;183205;183285;183165;183185
01/09/2026 15:05;183245;183320;183155;183205
01/09/2026 15:00;183230;183350;183215;183250
01/09/2026 14:55;183270;183345;183185;183235
01/09/2026 14:50;183310;183325;183170;183265
01/09/2026 14:45;183370;183465;183305;183310
01/09/2026 14:40;183425;183470;183365;183375
01/09/2026 14:35;183395;183545;183325;183430
01/09/2026 14:30;183215;183440;183205;183395
01/09/2026 14:25;183140;183250;183055;183210
01/09/2026 14:20;183220;183220;183050;183140
01/09/2026 14:15;183250;183390;183210;183215
01/09/2026 14:10;183080;183275;183065;183250
01/09/2026 14:05;183090;183185;182965;183080
01/09/2026 14:00;183060;183220;183025;183090
01/09/2026 13:55;183095;183150;183050;183055
01/09/2026 13:50;183120;183205;183035;183095
01/09/2026 13:45;183040;183235;182960;183120
01/09/2026 13:40;183105;183140;182855;183030
01/09/2026 13:35;182890;183145;182780;183105
01/09/2026 13:30;183015;183035;182855;182885
01/09/2026 13:25;182975;183150;182925;183015
01/09/2026 13:20;183050;183065;182855;182975
01/09/2026 13:15;183365;183440;183030;183055
01/09/2026 13:10;183300;183475;183255;183365
01/09/2026 13:05;183080;183395;183065;183300
01/09/2026 13:00;182895;183135;182875;183075
01/09/2026 12:55;182750;182940;182705;182890
01/09/2026 12:50;182880;182915;182730;182750
01/09/2026 12:45;182785;182965;182750;182880
01/09/2026 12:40;182540;182795;182540;182790
01/09/2026 12:35;182705;182720;182465;182540
01/09/2026 12:30;182750;182820;182660;182705
01/09/2026 12:25;182950;182965;182635;182750
01/09/2026 12:20;183160;183165;182940;182950
01/09/2026 12:15;183070;183260;182940;183160
01/09/2026 12:10;183015;183125;182955;183075
01/09/2026 12:05;183120;183180;182965;183020
01/09/2026 12:00;183495;183595;183070;183125
01/09/2026 11:55;183350;183545;183225;183490
01/09/2026 11:50;183260;183460;183255;183345
01/09/2026 11:45;183380;183535;183250;183260
01/09/2026 11:40;183505;183560;183345;183385
01/09/2026 11:35;183410;183670;183390;183505
01/09/2026 11:30;183445;183480;183190;183415
01/09/2026 11:25;183395;183575;183355;183450
01/09/2026 11:20;182995;183480;182860;183395
01/09/2026 11:15;183215;183250;182860;182990
01/09/2026 11:10;183090;183345;182985;183215
01/09/2026 11:05;182910;183225;182880;183085
01/09/2026 11:00;182370;182985;182145;182905
01/09/2026 10:55;181810;182385;181780;182365
01/09/2026 10:50;181275;181970;181265;181810
01/09/2026 10:45;181265;181490;181045;181275
01/09/2026 10:40;181615;181720;181195;181265
01/09/2026 10:35;181170;181650;181155;181615
01/09/2026 10:30;180270;181280;180215;181175
01/09/2026 10:25;179955;180340;179915;180270
01/09/2026 10:20;180220;180220;179720;179955
01/09/2026 10:15;180545;180740;180190;180220
01/09/2026 10:10;180820;181000;180465;180540
01/09/2026 10:05;181000;181235;180665;180820
01/09/2026 10:00;181195;181555;180945;181005
01/09/2026 09:55;181140;181290;181035;181200
01/09/2026 09:50;180695;181185;180635;181145
01/09/2026 09:45;180565;180935;180545;180700
01/09/2026 09:40;180270;180590;180155;180565
01/09/2026 09:35;180300;180415;180240;180275
01/09/2026 09:30;180475;180490;180120;180300
01/09/2026 09:25;180400;180535;180235;180480
01/09/2026 09:20;180415;180445;180100;180395
01/09/2026 09:15;180335;180715;180265;180415
01/09/2026 09:10;180235;180365;179830;180330
01/09/2026 09:05;179975;180485;179920;180235
01/09/2026 09:00;179390;180145;179000;179975
31/08/2026 18:20;180110;180140;180045;180075
31/08/2026 18:15;180185;180275;180075;180105
31/08/2026 18:10;180190;180225;180135;180185
31/08/2026 18:05;180100;180255;180100;180190
31/08/2026 18:00;179985;180140;179975;180100
31/08/2026 17:55;180000;180015;179955;179985
31/08/2026 17:50;180010;180020;179970;180005
31/08/2026 17:45;180005;180055;179970;180010
31/08/2026 17:40;180070;180075;179980;180000
31/08/2026 17:35;180015;180095;180005;180070
31/08/2026 17:30;180025;180055;179940;180020
31/08/2026 17:25;180055;180075;180020;180020
31/08/2026 17:20;180025;180120;180015;180050
31/08/2026 17:15;180070;180095;180015;180030
31/08/2026 17:10;180110;180115;180000;180075
31/08/2026 17:05;180085;180125;180005;180115
31/08/2026 17:00;180270;180380;180040;180085
31/08/2026 16:55;180200;180290;180170;180265
31/08/2026 16:50;180100;180330;180100;180195
31/08/2026 16:45;180080;180125;180020;180105
31/08/2026 16:40;180245;180285;180060;180080
31/08/2026 16:35;180450;180450;180240;180245
31/08/2026 16:30;180480;180545;180400;180450
31/08/2026 16:25;180430;180510;180395;180475
31/08/2026 16:20;180255;180445;180255;180430
31/08/2026 16:15;180225;180325;180220;180260
31/08/2026 16:10;180205;180255;180180;180220
31/08/2026 16:05;180085;180305;180080;180205
31/08/2026 16:00;180095;180165;180050;180080
31/08/2026 15:55;180135;180185;180065;180090
31/08/2026 15:50;180090;180205;180090;180135
31/08/2026 15:45;180125;180135;180020;180095
31/08/2026 15:40;180025;180185;180015;180125
31/08/2026 15:35;180080;180130;180010;180025
31/08/2026 15:30;179955;180095;179955;180080
31/08/2026 15:25;180010;180035;179910;179955
31/08/2026 15:20;180070;180080;180005;180005
31/08/2026 15:15;180155;180220;180010;180065
31/08/2026 15:10;180150;180200;180090;180160
31/08/2026 15:05;180260;180265;180055;180155
31/08/2026 15:00;180275;180400;180200;180265
31/08/2026 14:55;180265;180370;180190;180270
31/08/2026 14:50;180250;180355;180245;180270
31/08/2026 14:45;180215;180330;180145;180250
31/08/2026 14:40;180110;180230;179995;180215
31/08/2026 14:35;179950;180130;179950;180115
31/08/2026 14:30;179870;179970;179720;179950
31/08/2026 14:25;179980;179995;179845;179870
31/08/2026 14:20;180030;180045;179935;179975
31/08/2026 14:15;180090;180095;179935;180030
31/08/2026 14:10;180200;180210;180065;180090
31/08/2026 14:05;180270;180310;180035;180200
31/08/2026 14:00;180320;180420;180200;180270
31/08/2026 13:55;180280;180340;180260;180325
31/08/2026 13:50;180235;180380;180225;180285
31/08/2026 13:45;180150;180300;180100;180235
31/08/2026 13:40;180035;180160;179975;180150
31/08/2026 13:35;180175;180215;180010;180035
31/08/2026 13:30;180095;180255;180080;180170
31/08/2026 13:25;180035;180095;179960;180090
31/08/2026 13:20;180165;180230;180020;180035
31/08/2026 13:15;180130;180190;180090;180160
31/08/2026 13:10;180030;180150;180015;180130
31/08/2026 13:05;180045;180125;180020;180030
31/08/2026 13:00;179950;180180;179885;180045
31/08/2026 12:55;180045;180070;179840;179950
31/08/2026 12:50;180040;180110;180015;180045
31/08/2026 12:45;180130;180200;180025;180035
31/08/2026 12:40;180025;180195;180015;180130
31/08/2026 12:35;180100;180155;180005;180030
31/08/2026 12:30;180070;180140;179990;180095
31/08/2026 12:25;179800;180085;179775;180070
31/08/2026 12:20;179820;179935;179715;179800
31/08/2026 12:15;179780;180045;179760;179820
31/08/2026 12:10;179650;179835;179520;179780
31/08/2026 12:05;179595;179685;179530;179650
31/08/2026 12:00;179730;179885;179490;179590
31/08/2026 11:55;179410;179855;179405;179730
31/08/2026 11:50;179685;179735;179405;179415
31/08/2026 11:45;179800;179860;179610;179685
31/08/2026 11:40;179660;179820;179565;179800
31/08/2026 11:35;179710;179790;179600;179665
31/08/2026 11:30;179735;179760;179405;179705
31/08/2026 11:25;179900;179930;179600;179740
31/08/2026 11:20;179830;179940;179735;179900
31/08/2026 11:15;179900;179910;179605;179830
31/08/2026 11:10;180080;180090;179775;179905
31/08/2026 11:05;180100;180275;180015;180080
31/08/2026 11:00;180160;180275;179935;180100
31/08/2026 10:55;180235;180355;180055;180155
31/08/2026 10:50;180570;180580;180105;180230
31/08/2026 10:45;180780;180895;180480;180570
31/08/2026 10:40;181110;181185;180770;180785
31/08/2026 10:35;180985;181200;180705;181110
31/08/2026 10:30;180975;181230;180665;180985
31/08/2026 10:25;180730;181050;180630;180975
31/08/2026 10:20;180645;180840;180445;180725
31/08/2026 10:15;181065;181095;180405;180650
31/08/2026 10:10;180785;181190;180780;181055
31/08/2026 10:05;180185;180855;180170;180785
31/08/2026 10:00;179850;180250;179535;180190
31/08/2026 09:55;179865;179950;179710;179850
31/08/2026 09:50;179925;179975;179735;179865
31/08/2026 09:45;179700;180060;179685;179925
31/08/2026 09:40;179680;179740;179505;179700
31/08/2026 09:35;179795;179875;179585;179690
31/08/2026 09:30;179835;179970;179610;179800
31/08/2026 09:25;179790;180010;179715;179835
31/08/2026 09:20;179560;179795;179435;179790
31/08/2026 09:15;180120;180155;179415;179560
31/08/2026 09:10;180290;180630;180115;180125
31/08/2026 09:05;180170;180530;179925;180285
31/08/2026 09:00;178625;180240;178610;180170
28/08/2026 18:20;177740;177815;177640;177640
28/08/2026 18:15;177710;177795;177680;177740
28/08/2026 18:10;177840;177875;177670;177710
28/08/2026 18:05;177770;177870;177625;177840
28/08/2026 18:00;177785;177845;177740;177765
28/08/2026 17:55;177800;177855;177765;177785
28/08/2026 17:50;177855;177870;177755;177805
28/08/2026 17:45;177865;177935;177825;177850
28/08/2026 17:40;178105;178145;177615;177870
28/08/2026 17:35;178285;178400;178065;178110
28/08/2026 17:30;178260;178300;178240;178285
28/08/2026 17:25;178250;178285;178215;178260
28/08/2026 17:20;178265;178300;178235;178245
28/08/2026 17:15;178240;178300;178220;178260
28/08/2026 17:10;178280;178290;178200;178235
28/08/2026 17:05;178270;178290;178175;178280
28/08/2026 17:00;178305;178350;178220;178270
28/08/2026 16:55;178170;178340;178155;178305
28/08/2026 16:50;178285;178305;178125;178175
28/08/2026 16:45;178300;178355;178240;178290
28/08/2026 16:40;178345;178415;178250;178300
28/08/2026 16:35;178235;178360;178140;178350
28/08/2026 16:30;177980;178245;177940;178235
28/08/2026 16:25;177935;178060;177920;177985
28/08/2026 16:20;177945;177970;177850;177935
28/08/2026 16:15;177885;177970;177865;177945
28/08/2026 16:10;177920;177985;177840;177890
28/08/2026 16:05;177875;177940;177820;177915
28/08/2026 16:00;177560;177985;177560;177875
28/08/2026 15:55;177585;177635;177550;177560
28/08/2026 15:50;177485;177650;177460;177585
28/08/2026 15:45;177465;177535;177425;177490
28/08/2026 15:40;177435;177480;177405;177465
28/08/2026 15:35;177385;177510;177380;177440
28/08/2026 15:30;177300;177450;177150;177380
28/08/2026 15:25;177320;177340;177265;177305
28/08/2026 15:20;177470;177510;177230;177315
28/08/2026 15:15;177370;177490;177365;177470
28/08/2026 15:10;177440;177475;177335;177375
28/08/2026 15:05;177415;177500;177355;177445
28/08/2026 15:00;177325;177515;177295;177415
28/08/2026 14:55;177265;177385;177225;177325
28/08/2026 14:50;177330;177365;177245;177260
28/08/2026 14:45;177220;177370;177185;177330
28/08/2026 14:40;177175;177295;177155;177220
28/08/2026 14:35;177200;177320;177160;177180
28/08/2026 14:30;177220;177255;177110;177205
28/08/2026 14:25;177180;177320;177150;177220
28/08/2026 14:20;177200;177270;177130;177180
28/08/2026 14:15;177210;177340;177145;177205
28/08/2026 14:10;177095;177240;177060;177210
28/08/2026 14:05;177125;177195;177070;177095
28/08/2026 14:00;177135;177200;177010;177125
28/08/2026 13:55;177220;177230;177095;177135
28/08/2026 13:50;177175;177270;177090;177220
28/08/2026 13:45;176930;177250;176895;177175
28/08/2026 13:40;177185;177240;176870;176935
28/08/2026 13:35;176985;177295;176970;177185
28/08/2026 13:30;176755;177120;176745;176985
28/08/2026 13:25;176585;176765;176565;176755
28/08/2026 13:20;176555;176640;176455;176585
28/08/2026 13:15;176495;176595;176460;176555
28/08/2026 13:10;176535;176570;176425;176500
28/08/2026 13:05;176495;176575;176425;176535
28/08/2026 13:00;176690;176745;176450;176495
28/08/2026 12:55;176745;176800;176650;176690
28/08/2026 12:50;176660;176835;176620;176745
28/08/2026 12:45;176640;176740;176580;176660
28/08/2026 12:40;176740;176740;176535;176635
28/08/2026 12:35;176995;177080;176710;176740
28/08/2026 12:30;177175;177185;176900;176995
28/08/2026 12:25;177080;177205;177050;177170
28/08/2026 12:20;177020;177130;177005;177080
28/08/2026 12:15;176950;177250;176905;177025
28/08/2026 12:10;176995;177060;176905;176955
28/08/2026 12:05;177125;177140;176945;177000
28/08/2026 12:00;177190;177270;177070;177125
28/08/2026 11:55;177135;177290;177110;177195
28/08/2026 11:50;177210;177280;177025;177135
28/08/2026 11:45;177470;177490;177150;177210
28/08/2026 11:40;177340;177575;177320;177475
28/08/2026 11:35;177605;177635;177310;177340
28/08/2026 11:30;177400;177640;177330;177610
28/08/2026 11:25;177365;177565;177130;177405
28/08/2026 11:20;177165;177525;177130;177370
28/08/2026 11:15;177535;177770;177145;177165
28/08/2026 11:10;177745;177855;177450;177535
28/08/2026 11:05;177850;177935;177585;177745
28/08/2026 11:00;177675;178175;177450;177855
28/08/2026 10:55;177810;178265;177590;177665
28/08/2026 10:50;177850;178070;177685;177805
28/08/2026 10:45;177775;177940;177735;177850
28/08/2026 10:40;177960;178025;177680;177780
28/08/2026 10:35;178085;178300;177855;177955
28/08/2026 10:30;178165;178410;177875;178080
28/08/2026 10:25;178390;178395;178160;178165
28/08/2026 10:20;178590;178700;178295;178390
28/08/2026 10:15;179110;179115;178375;178585
28/08/2026 10:10;178490;179115;178430;179115
28/08/2026 10:05;178510;178780;178415;178490
28/08/2026 10:00;178125;178635;178045;178515
28/08/2026 09:55;178045;178240;177970;178125
28/08/2026 09:50;178445;178515;177910;178045
28/08/2026 09:45;178470;178500;178320;178440
28/08/2026 09:40;178480;178560;178340;178475
28/08/2026 09:35;178995;179010;178385;178480
28/08/2026 09:30;178995;179150;178935;178990
28/08/2026 09:25;179175;179210;178955;178995
28/08/2026 09:20;178890;179220;178870;179180
28/08/2026 09:15;178605;178965;178535;178895
28/08/2026 09:10;178910;178930;178470;178605
28/08/2026 09:05;178050;179060;177965;178910
28/08/2026 09:00;177645;178245;177400;178050
27/08/2026 18:20;177755;177790;177705;177725
27/08/2026 18:15;177735;177795;177705;177755
27/08/2026 18:10;177830;177850;177710;177735
27/08/2026 18:05;177740;177860;177680;177830
27/08/2026 18:00;177860;177870;177715;177740
27/08/2026 17:55;177810;177895;177780;177865
27/08/2026 17:50;177730;177825;177690;177815
27/08/2026 17:45;177770;177780;177715;177735
27/08/2026 17:40;177755;177780;177740;177770
27/08/2026 17:35;177755;177785;177725;177750
27/08/2026 17:30;177765;177770;177700;177755
27/08/2026 17:25;177760;177790;177680;177765
27/08/2026 17:20;177785;177840;177740;177755
27/08/2026 17:15;177710;177790;177665;177785
27/08/2026 17:10;177830;177835;177635;177710
27/08/2026 17:05;177880;177955;177775;177830
27/08/2026 17:00;178000;178025;177825;177880
27/08/2026 16:55;178035;178095;177965;178005
27/08/2026 16:50;177995;178090;177910;178035
27/08/2026 16:45;178045;178100;177975;177990
27/08/2026 16:40;178190;178210;178025;178040
27/08/2026 16:35;178170;178280;178135;178185
27/08/2026 16:30;178035;178220;178030;178165
27/08/2026 16:25;177970;178050;177890;178035
27/08/2026 16:20;177970;178020;177910;177970
27/08/2026 16:15;178050;178080;177930;177975
27/08/2026 16:10;178095;178195;178040;178045
27/08/2026 16:05;178015;178145;177995;178095
27/08/2026 16:00;178035;178150;177995;178015
27/08/2026 15:55;177890;178100;177880;178035
27/08/2026 15:50;177975;178005;177860;177895
27/08/2026 15:45;178095;178120;177965;177970
27/08/2026 15:40;178145;178180;178030;178095
27/08/2026 15:35;178140;178245;178120;178145
27/08/2026 15:30;178110;178190;178085;178140
27/08/2026 15:25;178170;178180;178050;178110
27/08/2026 15:20;178160;178220;178130;178170
27/08/2026 15:15;178085;178260;178070;178160
27/08/2026 15:10;178145;178175;178020;178085
27/08/2026 15:05;177905;178205;177895;178145
27/08/2026 15:00;177975;177985;177710;177900
27/08/2026 14:55;177940;178040;177910;177970
27/08/2026 14:50;178060;178140;177880;177940
27/08/2026 14:45;177985;178070;177910;178060
27/08/2026 14:40;178040;178080;177955;177985
27/08/2026 14:35;178115;178120;177995;178035
27/08/2026 14:30;177965;178185;177965;178115
27/08/2026 14:25;178015;178105;177935;177965
27/08/2026 14:20;178060;178110;177870;178015
27/08/2026 14:15;178165;178195;177985;178055
27/08/2026 14:10;178030;178235;177990;178165
27/08/2026 14:05;177865;178055;177845;178025
27/08/2026 14:00;177815;177965;177780;177865
27/08/2026 13:55;177815;177880;177755;177815
27/08/2026 13:50;177700;177900;177665;177810
27/08/2026 13:45;177850;177880;177665;177705
27/08/2026 13:40;177785;177890;177745;177850
27/08/2026 13:35;177660;177825;177635;177780
27/08/2026 13:30;177620;177735;177595;177660
27/08/2026 13:25;177675;177705;177575;177620
27/08/2026 13:20;177690;177775;177610;177680
27/08/2026 13:15;177655;177745;177630;177690
27/08/2026 13:10;177480;177700;177450;177655
27/08/2026 13:05;177520;177570;177450;177480
27/08/2026 13:00;177540;177625;177480;177520
27/08/2026 12:55;177460;177595;177445;177545
27/08/2026 12:50;177445;177570;177415;177460
27/08/2026 12:45;177585;177585;177330;177445
27/08/2026 12:40;177485;177685;177465;177585
27/08/2026 12:35;177400;177585;177345;177485
27/08/2026 12:30;177240;177415;177235;177400
27/08/2026 12:25;177240;177315;177205;177240
27/08/2026 12:20;177100;177240;177050;177240
27/08/2026 12:15;177025;177230;177015;177100
27/08/2026 12:10;176920;177115;176905;177025
27/08/2026 12:05;176875;176980;176690;176920
27/08/2026 12:00;176950;177135;176785;176870
27/08/2026 11:55;177420;177440;176910;176950
27/08/2026 11:50;177395;177575;177260;177415
27/08/2026 11:45;177100;177535;177090;177395
27/08/2026 11:40;176870;177210;176860;177095
27/08/2026 11:35;176575;176930;176540;176865
27/08/2026 11:30;176515;176730;176395;176575
27/08/2026 11:25;176660;176665;176220;176520
27/08/2026 11:20;176790;176900;176610;176665
27/08/2026 11:15;176740;176890;176650;176790
27/08/2026 11:10;176945;177060;176625;176740
27/08/2026 11:05;176905;177140;176600;176950
27/08/2026 11:00;176430;176995;176390;176905
27/08/2026 10:55;176750;176820;176365;176430
27/08/2026 10:50;176655;176850;176410;176755
27/08/2026 10:45;176565;176900;176500;176655
27/08/2026 10:40;176815;176845;176505;176565
27/08/2026 10:35;176955;177305;176760;176810
27/08/2026 10:30;176845;177110;176470;176960
27/08/2026 10:25;176825;177135;176660;176845
27/08/2026 10:20;176655;177000;176600;176820
27/08/2026 10:15;176820;177075;176620;176655
27/08/2026 10:10;176525;176990;176490;176825
27/08/2026 10:05;176260;176570;176190;176525
27/08/2026 10:00;176845;176855;176105;176260
27/08/2026 09:55;176765;176900;176625;176845
27/08/2026 09:50;176995;177005;176655;176765
27/08/2026 09:45;177045;177120;176940;176995
27/08/2026 09:40;177160;177240;177030;177050
27/08/2026 09:35;177075;177260;177045;177160
27/08/2026 09:30;176915;177240;176880;177075
27/08/2026 09:25;177220;177265;176745;176910
27/08/2026 09:20;177295;177345;177030;177215
27/08/2026 09:15;177445;177505;177065;177295
27/08/2026 09:10;177215;177570;177105;177445
27/08/2026 09:05;177355;177460;176690;177215
27/08/2026 09:00;177670;177925;177270;177355
26/08/2026 18:20;177905;177945;177845;177900
26/08/2026 18:15;177865;177945;177835;177900
26/08/2026 18:10;177795;177925;177785;177860
26/08/2026 18:05;177830;177865;177760;177795
26/08/2026 18:00;177780;177875;177680;177835
26/08/2026 17:55;177700;177800;177685;177780
26/08/2026 17:50;177685;177720;177645;177695
26/08/2026 17:45;177710;177735;177650;177690
26/08/2026 17:40;177720;177810;177660;177715
26/08/2026 17:35;177555;177750;177550;177720
26/08/2026 17:30;177630;177645;177505;177560
26/08/2026 17:25;177590;177655;177580;177630
26/08/2026 17:20;177575;177625;177530;177590
26/08/2026 17:15;177535;177590;177425;177570
26/08/2026 17:10;177575;177585;177525;177530
26/08/2026 17:05;177370;177660;177360;177570
26/08/2026 17:00;177310;177430;177295;177365
26/08/2026 16:55;177235;177340;177215;177310
26/08/2026 16:50;177425;177430;177165;177235
26/08/2026 16:45;177395;177465;177375;177425
26/08/2026 16:40;177460;177495;177360;177395
26/08/2026 16:35;177495;177525;177420;177460
26/08/2026 16:30;177520;177600;177470;177500
26/08/2026 16:25;177565;177625;177500;177525
26/08/2026 16:20;177530;177575;177470;177565
26/08/2026 16:15;177630;177630;177465;177535
26/08/2026 16:10;177630;177685;177565;177630
26/08/2026 16:05;177550;177690;177530;177630
26/08/2026 16:00;177395;177645;177390;177545
26/08/2026 15:55;177390;177410;177230;177400
26/08/2026 15:50;177370;177460;177310;177395
26/08/2026 15:45;177280;177410;177215;177370
26/08/2026 15:40;177130;177320;177125;177280
26/08/2026 15:35;177030;177150;177020;177135
26/08/2026 15:30;177350;177355;176910;177025
26/08/2026 15:25;177425;177430;177285;177355
26/08/2026 15:20;177500;177595;177355;177430
26/08/2026 15:15;177575;177600;177490;177500
26/08/2026 15:10;177645;177650;177535;177580
26/08/2026 15:05;177825;177835;177595;177645
26/08/2026 15:00;177760;177835;177695;177825
26/08/2026 14:55;177735;177785;177650;177760
26/08/2026 14:50;177740;177765;177700;177735
26/08/2026 14:45;177730;177770;177650;177735
26/08/2026 14:40;177785;177850;177680;177735
26/08/2026 14:35;177765;177815;177670;177785
26/08/2026 14:30;177905;177920;177680;177765
26/08/2026 14:25;177905;177935;177865;177905
26/08/2026 14:20;177840;178040;177795;177900
26/08/2026 14:15;177825;177905;177810;177835
26/08/2026 14:10;177830;177895;177745;177820
26/08/2026 14:05;177935;177955;177805;177825
26/08/2026 14:00;177690;177975;177670;177940
26/08/2026 13:55;177500;177705;177490;177685
26/08/2026 13:50;177585;177620;177490;177500
26/08/2026 13:45;177730;177735;177435;177580
26/08/2026 13:40;177980;178000;177665;177730
26/08/2026 13:35;177955;178060;177875;177980
26/08/2026 13:30;178045;178100;177905;177960
26/08/2026 13:25;178030;178160;178025;178045
26/08/2026 13:20;177835;178095;177830;178030
26/08/2026 13:15;177850;177895;177745;177840
26/08/2026 13:10;177865;177910;177770;177850
26/08/2026 13:05;177765;177895;177740;177870
26/08/2026 13:00;177810;177835;177710;177765
26/08/2026 12:55;177650;177850;177625;177810
26/08/2026 12:50;177870;177870;177550;177645
26/08/2026 12:45;178015;178015;177860;177865
26/08/2026 12:40;177965;178100;177930;178010
26/08/2026 12:35;177905;177995;177805;177965
26/08/2026 12:30;177880;177940;177820;177900
26/08/2026 12:25;178005;178085;177865;177880
26/08/2026 12:20;178020;178085;177930;178005
26/08/2026 12:15;177980;178030;177890;178025
26/08/2026 12:10;178000;178005;177915;177985
26/08/2026 12:05;178050;178095;177890;177995
26/08/2026 12:00;177985;178135;177930;178050
26/08/2026 11:55;177945;178065;177900;177980
26/08/2026 11:50;177835;178090;177810;177945
26/08/2026 11:45;177975;178010;177825;177835
26/08/2026 11:40;178160;178195;177945;177975
26/08/2026 11:35;178250;178350;178070;178165
26/08/2026 11:30;177775;178280;177765;178250
26/08/2026 11:25;178115;178115;177710;177780
26/08/2026 11:20;178495;178510;177960;178110
26/08/2026 11:15;178750;178775;178430;178495
26/08/2026 11:10;178815;178975;178645;178755
26/08/2026 11:05;178935;179080;178515;178820
26/08/2026 11:00;178670;179065;178645;178935
26/08/2026 10:55;178875;178990;178570;178670
26/08/2026 10:50;178760;178970;178665;178880
26/08/2026 10:45;178205;178775;178185;178760
26/08/2026 10:40;178355;178475;178045;178210
26/08/2026 10:35;178110;178405;177840;178360
26/08/2026 10:30;178865;179025;178050;178115
26/08/2026 10:25;179005;179135;178750;178870
26/08/2026 10:20;178550;179030;178480;179000
26/08/2026 10:15;178410;178665;178180;178545
26/08/2026 10:10;177640;178425;177635;178415
26/08/2026 10:05;177520;177715;177440;177640
26/08/2026 10:00;177430;177730;177190;177520
26/08/2026 09:55;177750;177765;177410;177430
26/08/2026 09:50;177765;177850;177600;177750
26/08/2026 09:45;177465;177790;177405;177765
26/08/2026 09:40;177680;177710;177240;177465
26/08/2026 09:35;177845;177935;177575;177685
26/08/2026 09:30;178335;178410;177695;177845
26/08/2026 09:25;178555;178600;178230;178330
26/08/2026 09:20;178545;178720;178410;178550
26/08/2026 09:15;178765;178800;178360;178550
26/08/2026 09:10;178790;178900;178660;178770
26/08/2026 09:05;178605;179050;178570;178790
26/08/2026 09:00;178005;178630;177565;178605
25/08/2026 18:20;177625;177625;177465;177465
25/08/2026 18:15;177660;177695;177530;177625
25/08/2026 18:10;177715;177775;177600;177665
25/08/2026 18:05;177640;177760;177610;177715
25/08/2026 18:00;177575;177690;177560;177635
25/08/2026 17:55;177625;177650;177555;177575
25/08/2026 17:50;177585;177690;177570;177620
25/08/2026 17:45;177655;177690;177545;177585
25/08/2026 17:40;177650;177715;177620;177660
25/08/2026 17:35;177535;177725;177525;177650
25/08/2026 17:30;177390;177585;177385;177530
25/08/2026 17:25;177390;177465;177330;177390
25/08/2026 17:20;177420;177435;177370;177395
25/08/2026 17:15;177350;177425;177325;177420
25/08/2026 17:10;177550;177580;177310;177350
25/08/2026 17:05;177450;177640;177430;177555
25/08/2026 17:00;177635;177715;177380;177450
25/08/2026 16:55;177680;177700;177580;177635
25/08/2026 16:50;177430;177770;177420;177685
25/08/2026 16:45;177395;177480;177275;177430
25/08/2026 16:40;177425;177450;177355;177395
25/08/2026 16:35;177305;177450;177300;177420
25/08/2026 16:30;177390;177485;177205;177305
25/08/2026 16:25;177200;177460;177185;177385
25/08/2026 16:20;177155;177245;177020;177205
25/08/2026 16:15;177080;177190;177065;177155
25/08/2026 16:10;176760;177135;176735;177080
25/08/2026 16:05;176675;176800;176660;176755
25/08/2026 16:00;176600;176705;176575;176675
25/08/2026 15:55;176610;176700;176515;176600
25/08/2026 15:50;176495;176645;176435;176610
25/08/2026 15:45;176290;176560;176290;176495
25/08/2026 15:40;176210;176325;176145;176295
25/08/2026 15:35;176310;176390;176170;176205
25/08/2026 15:30;176415;176435;176270;176315
25/08/2026 15:25;176410;176565;176350;176415
25/08/2026 15:20;176410;176435;176320;176410
25/08/2026 15:15;176550;176570;176375;176410
25/08/2026 15:10;176540;176610;176465;176545
25/08/2026 15:05;176520;176680;176490;176535
25/08/2026 15:00;176640;176780;176435;176520
25/08/2026 14:55;176640;176760;176600;176640
25/08/2026 14:50;176440;176680;176415;176640
25/08/2026 14:45;176515;176650;176425;176435
25/08/2026 14:40;176370;176555;176325;176510
25/08/2026 14:35;176285;176420;176245;176365
25/08/2026 14:30;176065;176320;176045;176280
25/08/2026 14:25;176095;176100;176030;176060
25/08/2026 14:20;176030;176130;175970;176095
25/08/2026 14:15;176030;176080;175985;176030
25/08/2026 14:10;176130;176150;176015;176030
25/08/2026 14:05;176230;176230;176040;176125
25/08/2026 14:00;176280;176340;176200;176230
25/08/2026 13:55;176205;176325;176180;176285
25/08/2026 13:50;176220;176305;176180;176210
25/08/2026 13:45;176260;176380;176175;176220
25/08/2026 13:40;176260;176360;176210;176255
25/08/2026 13:35;176285;176365;176240;176260
25/08/2026 13:30;176195;176330;176170;176280
25/08/2026 13:25;176175;176245;176115;176200
25/08/2026 13:20;176090;176220;176015;176170
25/08/2026 13:15;176055;176160;176015;176095
25/08/2026 13:10;175875;176140;175835;176055
25/08/2026 13:05;176010;176040;175805;175880
25/08/2026 13:00;176220;176395;175950;176010
25/08/2026 12:55;175965;176360;175960;176220
25/08/2026 12:50;175690;176020;175675;175965
25/08/2026 12:45;175650;175740;175625;175685
25/08/2026 12:40;175700;175780;175580;175650
25/08/2026 12:35;175440;175750;175400;175700
25/08/2026 12:30;175325;175535;175325;175440
25/08/2026 12:25;175200;175500;175150;175330
25/08/2026 12:20;175020;175430;175000;175195
25/08/2026 12:15;174890;175050;174800;175020
25/08/2026 12:10;174760;175020;174745;174890
25/08/2026 12:05;174820;174875;174670;174765
25/08/2026 12:00;174470;174890;174430;174820
25/08/2026 11:55;174425;174515;174360;174470
25/08/2026 11:50;174545;174600;174310;174420
25/08/2026 11:45;174635;174775;174490;174545
25/08/2026 11:40;174605;174715;174295;174635
25/08/2026 11:35;174510;174680;174415;174605
25/08/2026 11:30;174580;174645;174365;174505
25/08/2026 11:25;174565;174725;174545;174580
25/08/2026 11:20;174530;174795;174500;174570
25/08/2026 11:15;174595;174775;174485;174530
25/08/2026 11:10;174605;174695;174445;174595
25/08/2026 11:05;174370;174825;174350;174605
25/08/2026 11:00;174195;174510;174060;174370
25/08/2026 10:55;173970;174260;173930;174195
25/08/2026 10:50;174075;174150;173920;173965
25/08/2026 10:45;173985;174385;173875;174075
25/08/2026 10:40;174255;174295;173880;173985
25/08/2026 10:35;174400;174630;174235;174255
25/08/2026 10:30;175040;175095;174115;174400
25/08/2026 10:25;174785;175290;174745;175040
25/08/2026 10:20;174700;175025;174605;174790
25/08/2026 10:15;174705;174795;174285;174705
25/08/2026 10:10;174725;174950;174550;174710
25/08/2026 10:05;174625;174880;174420;174725
25/08/2026 10:00;174260;174685;174200;174625
25/08/2026 09:55;174235;174360;174170;174260
25/08/2026 09:50;174390;174460;174210;174235
25/08/2026 09:45;174615;174735;174335;174385
25/08/2026 09:40;174385;174710;174360;174615
25/08/2026 09:35;174565;174570;174325;174390
25/08/2026 09:30;174435;174845;174325;174565
25/08/2026 09:25;174495;174545;174370;174435
25/08/2026 09:20;174765;174775;174465;174495
25/08/2026 09:15;174770;174845;174645;174765
25/08/2026 09:10;174845;174885;174550;174770
25/08/2026 09:05;174805;175065;174455;174840
25/08/2026 09:00;174565;175380;174275;174805
24/08/2026 18:20;174720;174720;174625;174715
24/08/2026 18:15;174800;174835;174675;174720
24/08/2026 18:10;174825;174830;174740;174800
24/08/2026 18:05;174860;174865;174785;174830
24/08/2026 18:00;174860;174880;174760;174860
24/08/2026 17:55;174730;174895;174730;174860
24/08/2026 17:50;174820;174825;174725;174735
24/08/2026 17:45;174855;174875;174805;174825
24/08/2026 17:40;174850;174890;174820;174865
24/08/2026 17:35;174715;174895;174715;174855
24/08/2026 17:30;174740;174750;174690;174715
24/08/2026 17:25;174725;174750;174675;174740
24/08/2026 17:20;174680;174740;174675;174725
24/08/2026 17:15;174755;174785;174655;174675
24/08/2026 17:10;174755;174770;174675;174755
24/08/2026 17:05;174800;174830;174715;174750
24/08/2026 17:00;174650;174830;174615;174800
24/08/2026 16:55;174775;174835;174605;174645
24/08/2026 16:50;174795;174805;174705;174775
24/08/2026 16:45;174875;174930;174740;174800
24/08/2026 16:40;174785;174955;174775;174875
24/08/2026 16:35;174865;174900;174770;174785
24/08/2026 16:30;174965;174975;174825;174870
24/08/2026 16:25;175020;175050;174920;174970
24/08/2026 16:20;175020;175035;174920;175020
24/08/2026 16:15;175040;175125;174980;175015
24/08/2026 16:10;174985;175070;174885;175040
24/08/2026 16:05;174985;175050;174950;174985
24/08/2026 16:00;174915;175075;174910;174990
24/08/2026 15:55;174900;174960;174865;174920
24/08/2026 15:50;174865;174940;174795;174905
24/08/2026 15:45;174895;174915;174800;174865
24/08/2026 15:40;174815;174920;174750;174900
24/08/2026 15:35;174705;174860;174700;174820
24/08/2026 15:30;175030;175090;174665;174700
24/08/2026 15:25;174905;175080;174870;175030
24/08/2026 15:20;175145;175170;174875;174905
24/08/2026 15:15;174990;175360;174985;175145
24/08/2026 15:10;174990;175025;174930;174985
24/08/2026 15:05;174990;175125;174890;174995
24/08/2026 15:00;174945;175020;174880;174995
24/08/2026 14:55;174870;174985;174820;174940
24/08/2026 14:50;174725;174925;174675;174870
24/08/2026 14:45;174930;174950;174675;174725
24/08/2026 14:40;174900;175030;174880;174930
24/08/2026 14:35;174860;174965;174845;174905
24/08/2026 14:30;174930;175030;174815;174865
24/08/2026 14:25;174955;175065;174890;174930
24/08/2026 14:20;175150;175165;174875;174960
24/08/2026 14:15;175225;175285;175130;175150
24/08/2026 14:10;175050;175275;175010;175230
24/08/2026 14:05;174920;175165;174800;175045
24/08/2026 14:00;174940;174980;174870;174920
24/08/2026 13:55;174985;175025;174900;174940
24/08/2026 13:50;175045;175080;174955;174990
24/08/2026 13:45;175230;175235;175005;175045
24/08/2026 13:40;175365;175390;175200;175230
24/08/2026 13:35;175440;175510;175355;175365
24/08/2026 13:30;175435;175660;175400;175435
24/08/2026 13:25;175370;175490;175335;175430
24/08/2026 13:20;175490;175535;175320;175375
24/08/2026 13:15;175590;175600;175455;175495
24/08/2026 13:10;175570;175590;175430;175585
24/08/2026 13:05;175595;175635;175500;175570
24/08/2026 13:00;175620;175725;175535;175595
24/08/2026 12:55;175530;175695;175485;175625
24/08/2026 12:50;175680;175730;175505;175530
24/08/2026 12:45;175400;175740;175375;175680
24/08/2026 12:40;175425;175485;175355;175395
24/08/2026 12:35;175620;175660;175380;175425
24/08/2026 12:30;175985;176015;175590;175620
24/08/2026 12:25;175845;176065;175830;175985
24/08/2026 12:20;175655;175850;175500;175845
24/08/2026 12:15;175485;175675;175415;175655
24/08/2026 12:10;175130;175540;175055;175490
24/08/2026 12:05;175065;175260;175055;175130
24/08/2026 12:00;175195;175280;175020;175065
24/08/2026 11:55;175290;175435;175165;175190
24/08/2026 11:50;174930;175325;174790;175290
24/08/2026 11:45;174840;175040;174770;174930
24/08/2026 11:40;174830;175000;174635;174840
24/08/2026 11:35;174730;174945;174650;174835
24/08/2026 11:30;174375;174820;174255;174730
24/08/2026 11:25;174405;174575;174300;174380
24/08/2026 11:20;174155;174425;174000;174400
24/08/2026 11:15;174325;174440;174030;174150
24/08/2026 11:10;174250;174480;174180;174325
24/08/2026 11:05;174270;174395;174145;174250
24/08/2026 11:00;174820;175110;174210;174270
24/08/2026 10:55;174355;174985;174355;174820
24/08/2026 10:50;173520;174515;173410;174350
24/08/2026 10:45;173525;173885;173060;173520
24/08/2026 10:40;173560;173875;173280;173525
24/08/2026 10:35;173125;173635;173000;173565
24/08/2026 10:30;172080;173285;172075;173125
24/08/2026 10:25;172290;172430;172000;172085
24/08/2026 10:20;172440;172525;172245;172290
24/08/2026 10:15;172260;172675;172250;172440
24/08/2026 10:10;172415;172540;172180;172255
24/08/2026 10:05;172380;172600;172260;172420
24/08/2026 10:00;172420;172635;172065;172385
24/08/2026 09:55;172425;172495;172350;172425
24/08/2026 09:50;172320;172550;172220;172425
24/08/2026 09:45;172370;172425;172305;172320
24/08/2026 09:40;172505;172515;172285;172370
24/08/2026 09:35;172540;172610;172415;172500
24/08/2026 09:30;172665;172690;172270;172540
24/08/2026 09:25;172430;172800;172420;172665
24/08/2026 09:20;172400;172475;172250;172435
24/08/2026 09:15;172400;172425;172215;172400
24/08/2026 09:10;172495;172745;172355;172400
24/08/2026 09:05;172915;173050;172415;172500
24/08/2026 09:00;173480;173595;172750;172910
21/08/2026 18:20;174105;174110;174035;174035
21/08/2026 18:15;174205;174225;174070;174095
21/08/2026 18:10;174140;174245;174120;174215
21/08/2026 18:05;174130;174215;174110;174145
21/08/2026 18:00;174090;174180;174070;174125
21/08/2026 17:55;174190;174210;174065;174090
21/08/2026 17:50;174150;174230;174095;174195
21/08/2026 17:45;174130;174165;174040;174145
21/08/2026 17:40;174285;174285;174060;174130
21/08/2026 17:35;174235;174320;174225;174290
21/08/2026 17:30;174165;174270;174125;174235
21/08/2026 17:25;174165;174200;174100;174165
21/08/2026 17:20;174085;174170;174065;174160
21/08/2026 17:15;173930;174220;173895;174085
21/08/2026 17:10;173960;173965;173855;173930
21/08/2026 17:05;173935;173990;173895;173955
21/08/2026 17:00;173870;173995;173775;173930
21/08/2026 16:55;173790;173900;173655;173865
21/08/2026 16:50;173965;174035;173765;173790
21/08/2026 16:45;173885;174035;173875;173970
21/08/2026 16:40;173855;173925;173825;173885
21/08/2026 16:35;173730;173925;173715;173855
21/08/2026 16:30;173840;173840;173625;173730
21/08/2026 16:25;173960;173980;173755;173835
21/08/2026 16:20;174040;174040;173930;173960
21/08/2026 16:15;174030;174065;173930;174040
21/08/2026 16:10;174020;174090;174000;174025
21/08/2026 16:05;174005;174040;173925;174020
21/08/2026 16:00;174000;174150;173990;174005
21/08/2026 15:55;174000;174025;173915;174000
21/08/2026 15:50;173970;174015;173875;174000
21/08/2026 15:45;174040;174095;173940;173970
21/08/2026 15:40;173945;174100;173925;174040
21/08/2026 15:35;174270;174315;173910;173940
21/08/2026 15:30;174305;174400;174220;174270
21/08/2026 15:25;174250;174420;174250;174305
21/08/2026 15:20;174285;174320;174190;174255
21/08/2026 15:15;174270;174320;174220;174285
21/08/2026 15:10;174080;174350;174060;174270
21/08/2026 15:05;174070;174125;174010;174080
21/08/2026 15:00;173830;174225;173825;174075
21/08/2026 14:55;173735;173875;173700;173830
21/08/2026 14:50;173820;173835;173680;173735
21/08/2026 14:45;173845;173890;173800;173820
21/08/2026 14:40;173860;173910;173800;173850
21/08/2026 14:35;173825;174025;173800;173865
21/08/2026 14:30;173795;173905;173750;173820
21/08/2026 14:25;173820;173935;173785;173795
21/08/2026 14:20;173835;173905;173740;173825
21/08/2026 14:15;173915;173965;173780;173840
21/08/2026 14:10;174050;174055;173800;173920
21/08/2026 14:05;174030;174065;173950;174050
21/08/2026 14:00;174045;174100;173965;174030
21/08/2026 13:55;174120;174155;174025;174045
21/08/2026 13:50;174150;174290;174105;174115
21/08/2026 13:45;174095;174270;174035;174150
21/08/2026 13:40;174155;174345;174045;174100
21/08/2026 13:35;173885;174220;173880;174155
21/08/2026 13:30;173885;173980;173825;173885
21/08/2026 13:25;174050;174085;173810;173885
21/08/2026 13:20;174210;174425;174035;174045
21/08/2026 13:15;174375;174405;174190;174215
21/08/2026 13:10;174500;174550;174375;174375
21/08/2026 13:05;174580;174615;174410;174500
21/08/2026 13:00;174490;174655;174410;174575
21/08/2026 12:55;174590;174620;174415;174495
21/08/2026 12:50;174785;174825;174520;174590
21/08/2026 12:45;174925;174965;174755;174790
21/08/2026 12:40;174805;174980;174755;174935
21/08/2026 12:35;174370;175010;174365;174810
21/08/2026 12:30;174335;174560;174310;174365
21/08/2026 12:25;174130;174390;174130;174335
21/08/2026 12:20;173870;174160;173805;174125
21/08/2026 12:15;173830;173920;173790;173860
21/08/2026 12:10;173925;174045;173800;173830
21/08/2026 12:05;174050;174170;173900;173925
21/08/2026 12:00;173780;174130;173730;174045
21/08/2026 11:55;173975;174040;173760;173775
21/08/2026 11:50;174105;174275;173880;173975
21/08/2026 11:45;174065;174255;173900;174105
21/08/2026 11:40;173865;174080;173855;174060
21/08/2026 11:35;174115;174180;173805;173875
21/08/2026 11:30;174160;174440;174090;174115
21/08/2026 11:25;173910;174365;173905;174160
21/08/2026 11:20;173890;174180;173805;173905
21/08/2026 11:15;173520;173945;173505;173895
21/08/2026 11:10;173345;173730;173345;173520
21/08/2026 11:05;173245;173430;173160;173350
21/08/2026 11:00;173600;173640;173130;173230
21/08/2026 10:55;173395;173730;173370;173600
21/08/2026 10:50;173235;173610;172940;173395
21/08/2026 10:45;173580;173600;172860;173235
21/08/2026 10:40;173225;173720;173105;173580
21/08/2026 10:35;172285;173345;172265;173225
21/08/2026 10:30;171945;172390;171935;172290
21/08/2026 10:25;171800;171965;171500;171940
21/08/2026 10:20;171455;171820;171380;171805
21/08/2026 10:15;171635;171940;171370;171455
21/08/2026 10:10;171385;171820;171370;171635
21/08/2026 10:05;171815;171855;171305;171390
21/08/2026 10:00;172025;172030;171690;171820
21/08/2026 09:55;171805;172070;171735;172025
21/08/2026 09:50;171705;171870;171655;171800
21/08/2026 09:45;171855;171860;171645;171700
21/08/2026 09:40;171530;171915;171485;171855
21/08/2026 09:35;171760;171825;171465;171530
21/08/2026 09:30;171390;171790;171320;171765
21/08/2026 09:25;171265;171540;171205;171385
21/08/2026 09:20;171070;171435;171025;171265
21/08/2026 09:15;171120;171250;171030;171070
21/08/2026 09:10;171575;171615;171075;171115
21/08/2026 09:05;171620;171865;171540;171580
21/08/2026 09:00;172250;172500;171380;171620
20/08/2026 18:20;170960;171020;170940;170990
20/08/2026 18:15;170885;170970;170860;170960
20/08/2026 18:10;170885;170915;170820;170885
20/08/2026 18:05;170815;170920;170790;170885
20/08/2026 18:00;170770;170855;170710;170815
20/08/2026 17:55;170730;170800;170675;170770
20/08/2026 17:50;170780;170785;170660;170735
20/08/2026 17:45;170795;170820;170770;170780
20/08/2026 17:40;170810;170860;170755;170795
20/08/2026 17:35;170770;170855;170760;170805
20/08/2026 17:30;170675;170800;170670;170765
20/08/2026 17:25;170645;170695;170615;170680
20/08/2026 17:20;170770;170775;170605;170645
20/08/2026 17:15;170890;170910;170725;170775
20/08/2026 17:10;170830;170925;170810;170890
20/08/2026 17:05;170880;170920;170810;170830
20/08/2026 17:00;170745;170885;170735;170875
20/08/2026 16:55;170740;170785;170650;170745
20/08/2026 16:50;170805;170820;170715;170735
20/08/2026 16:45;170740;170825;170690;170805
20/08/2026 16:40;170795;170835;170710;170740
20/08/2026 16:35;170740;170840;170725;170795
20/08/2026 16:30;170825;170935;170705;170745
20/08/2026 16:25;170700;170890;170695;170825
20/08/2026 16:20;170600;170715;170550;170695
20/08/2026 16:15;170555;170625;170475;170600
20/08/2026 16:10;170490;170560;170480;170560
20/08/2026 16:05;170520;170535;170385;170495
20/08/2026 16:00;170525;170540;170425;170520
20/08/2026 15:55;170670;170725;170505;170520
20/08/2026 15:50;170740;170800;170640;170670
20/08/2026 15:45;170735;170765;170625;170735
20/08/2026 15:40;170740;170765;170690;170740
20/08/2026 15:35;170715;170780;170680;170740
20/08/2026 15:30;170655;170720;170580;170710
20/08/2026 15:25;170715;170730;170630;170655
20/08/2026 15:20;170645;170725;170620;170710
20/08/2026 15:15;170480;170675;170460;170650
20/08/2026 15:10;170485;170510;170395;170480
20/08/2026 15:05;170435;170510;170415;170480
20/08/2026 15:00;170515;170575;170390;170435
20/08/2026 14:55;170545;170565;170465;170510
20/08/2026 14:50;170525;170585;170460;170545
20/08/2026 14:45;170455;170565;170410;170530
20/08/2026 14:40;170395;170460;170355;170450
20/08/2026 14:35;170360;170405;170245;170395
20/08/2026 14:30;170340;170480;170335;170360
20/08/2026 14:25;170305;170400;170255;170340
20/08/2026 14:20;170295;170330;170240;170310
20/08/2026 14:15;170410;170470;170230;170290
20/08/2026 14:10;170565;170575;170385;170415
20/08/2026 14:05;170515;170595;170485;170560
20/08/2026 14:00;170485;170600;170430;170515
20/08/2026 13:55;170775;170780;170455;170485
20/08/2026 13:50;170920;170940;170730;170780
20/08/2026 13:45;171055;171065;170875;170920
20/08/2026 13:40;171025;171165;170975;171060
20/08/2026 13:35;171035;171150;170985;171025
20/08/2026 13:30;171010;171050;170860;171040
20/08/2026 13:25;171155;171155;170990;171015
20/08/2026 13:20;171180;171200;171090;171155
20/08/2026 13:15;171230;171260;171155;171175
20/08/2026 13:10;171340;171340;171180;171235
20/08/2026 13:05;171395;171410;171285;171340
20/08/2026 13:00;171360;171555;171335;171395
20/08/2026 12:55;171340;171375;171230;171360
20/08/2026 12:50;171425;171460;171285;171345
20/08/2026 12:45;171400;171555;171270;171425
20/08/2026 12:40;171510;171570;171320;171400
20/08/2026 12:35;171940;171955;171480;171505
20/08/2026 12:30;172035;172085;171860;171945
20/08/2026 12:25;171975;172190;171965;172030
20/08/2026 12:20;172255;172305;171890;171980
20/08/2026 12:15;172315;172470;172180;172255
20/08/2026 12:10;172270;172470;172240;172310
20/08/2026 12:05;172615;172680;172165;172270
20/08/2026 12:00;172225;172770;172115;172620
20/08/2026 11:55;172065;172295;172065;172230
20/08/2026 11:50;171815;172195;171800;172065
20/08/2026 11:45;171865;171950;171560;171815
20/08/2026 11:40;171405;171970;171370;171865
20/08/2026 11:35;171310;171470;171235;171405
20/08/2026 11:30;171140;171380;170975;171305
20/08/2026 11:25;171155;171405;171085;171145
20/08/2026 11:20;170930;171210;170830;171155
20/08/2026 11:15;170995;171225;170905;170930
20/08/2026 11:10;170860;171210;170850;170995
20/08/2026 11:05;171015;171065;170855;170860
20/08/2026 11:00;170810;171315;170740;171015
20/08/2026 10:55;170830;171050;170695;170805
20/08/2026 10:50;170760;170995;170660;170835
20/08/2026 10:45;171185;171265;170720;170760
20/08/2026 10:40;171080;171285;170880;171185
20/08/2026 10:35;170725;171240;170695;171080
20/08/2026 10:30;170415;170800;170230;170720
20/08/2026 10:25;170165;170425;170155;170410
20/08/2026 10:20;169920;170225;169840;170170
20/08/2026 10:15;169875;170160;169780;169920
20/08/2026 10:10;170210;170260;169795;169880
20/08/2026 10:05;170060;170315;170015;170205
20/08/2026 10:00;170070;170220;169715;170060
20/08/2026 09:55;169860;170095;169845;170065
20/08/2026 09:50;169825;169965;169765;169855
20/08/2026 09:45;169555;169850;169520;169825
20/08/2026 09:40;169470;169620;169310;169560
20/08/2026 09:35;169550;169560;169330;169470
20/08/2026 09:30;169760;169830;169420;169550
20/08/2026 09:25;169735;169850;169640;169770
20/08/2026 09:20;169735;169800;169505;169735
20/08/2026 09:15;169535;169790;169455;169735
20/08/2026 09:10;169595;169645;169375;169530
20/08/2026 09:05;169610;169740;169420;169590
20/08/2026 09:00;170650;170650;169475;169605
19/08/2026 18:20;171070;171165;171035;171035
19/08/2026 18:15;170980;171100;170970;171065
19/08/2026 18:10;171025;171030;170950;170970
19/08/2026 18:05;171055;171090;170960;171030
19/08/2026 18:00;170925;171090;170905;171055
19/08/2026 17:55;170915;170975;170855;170920
19/08/2026 17:50;170960;170980;170895;170920
19/08/2026 17:45;170915;170970;170885;170960
19/08/2026 17:40;170875;170980;170865;170910
19/08/2026 17:35;170970;170975;170855;170875
19/08/2026 17:30;170895;171000;170880;170965
19/08/2026 17:25;170840;170910;170825;170900
19/08/2026 17:20;170820;170850;170805;170845
19/08/2026 17:15;170980;170985;170765;170820
19/08/2026 17:10;170905;171020;170905;170980
19/08/2026 17:05;170870;170945;170850;170905
19/08/2026 17:00;170840;170920;170800;170870
19/08/2026 16:55;170870;170945;170795;170845
19/08/2026 16:50;170800;170870;170740;170870
19/08/2026 16:45;170795;170825;170720;170800
19/08/2026 16:40;170805;170865;170790;170800
19/08/2026 16:35;170865;170900;170765;170810
19/08/2026 16:30;170900;170915;170750;170870
19/08/2026 16:25;170775;170910;170735;170905
19/08/2026 16:20;170745;170815;170680;170775
19/08/2026 16:15;170550;170760;170540;170745
19/08/2026 16:10;170635;170680;170460;170550
19/08/2026 16:05;170655;170695;170585;170635
19/08/2026 16:00;170700;170725;170570;170655
19/08/2026 15:55;170890;170895;170700;170700
19/08/2026 15:50;170975;171010;170875;170890
19/08/2026 15:45;171050;171095;170935;170975
19/08/2026 15:40;170820;171150;170810;171060
19/08/2026 15:35;170825;170855;170705;170825
19/08/2026 15:30;170665;170875;170650;170830
19/08/2026 15:25;170810;170860;170600;170665
19/08/2026 15:20;170870;170895;170765;170810
19/08/2026 15:15;170980;171035;170855;170870
19/08/2026 15:10;170930;171015;170900;170985
19/08/2026 15:05;170920;171030;170900;170935
19/08/2026 15:00;170870;170965;170820;170920
19/08/2026 14:55;170865;170980;170805;170875
19/08/2026 14:50;170905;170985;170850;170865
19/08/2026 14:45;171000;171075;170900;170905
19/08/2026 14:40;170785;171020;170750;170995
19/08/2026 14:35;170775;170860;170765;170790
19/08/2026 14:30;170875;170895;170710;170775
19/08/2026 14:25;170920;170925;170825;170870
19/08/2026 14:20;171000;171045;170885;170915
19/08/2026 14:15;170925;171000;170810;171000
19/08/2026 14:10;170880;170975;170865;170920
19/08/2026 14:05;171120;171155;170865;170880
19/08/2026 14:00;171035;171230;171000;171120
19/08/2026 13:55;170885;171170;170855;171035
19/08/2026 13:50;170915;170945;170845;170890
19/08/2026 13:45;170935;170970;170825;170915
19/08/2026 13:40;170850;170960;170785;170930
19/08/2026 13:35;170880;170945;170820;170845
19/08/2026 13:30;170995;171015;170850;170880
19/08/2026 13:25;171125;171135;170940;171000
19/08/2026 13:20;171115;171220;171060;171130
19/08/2026 13:15;171270;171325;171090;171110
19/08/2026 13:10;171260;171370;171195;171265
19/08/2026 13:05;171100;171320;171030;171260
19/08/2026 13:00;171220;171265;171070;171095
19/08/2026 12:55;171310;171360;171130;171225
19/08/2026 12:50;171345;171445;171235;171315
19/08/2026 12:45;171505;171515;171320;171340
19/08/2026 12:40;171515;171575;171440;171505
19/08/2026 12:35;171525;171655;171480;171515
19/08/2026 12:30;171645;171750;171495;171530
19/08/2026 12:25;171770;171805;171595;171640
19/08/2026 12:20;171860;171885;171700;171775
19/08/2026 12:15;172085;172125;171845;171860
19/08/2026 12:10;172400;172410;172045;172080
19/08/2026 12:05;172500;172515;172310;172405
19/08/2026 12:00;172580;172620;172340;172495
19/08/2026 11:55;172475;172805;172390;172575
19/08/2026 11:50;172510;172540;172265;172480
19/08/2026 11:45;172885;172905;172500;172505
19/08/2026 11:40;173045;173085;172810;172880
19/08/2026 11:35;173165;173245;173005;173040
19/08/2026 11:30;173035;173270;172930;173170
19/08/2026 11:25;172975;173130;172740;173040
19/08/2026 11:20;173120;173150;172875;172975
19/08/2026 11:15;172995;173245;172965;173125
19/08/2026 11:10;172960;173160;172790;172995
19/08/2026 11:05;173090;173300;172945;172955
19/08/2026 11:00;173295;173370;172865;173085
19/08/2026 10:55;173100;173530;173075;173300
19/08/2026 10:50;173225;173255;172710;173100
19/08/2026 10:45;172895;173285;172890;173230
19/08/2026 10:40;172545;172920;172460;172900
19/08/2026 10:35;172335;172645;172160;172545
19/08/2026 10:30;172295;172370;171935;172340
19/08/2026 10:25;171935;172480;171785;172295
19/08/2026 10:20;172090;172250;171780;171935
19/08/2026 10:15;171670;172115;171535;172090
19/08/2026 10:10;172140;172345;171655;171670
19/08/2026 10:05;171910;172290;171850;172140
19/08/2026 10:00;171575;172100;171470;171915
19/08/2026 09:55;171340;171725;171170;171570
19/08/2026 09:50;171415;171495;171165;171340
19/08/2026 09:45;171460;171650;171315;171415
19/08/2026 09:40;171585;171970;171350;171460
19/08/2026 09:35;170995;171685;170955;171590
19/08/2026 09:30;170650;171120;170375;170995
19/08/2026 09:25;170515;170745;170485;170650
19/08/2026 09:20;170390;170600;170225;170515
19/08/2026 09:15;170475;170640;170305;170395
19/08/2026 09:10;170470;170675;170345;170480
19/08/2026 09:05;169740;170550;169395;170475
19/08/2026 09:00;169635;169775;168680;169740
18/08/2026 18:20;169535;169640;169495;169640
18/08/2026 18:15;169590;169615;169435;169535
18/08/2026 18:10;169555;169620;169480;169590
18/08/2026 18:05;169455;169605;169395;169550
18/08/2026 18:00;169435;169485;169325;169465
18/08/2026 17:55;169310;169460;169295;169430
18/08/2026 17:50;169290;169340;169245;169310
18/08/2026 17:45;169270;169320;169265;169290
18/08/2026 17:40;169275;169315;169265;169270
18/08/2026 17:35;169290;169290;169255;169280
18/08/2026 17:30;169295;169300;169245;169295
18/08/2026 17:25;169245;169325;169205;169290
18/08/2026 17:20;169345;169360;169225;169240
18/08/2026 17:15;169200;169360;169200;169340
18/08/2026 17:10;169385;169390;169170;169205
18/08/2026 17:05;169375;169395;169335;169385
18/08/2026 17:00;169375;169475;169330;169380
18/08/2026 16:55;169395;169430;169300;169375
18/08/2026 16:50;169460;169480;169375;169390
18/08/2026 16:45;169470;169530;169440;169460
18/08/2026 16:40;169440;169480;169395;169465
18/08/2026 16:35;169365;169490;169355;169440
18/08/2026 16:30;169375;169430;169310;169370
18/08/2026 16:25;169330;169465;169325;169375
18/08/2026 16:20;169325;169365;169240;169335
18/08/2026 16:15;169330;169375;169265;169320
18/08/2026 16:10;169330;169435;169270;169330
18/08/2026 16:05;169385;169390;169240;169325
18/08/2026 16:00;169415;169425;169320;169385
18/08/2026 15:55;169365;169470;169345;169415
18/08/2026 15:50;169570;169585;169310;169365
18/08/2026 15:45;169655;169660;169530;169570
18/08/2026 15:40;169780;169780;169590;169655
18/08/2026 15:35;169930;169940;169765;169775
18/08/2026 15:30;169995;170035;169930;169935
18/08/2026 15:25;170080;170090;169915;169995
18/08/2026 15:20;170110;170165;170030;170080
18/08/2026 15:15;170130;170295;170090;170110
18/08/2026 15:10;169940;170160;169930;170135
18/08/2026 15:05;169845;170015;169785;169940
18/08/2026 15:00;169840;169935;169805;169845
18/08/2026 14:55;169850;169975;169840;169840
18/08/2026 14:50;169890;169930;169840;169850
18/08/2026 14:45;169945;169965;169860;169890
18/08/2026 14:40;169880;169990;169865;169950
18/08/2026 14:35;170000;170100;169825;169880
18/08/2026 14:30;169930;170085;169920;170000
18/08/2026 14:25;169955;169995;169820;169935
18/08/2026 14:20;169910;170035;169870;169950
18/08/2026 14:15;169955;169955;169870;169905
18/08/2026 14:10;169955;170060;169900;169950
18/08/2026 14:05;169870;169980;169805;169955
18/08/2026 14:00;169820;169910;169765;169865
18/08/2026 13:55;169665;169845;169640;169825
18/08/2026 13:50;169535;169700;169480;169660
18/08/2026 13:45;169550;169595;169435;169535
18/08/2026 13:40;169535;169565;169490;169555
18/08/2026 13:35;169660;169665;169525;169535
18/08/2026 13:30;169675;169690;169605;169660
18/08/2026 13:25;169655;169720;169645;169675
18/08/2026 13:20;169690;169705;169600;169660
18/08/2026 13:15;169715;169735;169635;169690
18/08/2026 13:10;169750;169760;169655;169715
18/08/2026 13:05;169785;169790;169730;169750
18/08/2026 13:00;169840;169875;169760;169785
18/08/2026 12:55;169905;169945;169785;169840
18/08/2026 12:50;169855;169920;169825;169910
18/08/2026 12:45;169780;169920;169775;169850
18/08/2026 12:40;169765;169850;169725;169775
18/08/2026 12:35;169940;169945;169760;169770
18/08/2026 12:30;169950;169990;169915;169945
18/08/2026 12:25;169915;170010;169905;169955
18/08/2026 12:20;169945;170030;169900;169915
18/08/2026 12:15;169895;170025;169785;169950
18/08/2026 12:10;170005;170055;169845;169890
18/08/2026 12:05;169845;170155;169820;170005
18/08/2026 12:00;169735;170000;169725;169840
18/08/2026 11:55;169815;169850;169705;169735
18/08/2026 11:50;170145;170160;169805;169810
18/08/2026 11:45;170120;170200;170040;170145
18/08/2026 11:40;170170;170260;170065;170115
18/08/2026 11:35;170305;170340;170130;170170
18/08/2026 11:30;170330;170600;170300;170305
18/08/2026 11:25;170620;170625;170280;170335
18/08/2026 11:20;170635;170695;170550;170620
18/08/2026 11:15;170970;170975;170500;170635
18/08/2026 11:10;171040;171155;170905;170970
18/08/2026 11:05;171175;171200;171025;171040
18/08/2026 11:00;171355;171500;171075;171175
18/08/2026 10:55;171180;171435;171135;171360
18/08/2026 10:50;171295;171400;170990;171180
18/08/2026 10:45;171180;171300;171080;171300
18/08/2026 10:40;170820;171280;170675;171180
18/08/2026 10:35;170640;170975;170600;170825
18/08/2026 10:30;170395;170950;170180;170635
18/08/2026 10:25;170120;170440;169950;170390
18/08/2026 10:20;170115;170170;169825;170120
18/08/2026 10:15;170245;170300;170045;170120
18/08/2026 10:10;170055;170335;169980;170245
18/08/2026 10:05;169820;170130;169680;170055
18/08/2026 10:00;170160;170180;169630;169825
18/08/2026 09:55;170060;170180;170005;170165
18/08/2026 09:50;169960;170075;169910;170055
18/08/2026 09:45;169815;170005;169795;169965
18/08/2026 09:40;169845;169860;169705;169815
18/08/2026 09:35;169820;169945;169780;169840
18/08/2026 09:30;169840;169915;169700;169825
18/08/2026 09:25;169835;169960;169745;169845
18/08/2026 09:20;169965;170070;169770;169830
18/08/2026 09:15;169720;170095;169680;169960
18/08/2026 09:10;169790;169835;169570;169720
18/08/2026 09:05;169690;170115;169685;169790
18/08/2026 09:00;169640;169720;168555;169690
17/08/2026 18:20;170155;170190;169975;169975
17/08/2026 18:15;170100;170180;170025;170160
17/08/2026 18:10;169940;170130;169910;170100
17/08/2026 18:05;169920;169975;169860;169940
17/08/2026 18:00;169855;169955;169845;169920
17/08/2026 17:55;169800;169885;169795;169850
17/08/2026 17:50;169780;169810;169745;169800
17/08/2026 17:45;169795;169830;169750;169775
17/08/2026 17:40;169760;169810;169730;169790
17/08/2026 17:35;169795;169840;169750;169760
17/08/2026 17:30;169780;169800;169740;169795
17/08/2026 17:25;169745;169790;169715;169780
17/08/2026 17:20;169815;169815;169720;169745
17/08/2026 17:15;169720;169845;169675;169815
17/08/2026 17:10;169740;169810;169700;169715
17/08/2026 17:05;169935;169940;169700;169740
17/08/2026 17:00;170040;170040;169850;169930
17/08/2026 16:55;170040;170090;169980;170040
17/08/2026 16:50;170125;170145;170010;170035
17/08/2026 16:45;170160;170235;170110;170130
17/08/2026 16:40;170000;170220;169990;170160
17/08/2026 16:35;169910;170045;169900;170000
17/08/2026 16:30;169890;169915;169810;169910
17/08/2026 16:25;169860;169965;169855;169885
17/08/2026 16:20;169925;169930;169850;169860
17/08/2026 16:15;169900;169935;169890;169925
17/08/2026 16:10;169950;169965;169865;169900
17/08/2026 16:05;169895;169995;169875;169950
17/08/2026 16:00;169925;170015;169865;169890
17/08/2026 15:55;169940;169945;169835;169920
17/08/2026 15:50;170005;170010;169920;169945
17/08/2026 15:45;169920;170040;169885;170005
17/08/2026 15:40;169880;169960;169825;169920
17/08/2026 15:35;169880;169950;169845;169880
17/08/2026 15:30;169820;169920;169755;169875
17/08/2026 15:25;169845;169855;169725;169820
17/08/2026 15:20;169800;169860;169760;169845
17/08/2026 15:15;169715;169910;169675;169800
17/08/2026 15:10;169595;169725;169540;169720
17/08/2026 15:05;169770;169770;169575;169600
17/08/2026 15:00;169780;169825;169730;169765
17/08/2026 14:55;169860;169935;169760;169775
17/08/2026 14:50;169795;169895;169790;169860
17/08/2026 14:45;169815;169875;169785;169795
17/08/2026 14:40;169730;169835;169715;169815
17/08/2026 14:35;169815;169840;169715;169725
17/08/2026 14:30;169905;169945;169785;169815
17/08/2026 14:25;169965;170035;169885;169905
17/08/2026 14:20;170000;170110;169940;169970
17/08/2026 14:15;169890;170040;169875;170000
17/08/2026 14:10;169830;169935;169795;169890
17/08/2026 14:05;169635;169850;169565;169835
17/08/2026 14:00;169710;169845;169630;169635
17/08/2026 13:55;169730;169795;169645;169705
17/08/2026 13:50;169635;169760;169570;169730
17/08/2026 13:45;169690;169705;169560;169640
17/08/2026 13:40;169825;169825;169640;169690
17/08/2026 13:35;169860;169865;169760;169820
17/08/2026 13:30;169980;169985;169840;169860
17/08/2026 13:25;169900;170020;169890;169975
17/08/2026 13:20;170030;170035;169795;169895
17/08/2026 13:15;169925;170045;169920;170035
17/08/2026 13:10;169905;170080;169890;169930
17/08/2026 13:05;169815;169915;169815;169905
17/08/2026 13:00;169840;169935;169785;169815
17/08/2026 12:55;169850;169855;169780;169840
17/08/2026 12:50;169850;169890;169750;169850
17/08/2026 12:45;170040;170095;169800;169850
17/08/2026 12:40;170075;170080;169945;170040
17/08/2026 12:35;170055;170155;169965;170075
17/08/2026 12:30;170055;170130;169955;170055
17/08/2026 12:25;169730;170130;169695;170050
17/08/2026 12:20;169755;169810;169680;169730
17/08/2026 12:15;169935;170035;169720;169755
17/08/2026 12:10;169770;169955;169740;169940
17/08/2026 12:05;169720;169800;169575;169765
17/08/2026 12:00;169640;169750;169560;169720
17/08/2026 11:55;169675;169745;169575;169645
17/08/2026 11:50;169775;169850;169565;169675
17/08/2026 11:45;169660;169820;169590;169775
17/08/2026 11:40;169585;169900;169545;169660
17/08/2026 11:35;169890;169915;169525;169590
17/08/2026 11:30;170315;170365;169870;169890
17/08/2026 11:25;170270;170375;170185;170315
17/08/2026 11:20;170225;170465;170130;170275
17/08/2026 11:15;170170;170280;169855;170230
17/08/2026 11:10;170075;170195;169925;170165
17/08/2026 11:05;170250;170355;170010;170075
17/08/2026 11:00;169730;170395;169705;170255
17/08/2026 10:55;169800;169895;169690;169730
17/08/2026 10:50;169685;169870;169660;169795
17/08/2026 10:45;169665;169960;169580;169690
17/08/2026 10:40;169915;169925;169565;169660
17/08/2026 10:35;169965;170075;169755;169915
17/08/2026 10:30;170820;170895;169905;169965
17/08/2026 10:25;171095;171170;170665;170820
17/08/2026 10:20;170800;171170;170775;171090
17/08/2026 10:15;170305;170910;170245;170800
17/08/2026 10:10;170390;170445;169950;170310
17/08/2026 10:05;169910;170410;169805;170385
17/08/2026 10:00;169660;170040;169515;169915
17/08/2026 09:55;169620;169740;169580;169655
17/08/2026 09:50;169685;169725;169575;169625
17/08/2026 09:45;169640;169795;169610;169680
17/08/2026 09:40;169480;169710;169475;169635
17/08/2026 09:35;169535;169595;169385;169480
17/08/2026 09:30;169585;169660;169400;169530
17/08/2026 09:25;169715;169730;169530;169590
17/08/2026 09:20;169670;169875;169655;169715
17/08/2026 09:15;169665;169740;169560;169665
17/08/2026 09:10;169865;169880;169610;169660
17/08/2026 09:05;170130;170425;169840;169870
17/08/2026 09:00;170245;171160;170115;170130
14/08/2026 18:20;170005;170015;169875;169975
14/08/2026 18:15;170245;170245;169960;170010
14/08/2026 18:10;170230;170265;170140;170240
14/08/2026 18:05;170080;170280;170075;170230
14/08/2026 18:00;170020;170130;169830;170080
14/08/2026 17:55;169995;170090;169980;170020
14/08/2026 17:50;169965;170015;169930;169995
14/08/2026 17:45;170030;170040;169925;169970
14/08/2026 17:40;169925;170040;169915;170030
14/08/2026 17:35;170055;170060;169905;169920
14/08/2026 17:30;169855;170095;169830;170055
14/08/2026 17:25;169865;169950;169810;169860
14/08/2026 17:20;169905;169905;169835;169860
14/08/2026 17:15;169785;169940;169785;169905
14/08/2026 17:10;169910;169955;169755;169790
14/08/2026 17:05;170045;170170;169900;169915
14/08/2026 17:00;169810;170090;169760;170045
14/08/2026 16:55;170030;170035;169705;169810
14/08/2026 16:50;169800;170180;169780;170035
14/08/2026 16:45;169520;169885;169425;169795
14/08/2026 16:40;169410;169635;169250;169525
14/08/2026 16:35;169565;169600;169370;169415
14/08/2026 16:30;169405;169665;169385;169570
14/08/2026 16:25;169090;169480;169080;169400
14/08/2026 16:20;168925;169105;168915;169090
14/08/2026 16:15;168855;168950;168750;168930
14/08/2026 16:10;168845;168980;168845;168860
14/08/2026 16:05;168745;168860;168740;168845
14/08/2026 16:00;168850;168880;168695;168745
14/08/2026 15:55;168850;168910;168835;168845
14/08/2026 15:50;168770;168925;168740;168850
14/08/2026 15:45;168490;168775;168435;168765
14/08/2026 15:40;168600;168610;168460;168485
14/08/2026 15:35;168535;168635;168500;168600
14/08/2026 15:30;168540;168575;168495;168535
14/08/2026 15:25;168445;168555;168415;168545
14/08/2026 15:20;168435;168470;168330;168445
14/08/2026 15:15;168360;168500;168320;168430
14/08/2026 15:10;168330;168390;168295;168360
14/08/2026 15:05;168195;168340;168160;168330
14/08/2026 15:00;168100;168195;168065;168195
14/08/2026 14:55;168075;168150;168050;168100
14/08/2026 14:50;168045;168100;168005;168075
14/08/2026 14:45;168065;168085;167975;168045
14/08/2026 14:40;168075;168135;168050;168065
14/08/2026 14:35;168125;168260;168050;168075
14/08/2026 14:30;168155;168190;168080;168125
14/08/2026 14:25;168185;168190;168105;168150
14/08/2026 14:20;168255;168315;168175;168190
14/08/2026 14:15;168250;168275;168205;168255
14/08/2026 14:10;168235;168285;168160;168255
14/08/2026 14:05;168245;168300;168180;168235
14/08/2026 14:00;168350;168375;168210;168245
14/08/2026 13:55;168465;168465;168245;168350
14/08/2026 13:50;168655;168655;168450;168460
14/08/2026 13:45;168695;168740;168615;168655
14/08/2026 13:40;168690;168780;168635;168690
14/08/2026 13:35;168665;168750;168645;168690
14/08/2026 13:30;168560;168730;168480;168665
14/08/2026 13:25;168530;168580;168470;168555
14/08/2026 13:20;168630;168645;168430;168525
14/08/2026 13:15;168510;168700;168490;168630
14/08/2026 13:10;168610;168635;168490;168510
14/08/2026 13:05;168555;168625;168505;168615
14/08/2026 13:00;168695;168705;168525;168555
14/08/2026 12:55;168720;168775;168655;168695
14/08/2026 12:50;168695;168790;168655;168720
14/08/2026 12:45;168765;168780;168690;168695
14/08/2026 12:40;168830;168860;168720;168770
14/08/2026 12:35;168740;168895;168695;168825
14/08/2026 12:30;168730;168785;168610;168735
14/08/2026 12:25;168725;168750;168630;168725
14/08/2026 12:20;168710;168865;168635;168730
14/08/2026 12:15;168670;168715;168625;168715
14/08/2026 12:10;168770;168795;168640;168670
14/08/2026 12:05;168725;168805;168565;168770
14/08/2026 12:00;168505;168805;168405;168730
14/08/2026 11:55;168700;168740;168470;168505
14/08/2026 11:50;168735;168810;168655;168695
14/08/2026 11:45;168775;168795;168555;168735
14/08/2026 11:40;168760;168840;168680;168780
14/08/2026 11:35;168745;168785;168580;168760
14/08/2026 11:30;168780;168950;168635;168750
14/08/2026 11:25;168645;168830;168610;168775
14/08/2026 11:20;168390;168745;168365;168645
14/08/2026 11:15;168585;168640;168310;168390
14/08/2026 11:10;168885;169075;168530;168585
14/08/2026 11:05;168945;168980;168640;168885
14/08/2026 11:00;169235;169365;168880;168950
14/08/2026 10:55;169220;169290;169120;169235
14/08/2026 10:50;169320;169640;169135;169220
14/08/2026 10:45;169130;169425;169075;169325
14/08/2026 10:40;169145;169230;168800;169135
14/08/2026 10:35;168920;169285;168875;169140
14/08/2026 10:30;169525;169530;168840;168925
14/08/2026 10:25;169770;169850;169450;169530
14/08/2026 10:20;169740;169800;169620;169770
14/08/2026 10:15;169750;169855;169525;169745
14/08/2026 10:10;169955;170100;169565;169755
14/08/2026 10:05;169560;170055;169495;169960
14/08/2026 10:00;169430;169680;169205;169560
14/08/2026 09:55;169485;169580;169400;169425
14/08/2026 09:50;169475;169550;169340;169485
14/08/2026 09:45;169055;169500;169035;169475
14/08/2026 09:40;169380;169385;169045;169055
14/08/2026 09:35;169725;169735;169345;169380
14/08/2026 09:30;169755;169985;169670;169725
14/08/2026 09:25;170280;170290;169745;169755
14/08/2026 09:20;170210;170390;170130;170285
14/08/2026 09:15;169985;170270;169950;170210
14/08/2026 09:10;170005;170140;169940;169990
14/08/2026 09:05;170400;170455;169900;170005
14/08/2026 09:00;171100;171240;170035;170400
13/08/2026 18:20;170805;170870;170740;170775
13/08/2026 18:15;170815;170970;170725;170805
13/08/2026 18:10;170655;170900;170600;170815
13/08/2026 18:05;170535;170680;170515;170650
13/08/2026 18:00;170410;170545;170355;170530
13/08/2026 17:55;170350;170440;170310;170405
13/08/2026 17:50;170250;170370;170210;170350
13/08/2026 17:45;170270;170280;170225;170250
13/08/2026 17:40;170280;170295;170235;170265
13/08/2026 17:35;170175;170295;170165;170285
13/08/2026 17:30;170180;170215;170165;170175
13/08/2026 17:25;170240;170275;170170;170185
13/08/2026 17:20;170200;170250;170195;170240
13/08/2026 17:15;170330;170340;170185;170205
13/08/2026 17:10;170290;170370;170285;170335
13/08/2026 17:05;170385;170400;170290;170290
13/08/2026 17:00;170160;170400;170135;170380
13/08/2026 16:55;170210;170215;170100;170165
13/08/2026 16:50;170310;170325;170210;170210
13/08/2026 16:45;170325;170345;170265;170310
13/08/2026 16:40;170235;170350;170235;170325
13/08/2026 16:35;170260;170265;170195;170240
13/08/2026 16:30;170270;170285;170205;170255
13/08/2026 16:25;170240;170335;170195;170270
13/08/2026 16:20;170200;170305;170200;170240
13/08/2026 16:15;170080;170250;170045;170200
13/08/2026 16:10;170140;170150;170065;170075
13/08/2026 16:05;170135;170195;170100;170140
13/08/2026 16:00;170200;170210;170115;170140
13/08/2026 15:55;170375;170395;170165;170200
13/08/2026 15:50;170370;170430;170335;170375
13/08/2026 15:45;170365;170395;170310;170370
13/08/2026 15:40;170410;170420;170280;170370
13/08/2026 15:35;170490;170515;170395;170410
13/08/2026 15:30;170485;170585;170455;170495
13/08/2026 15:25;170540;170545;170450;170490
13/08/2026 15:20;170640;170645;170505;170540
13/08/2026 15:15;170655;170670;170560;170645
13/08/2026 15:10;170490;170685;170445;170655
13/08/2026 15:05;170400;170530;170395;170485
13/08/2026 15:00;170495;170625;170380;170400
13/08/2026 14:55;170415;170520;170345;170495
13/08/2026 14:50;170480;170525;170340;170415
13/08/2026 14:45;170600;170700;170470;170485
13/08/2026 14:40;170515;170635;170455;170600
13/08/2026 14:35;170575;170615;170460;170515
13/08/2026 14:30;170570;170590;170510;170570
13/08/2026 14:25;170545;170605;170520;170565
13/08/2026 14:20;170485;170620;170470;170545
13/08/2026 14:15;170445;170535;170365;170485
13/08/2026 14:10;170405;170510;170385;170450
13/08/2026 14:05;170325;170450;170305;170400
13/08/2026 14:00;170455;170550;170270;170330
13/08/2026 13:55;170215;170460;170190;170455
13/08/2026 13:50;170195;170265;170150;170220
13/08/2026 13:45;170145;170235;170080;170195
13/08/2026 13:40;170135;170265;170125;170140
13/08/2026 13:35;170050;170170;170000;170135
13/08/2026 13:30;169915;170075;169830;170055
13/08/2026 13:25;169865;169950;169825;169915
13/08/2026 13:20;169875;169895;169730;169865
13/08/2026 13:15;169880;169970;169835;169880
13/08/2026 13:10;169670;169885;169580;169875
13/08/2026 13:05;169655;169810;169575;169675
13/08/2026 13:00;169765;169775;169450;169650
13/08/2026 12:55;169805;169845;169725;169770
13/08/2026 12:50;169970;170025;169780;169810
13/08/2026 12:45;169935;169980;169870;169970
13/08/2026 12:40;169945;170055;169915;169935
13/08/2026 12:35;169890;170000;169885;169945
13/08/2026 12:30;169980;170010;169825;169895
13/08/2026 12:25;169865;170035;169825;169980
13/08/2026 12:20;169945;169995;169820;169865
13/08/2026 12:15;170105;170120;169875;169945
13/08/2026 12:10;170210;170230;170040;170105
13/08/2026 12:05;170310;170335;170085;170210
13/08/2026 12:00;170370;170385;170285;170305
13/08/2026 11:55;170495;170550;170360;170375
13/08/2026 11:50;170320;170570;170240;170500
13/08/2026 11:45;170510;170530;170300;170320
13/08/2026 11:40;170625;170675;170460;170505
13/08/2026 11:35;170715;170790;170595;170625
13/08/2026 11:30;170645;170765;170500;170710
13/08/2026 11:25;170710;170785;170550;170645
13/08/2026 11:20;170675;170740;170475;170715
13/08/2026 11:15;170845;170930;170580;170680
13/08/2026 11:10;170830;170920;170760;170840
13/08/2026 11:05;170940;171070;170780;170835
13/08/2026 11:00;170785;170985;170680;170940
13/08/2026 10:55;171125;171140;170750;170785
13/08/2026 10:50;171400;171495;171100;171120
13/08/2026 10:45;171715;171790;171365;171400
13/08/2026 10:40;171755;171865;171615;171710
13/08/2026 10:35;171290;171790;171285;171750
13/08/2026 10:30;171120;171610;170950;171295
13/08/2026 10:25;171040;171195;170920;171115
13/08/2026 10:20;170820;171165;170795;171035
13/08/2026 10:15;170815;170945;170540;170820
13/08/2026 10:10;170755;170890;170565;170820
13/08/2026 10:05;170425;170870;170215;170755
13/08/2026 10:00;170210;170515;170070;170440
13/08/2026 09:55;170055;170295;169990;170205
13/08/2026 09:50;169970;170100;169895;170055
13/08/2026 09:45;170115;170135;169910;169965
13/08/2026 09:40;170090;170200;170040;170115
13/08/2026 09:35;169945;170245;169940;170095
13/08/2026 09:30;169700;169985;169635;169945
13/08/2026 09:25;169500;169845;169460;169705
13/08/2026 09:20;169490;169650;169415;169500
13/08/2026 09:15;169760;169805;169370;169490
13/08/2026 09:10;169750;170010;169615;169760
13/08/2026 09:05;169805;169880;169555;169755
13/08/2026 09:00;170665;170810;169640;169795
12/08/2026 18:20;170415;170430;170270;170430
12/08/2026 18:15;170310;170435;170290;170415
12/08/2026 18:10;170330;170365;170225;170310
12/08/2026 18:05;170330;170375;170300;170325
12/08/2026 18:00;170340;170420;170280;170335
12/08/2026 17:55;170330;170390;170270;170345
12/08/2026 17:50;170470;170475;170305;170325
12/08/2026 17:45;170455;170520;170435;170470
12/08/2026 17:40;170585;170595;170430;170450
12/08/2026 17:35;170610;170630;170565;170590
12/08/2026 17:30;170575;170700;170530;170610
12/08/2026 17:25;170620;170650;170570;170575
12/08/2026 17:20;170725;170790;170595;170625
12/08/2026 17:15;170765;170770;170685;170720
12/08/2026 17:10;170920;170930;170715;170765
12/08/2026 17:05;170840;171010;170835;170915
12/08/2026 17:00;170835;170870;170765;170835
12/08/2026 16:55;170920;170955;170805;170840
12/08/2026 16:50;171015;171020;170825;170915
12/08/2026 16:45;171135;171140;170990;171015
12/08/2026 16:40;171165;171170;171055;171140
12/08/2026 16:35;171180;171195;171105;171165
12/08/2026 16:30;171225;171230;171120;171185
12/08/2026 16:25;171255;171280;171190;171230
12/08/2026 16:20;171320;171360;171225;171255
12/08/2026 16:15;171295;171390;171255;171320
12/08/2026 16:10;171310;171375;171250;171290
12/08/2026 16:05;171210;171420;171205;171310
12/08/2026 16:00;171070;171230;171050;171210
12/08/2026 15:55;170995;171110;170975;171070
12/08/2026 15:50;171055;171085;170970;170995
12/08/2026 15:45;171010;171125;170975;171055
12/08/2026 15:40;170875;171020;170820;171015
12/08/2026 15:35;171035;171035;170810;170875
12/08/2026 15:30;171160;171160;170940;171035
12/08/2026 15:25;171185;171200;171120;171160
12/08/2026 15:20;171160;171225;171125;171190
12/08/2026 15:15;171180;171185;171095;171160
12/08/2026 15:10;171290;171310;171140;171180
12/08/2026 15:05;171340;171400;171275;171295
12/08/2026 15:00;171485;171490;171300;171340
12/08/2026 14:55;171450;171520;171415;171485
12/08/2026 14:50;171435;171545;171405;171450
12/08/2026 14:45;171255;171440;171250;171430
12/08/2026 14:40;171255;171290;171180;171260
12/08/2026 14:35;171270;171345;171235;171255
12/08/2026 14:30;171360;171365;171165;171270
12/08/2026 14:25;171430;171475;171335;171365
12/08/2026 14:20;171390;171515;171350;171435
12/08/2026 14:15;171535;171545;171355;171390
12/08/2026 14:10;171335;171665;171330;171535
12/08/2026 14:05;171325;171390;171275;171340
12/08/2026 14:00;171450;171460;171295;171325
12/08/2026 13:55;171520;171520;171390;171455
12/08/2026 13:50;171270;171555;171235;171515
12/08/2026 13:45;171425;171485;171255;171270
12/08/2026 13:40;171435;171475;171350;171425
12/08/2026 13:35;171445;171490;171370;171435
12/08/2026 13:30;171440;171540;171360;171445
12/08/2026 13:25;171545;171550;171435;171440
12/08/2026 13:20;171425;171640;171420;171545
12/08/2026 13:15;171285;171425;171265;171425
12/08/2026 13:10;171230;171345;171210;171285
12/08/2026 13:05;171260;171290;171115;171235
12/08/2026 13:00;171110;171340;171110;171265
12/08/2026 12:55;171040;171145;171030;171110
12/08/2026 12:50;171105;171115;171000;171040
12/08/2026 12:45;171160;171190;171040;171110
12/08/2026 12:40;171165;171175;171080;171155
12/08/2026 12:35;171180;171225;171065;171165
12/08/2026 12:30;171420;171420;171135;171180
12/08/2026 12:25;171325;171440;171290;171415
12/08/2026 12:20;171365;171465;171255;171330
12/08/2026 12:15;171090;171440;171090;171360
12/08/2026 12:10;171070;171205;170995;171095
12/08/2026 12:05;171220;171295;171050;171070
12/08/2026 12:00;171260;171265;171090;171220
12/08/2026 11:55;170990;171345;170970;171260
12/08/2026 11:50;171200;171290;170860;170985
12/08/2026 11:45;171250;171415;171150;171205
12/08/2026 11:40;171360;171400;171210;171255
12/08/2026 11:35;171450;171480;171280;171360
12/08/2026 11:30;171500;171800;171405;171455
12/08/2026 11:25;171570;171755;171365;171500
12/08/2026 11:20;171430;171720;171305;171570
12/08/2026 11:15;171125;171445;170900;171430
12/08/2026 11:10;171350;171460;170985;171125
12/08/2026 11:05;171325;171510;171250;171355
12/08/2026 11:00;171000;171375;170940;171325
12/08/2026 10:55;170980;171150;170865;171000
12/08/2026 10:50;171050;171235;170805;170980
12/08/2026 10:45;171120;171305;170825;171045
12/08/2026 10:40;171055;171430;170930;171115
12/08/2026 10:35;171595;171875;170950;171055
12/08/2026 10:30;171025;171815;170715;171595
12/08/2026 10:25;170710;171225;170615;171030
12/08/2026 10:20;170825;170920;170545;170710
12/08/2026 10:15;171170;171305;170735;170825
12/08/2026 10:10;171445;171485;171110;171175
12/08/2026 10:05;171730;171760;171270;171450
12/08/2026 10:00;171855;172045;171550;171730
12/08/2026 09:55;171725;171895;171680;171855
12/08/2026 09:50;171820;171925;171665;171730
12/08/2026 09:45;171475;171900;171365;171825
12/08/2026 09:40;171515;171585;171400;171480
12/08/2026 09:35;171450;171590;171330;171520
12/08/2026 09:30;171530;171630;171045;171445
12/08/2026 09:25;171395;171665;171315;171525
12/08/2026 09:20;171505;171595;171305;171395
12/08/2026 09:15;171655;171725;171425;171505
12/08/2026 09:10;171430;171695;171240;171655
12/08/2026 09:05;171460;171660;171185;171430
12/08/2026 09:00;172260;172260;171180;171455
11/08/2026 18:20;171595;171750;171550;171750
11/08/2026 18:15;171510;171590;171275;171585
11/08/2026 18:10;171500;171515;171470;171505
11/08/2026 18:05;171480;171550;171470;171500
11/08/2026 18:00;171475;171525;171450;171475
11/08/2026 17:55;171475;171500;171450;171480
11/08/2026 17:50;171515;171535;171450;171480
11/08/2026 17:45;171445;171545;171430;171505
11/08/2026 17:40;171470;171470;171410;171445
11/08/2026 17:35;171460;171500;171435;171465
11/08/2026 17:30;171450;171475;171415;171460
11/08/2026 17:25;171445;171465;171410;171450
11/08/2026 17:20;171455;171520;171430;171455
11/08/2026 17:15;171420;171500;171410;171450
11/08/2026 17:10;171485;171560;171390;171420
11/08/2026 17:05;171445;171545;171410;171485
11/08/2026 17:00;171315;171475;171310;171445
11/08/2026 16:55;171245;171375;171230;171310
11/08/2026 16:50;171305;171325;171205;171245
11/08/2026 16:45;171195;171345;171190;171300
11/08/2026 16:40;171155;171230;171150;171190
11/08/2026 16:35;171320;171325;171120;171150
11/08/2026 16:30;171295;171435;171270;171325
11/08/2026 16:25;171360;171405;171270;171295
11/08/2026 16:20;171275;171400;171210;171365
11/08/2026 16:15;171400;171455;171270;171275
11/08/2026 16:10;171600;171600;171395;171405
11/08/2026 16:05;171485;171675;171460;171600
11/08/2026 16:00;171180;171540;171140;171480
11/08/2026 15:55;171130;171220;171085;171180
11/08/2026 15:50;171080;171185;171075;171125
11/08/2026 15:45;171150;171200;171075;171080
11/08/2026 15:40;171315;171315;171140;171145
11/08/2026 15:35;171335;171380;171285;171310
11/08/2026 15:30;171210;171405;171200;171330
11/08/2026 15:25;171190;171275;171060;171210
11/08/2026 15:20;171120;171210;171000;171195
11/08/2026 15:15;171185;171190;171055;171135
11/08/2026 15:10;171205;171275;171115;171190
11/08/2026 15:05;171230;171265;171170;171215
11/08/2026 15:00;171415;171530;171220;171225
11/08/2026 14:55;171535;171535;171380;171415
11/08/2026 14:50;171605;171670;171520;171530
11/08/2026 14:45;171505;171660;171450;171610
11/08/2026 14:40;171485;171575;171465;171510
11/08/2026 14:35;171425;171510;171405;171485
11/08/2026 14:30;171530;171530;171410;171425
11/08/2026 14:25;171475;171555;171385;171530
11/08/2026 14:20;171605;171605;171460;171485
11/08/2026 14:15;171500;171645;171415;171605
11/08/2026 14:10;171675;171730;171500;171500
11/08/2026 14:05;171830;171895;171625;171670
11/08/2026 14:00;171795;171865;171710;171830
11/08/2026 13:55;171995;172030;171800;171800
11/08/2026 13:50;172145;172145;171990;172000
11/08/2026 13:45;172240;172245;172150;172150
11/08/2026 13:40;172215;172315;172190;172240
11/08/2026 13:35;172200;172250;172145;172215
11/08/2026 13:30;172240;172265;172170;172200
11/08/2026 13:25;172335;172335;172130;172235
11/08/2026 13:20;172420;172440;172310;172335
11/08/2026 13:15;172595;172620;172395;172415
11/08/2026 13:10;172490;172660;172455;172600
11/08/2026 13:05;172270;172520;172235;172500
11/08/2026 13:00;172350;172385;172220;172265
11/08/2026 12:55;172335;172370;172280;172345
11/08/2026 12:50;172515;172535;172245;172325
11/08/2026 12:45;172430;172575;172380;172520
11/08/2026 12:40;172425;172500;172330;172425
11/08/2026 12:35;172685;172730;172400;172430
11/08/2026 12:30;172860;172905;172650;172690
11/08/2026 12:25;173030;173050;172810;172865
11/08/2026 12:20;173045;173165;172990;173015
11/08/2026 12:15;173045;173100;172940;173040
11/08/2026 12:10;173180;173195;172980;173040
11/08/2026 12:05;173505;173510;173115;173190
11/08/2026 12:00;173730;173850;173500;173505
11/08/2026 11:55;173635;173785;173570;173735
11/08/2026 11:50;173785;173805;173610;173645
11/08/2026 11:45;173965;173975;173715;173785
11/08/2026 11:40;173930;174000;173890;173950
11/08/2026 11:35;174180;174235;173930;173930
11/08/2026 11:30;174190;174270;174095;174180
11/08/2026 11:25;174235;174285;174110;174195
11/08/2026 11:20;174215;174300;174080;174240
11/08/2026 11:15;174520;174520;174135;174215
11/08/2026 11:10;174700;174840;174485;174520
11/08/2026 11:05;174735;174800;174610;174695
11/08/2026 11:00;174880;174940;174635;174730
11/08/2026 10:55;174825;175030;174770;174885
11/08/2026 10:50;175255;175255;174780;174820
11/08/2026 10:45;175360;175575;175195;175250
11/08/2026 10:40;175315;175530;175165;175355
11/08/2026 10:35;175015;175380;175000;175310
11/08/2026 10:30;175195;175235;174850;175015
11/08/2026 10:25;175415;175420;175080;175210
11/08/2026 10:20;175465;175495;175205;175425
11/08/2026 10:15;175640;175655;175350;175465
11/08/2026 10:10;175725;175800;175600;175645
11/08/2026 10:05;175735;175825;175625;175730
11/08/2026 10:00;175525;175800;175445;175725
11/08/2026 09:55;175455;175530;175375;175520
11/08/2026 09:50;175510;175625;175420;175450
11/08/2026 09:45;175465;175520;175455;175500
11/08/2026 09:40;175340;175560;175335;175460
11/08/2026 09:35;175430;175450;175315;175345
11/08/2026 09:30;175515;175705;175405;175430
11/08/2026 09:25;175405;175535;175310;175515
11/08/2026 09:20;175515;175600;175340;175410
11/08/2026 09:15;175550;175565;175410;175520
11/08/2026 09:10;175725;175785;175445;175565
11/08/2026 09:05;175365;176020;175300;175730
11/08/2026 09:00;175800;176200;175065;175355
10/08/2026 18:20;175860;175910;175725;175910
10/08/2026 18:15;175845;175900;175800;175895
10/08/2026 18:10;175855;175895;175815;175845
10/08/2026 18:05;175900;175905;175830;175850
10/08/2026 18:00;175800;175925;175760;175875
10/08/2026 17:55;175825;175845;175795;175845
10/08/2026 17:50;175875;175895;175805;175810
10/08/2026 17:45;175865;175905;175855;175875
10/08/2026 17:40;175845;175885;175840;175865
10/08/2026 17:35;175820;175855;175810;175850
10/08/2026 17:30;175925;175935;175810;175825
10/08/2026 17:25;175905;175935;175895;175930
10/08/2026 17:20;175945;175955;175885;175915
10/08/2026 17:15;176000;176000;175935;175945
10/08/2026 17:10;175990;176045;175970;175995
10/08/2026 17:05;175930;176040;175860;176000
10/08/2026 17:00;175945;175965;175890;175930
10/08/2026 16:55;176040;176050;175925;175945
10/08/2026 16:50;176020;176060;175950;176050
10/08/2026 16:45;176125;176150;176005;176020
10/08/2026 16:40;176080;176320;176070;176130
10/08/2026 16:35;176095;176120;176065;176075
10/08/2026 16:30;176115;176145;176035;176100
10/08/2026 16:25;176190;176195;176100;176120
10/08/2026 16:20;176125;176205;176105;176190
10/08/2026 16:15;176035;176180;176030;176125
10/08/2026 16:10;175900;176040;175900;176040
10/08/2026 16:05;175845;175925;175830;175890
10/08/2026 16:00;176035;176050;175830;175840
10/08/2026 15:55;176050;176080;175985;176040
10/08/2026 15:50;175945;176065;175925;176065
10/08/2026 15:45;176015;176030;175945;175960
10/08/2026 15:40;175950;176025;175950;176005
10/08/2026 15:35;175935;176045;175915;175930
10/08/2026 15:30;175960;176020;175910;175950
10/08/2026 15:25;176010;176045;175930;175980
10/08/2026 15:20;176030;176060;175965;176015
10/08/2026 15:15;176055;176085;175985;176010
10/08/2026 15:10;176100;176155;176040;176070
10/08/2026 15:05;176075;176160;176040;176100
10/08/2026 15:00;176030;176110;175950;176085
10/08/2026 14:55;175855;176115;175850;176025
10/08/2026 14:50;175835;175915;175825;175845
10/08/2026 14:45;175840;175865;175785;175840
10/08/2026 14:40;175835;175905;175795;175860
10/08/2026 14:35;175870;175945;175800;175820
10/08/2026 14:30;175780;175995;175780;175865
10/08/2026 14:25;175815;175815;175700;175780
10/08/2026 14:20;175835;175860;175760;175805
10/08/2026 14:15;175810;175855;175755;175830
10/08/2026 14:10;175805;175850;175655;175805
10/08/2026 14:05;175915;175940;175790;175810
10/08/2026 14:00;176040;176060;175905;175910
10/08/2026 13:55;176040;176110;176015;176040
10/08/2026 13:50;176085;176130;176025;176045
10/08/2026 13:45;175800;176100;175790;176090
10/08/2026 13:40;175900;175905;175770;175805
10/08/2026 13:35;175875;175955;175855;175900
10/08/2026 13:30;175895;175915;175735;175870
10/08/2026 13:25;175880;175900;175780;175895
10/08/2026 13:20;175990;176035;175840;175880
10/08/2026 13:15;175865;176005;175815;176000
10/08/2026 13:10;175920;175935;175845;175865
10/08/2026 13:05;175755;175950;175715;175915
10/08/2026 13:00;175815;175835;175740;175760
10/08/2026 12:55;175915;175930;175815;175815
10/08/2026 12:50;175915;175940;175850;175905
10/08/2026 12:45;175865;175920;175805;175900
10/08/2026 12:40;175900;175930;175790;175870
10/08/2026 12:35;175890;175960;175860;175905
10/08/2026 12:30;176230;176230;175865;175895
10/08/2026 12:25;176020;176375;176020;176215
10/08/2026 12:20;176025;176150;176005;176005
10/08/2026 12:15;176000;176055;175900;176030
10/08/2026 12:10;175845;176010;175735;176000
10/08/2026 12:05;175920;176005;175775;175835
10/08/2026 12:00;175985;176025;175855;175915
10/08/2026 11:55;175880;176100;175780;175980
10/08/2026 11:50;176140;176170;175860;175895
10/08/2026 11:45;176000;176260;175965;176135
10/08/2026 11:40;175865;176025;175760;176010
10/08/2026 11:35;175775;175950;175775;175830
10/08/2026 11:30;175495;175815;175400;175790
10/08/2026 11:25;175515;175585;175430;175500
10/08/2026 11:20;175560;175645;175390;175505
10/08/2026 11:15;175680;175760;175435;175565
10/08/2026 11:10;175425;175715;175400;175680
10/08/2026 11:05;175275;175560;175225;175435
10/08/2026 11:00;175490;175580;175215;175275
10/08/2026 10:55;175995;175995;175355;175485
10/08/2026 10:50;175995;176100;175850;175990
10/08/2026 10:45;176195;176210;175970;175990
10/08/2026 10:40;176445;176595;176170;176185
10/08/2026 10:35;176325;176615;176225;176445
10/08/2026 10:30;176330;176375;175980;176320
10/08/2026 10:25;176390;176440;176275;176360
10/08/2026 10:20;176335;176695;176300;176405
10/08/2026 10:15;176335;176455;176270;176345
10/08/2026 10:10;176325;176455;176240;176330
10/08/2026 10:05;176270;176520;176160;176320
10/08/2026 10:00;176470;176470;176145;176290
10/08/2026 09:55;176475;176605;176415;176455
10/08/2026 09:50;176465;176525;176445;176485
10/08/2026 09:45;176555;176625;176430;176475
10/08/2026 09:40;176580;176620;176500;176550
10/08/2026 09:35;176560;176730;176460;176575
10/08/2026 09:30;176510;176770;176505;176570
10/08/2026 09:25;176460;176525;176365;176480
10/08/2026 09:20;176285;176685;176275;176450
10/08/2026 09:15;176570;176610;176245;176275
10/08/2026 09:10;176755;176755;176545;176585
10/08/2026 09:05;176910;177140;176670;176745
10/08/2026 09:00;176595;177260;176325;176905
07/08/2026 18:20;176060;176195;176050;176195
07/08/2026 18:15;176035;176075;175980;176035
07/08/2026 18:10;175980;176015;175950;176005
07/08/2026 18:05;176075;176080;175890;175980
07/08/2026 18:00;176085;176085;176015;176055
07/08/2026 17:55;176030;176110;176020;176080
07/08/2026 17:50;176015;176100;176005;176040
07/08/2026 17:45;175960;176040;175950;176025
07/08/2026 17:40;176025;176035;175955;175955
07/08/2026 17:35;176005;176045;176000;176005
07/08/2026 17:30;175980;176020;175945;176000
07/08/2026 17:25;176020;176035;175980;175990
07/08/2026 17:20;176090;176090;175990;176015
07/08/2026 17:15;176105;176155;176055;176090
07/08/2026 17:10;176085;176115;176050;176105
07/08/2026 17:05;176160;176200;176075;176085
07/08/2026 17:00;176230;176245;176120;176170
07/08/2026 16:55;176270;176275;176210;176225
07/08/2026 16:50;176275;176325;176215;176260
07/08/2026 16:45;176245;176305;176195;176260
07/08/2026 16:40;176290;176310;176240;176245
07/08/2026 16:35;176350;176350;176260;176285
07/08/2026 16:30;176130;176390;176130;176350
07/08/2026 16:25;176175;176180;176045;176135
07/08/2026 16:20;176210;176270;176140;176160
07/08/2026 16:15;176120;176250;176100;176190
07/08/2026 16:10;176190;176190;176130;176130
07/08/2026 16:05;176100;176225;176100;176190
07/08/2026 16:00;175985;176130;175955;176090
07/08/2026 15:55;175980;175985;175855;175975
07/08/2026 15:50;176165;176210;175895;175985
07/08/2026 15:45;176210;176250;176070;176170
07/08/2026 15:40;176345;176345;176200;176205
07/08/2026 15:35;176335;176370;176230;176345
07/08/2026 15:30;176355;176400;176325;176345
07/08/2026 15:25;176325;176420;176285;176340
07/08/2026 15:20;176265;176330;176235;176320
07/08/2026 15:15;176270;176290;176200;176265
07/08/2026 15:10;176355;176365;176260;176285
07/08/2026 15:05;176330;176380;176325;176350
07/08/2026 15:00;176430;176430;176320;176335
07/08/2026 14:55;176445;176450;176350;176425
07/08/2026 14:50;176375;176450;176355;176450
07/08/2026 14:45;176400;176400;176350;176355
07/08/2026 14:40;176350;176460;176340;176380
07/08/2026 14:35;176320;176365;176240;176350
07/08/2026 14:30;176425;176465;176300;176315
07/08/2026 14:25;176365;176435;176350;176425
07/08/2026 14:20;176420;176420;176360;176365
07/08/2026 14:15;176390;176430;176340;176395
07/08/2026 14:10;176420;176450;176355;176410
07/08/2026 14:05;176355;176430;176355;176405
07/08/2026 14:00;176415;176495;176325;176345
07/08/2026 13:55;176360;176425;176340;176400
07/08/2026 13:50;176350;176400;176320;176365
07/08/2026 13:45;176330;176410;176300;176355
07/08/2026 13:40;176395;176460;176305;176340
07/08/2026 13:35;176275;176400;176220;176395
07/08/2026 13:30;176475;176475;176190;176270
07/08/2026 13:25;176505;176540;176425;176475
07/08/2026 13:20;176730;176770;176490;176510
07/08/2026 13:15;176675;176740;176620;176725
07/08/2026 13:10;176585;176725;176570;176670
07/08/2026 13:05;176690;176690;176570;176580
07/08/2026 13:00;176580;176715;176550;176680
07/08/2026 12:55;176565;176660;176505;176575
07/08/2026 12:50;176665;176670;176560;176565
07/08/2026 12:45;176855;176910;176625;176680
07/08/2026 12:40;176855;176905;176760;176865
07/08/2026 12:35;176860;176945;176825;176850
07/08/2026 12:30;176885;176900;176735;176815
07/08/2026 12:25;176800;176940;176770;176885
07/08/2026 12:20;176650;176820;176640;176800
07/08/2026 12:15;176630;176720;176420;176645
07/08/2026 12:10;176405;176640;176305;176635
07/08/2026 12:05;176705;176710;176365;176400
07/08/2026 12:00;176835;176920;176705;176720
07/08/2026 11:55;177000;177000;176765;176830
07/08/2026 11:50;177000;177035;176835;176990
07/08/2026 11:45;177155;177190;176995;177020
07/08/2026 11:40;177290;177315;177120;177155
07/08/2026 11:35;177395;177460;177235;177290
07/08/2026 11:30;177410;177450;177220;177405
07/08/2026 11:25;177570;177580;177395;177425
07/08/2026 11:20;177730;177755;177465;177555
07/08/2026 11:15;177755;177850;177710;177740
07/08/2026 11:10;177715;177910;177650;177770
07/08/2026 11:05;177990;178010;177685;177735
07/08/2026 11:00;178460;178485;177950;177980
07/08/2026 10:55;178555;178570;178370;178450
07/08/2026 10:50;178755;178780;178470;178550
07/08/2026 10:45;178895;178975;178675;178730
07/08/2026 10:40;178970;179075;178820;178910
07/08/2026 10:35;179155;179225;178775;178985
07/08/2026 10:30;179525;179530;178935;179185
07/08/2026 10:25;179650;179660;179470;179520
07/08/2026 10:20;179565;179940;179565;179640
07/08/2026 10:15;179595;179705;179530;179580
07/08/2026 10:10;179615;179650;179450;179630
07/08/2026 10:05;179845;179945;179455;179640
07/08/2026 10:00;179820;179965;179655;179845
07/08/2026 09:55;179935;180065;179800;179800
07/08/2026 09:50;179800;179950;179735;179920
07/08/2026 09:45;179765;179885;179710;179815
07/08/2026 09:40;179675;179845;179615;179770
07/08/2026 09:35;179645;179755;179475;179710
07/08/2026 09:30;179115;179805;178945;179630
07/08/2026 09:25;179180;179290;179035;179085
07/08/2026 09:20;179220;179325;179100;179185
07/08/2026 09:15;179505;179505;179165;179220
07/08/2026 09:10;179555;179615;179460;179495
07/08/2026 09:05;179925;179940;179495;179545
07/08/2026 09:00;180070;180485;179685;179935
06/08/2026 18:20;179400;179455;179395;179450
06/08/2026 18:15;179305;179400;179285;179400
06/08/2026 18:10;179320;179330;179285;179315
06/08/2026 18:05;179300;179355;179280;179340
06/08/2026 18:00;179315;179365;179275;179330
06/08/2026 17:55;179320;179355;179310;179340
06/08/2026 17:50;179300;179375;179270;179345
06/08/2026 17:45;179305;179335;179275;179290
06/08/2026 17:40;179250;179345;179250;179315
06/08/2026 17:35;179220;179285;179215;179235
06/08/2026 17:30;179310;179315;179225;179225
06/08/2026 17:25;179275;179330;179250;179330
06/08/2026 17:20;179355;179355;179250;179250
06/08/2026 17:15;179435;179440;179350;179365
06/08/2026 17:10;179565;179565;179400;179475
06/08/2026 17:05;179575;179600;179525;179540
06/08/2026 17:00;179595;179595;179515;179585
06/08/2026 16:55;179610;179645;179595;179595
06/08/2026 16:50;179515;179665;179450;179615
06/08/2026 16:45;179530;179555;179460;179520
06/08/2026 16:40;179650;179650;179505;179525
06/08/2026 16:35;179690;179720;179620;179660
06/08/2026 16:30;179725;179800;179650;179685
06/08/2026 16:25;179810;179815;179685;179720
06/08/2026 16:20;179955;179955;179795;179810
06/08/2026 16:15;179940;179965;179910;179950
06/08/2026 16:10;180055;180055;179920;179920
06/08/2026 16:05;180035;180100;180005;180060
06/08/2026 16:00;180005;180060;179900;180045
06/08/2026 15:55;180060;180080;180000;180000
06/08/2026 15:50;180105;180140;180035;180050
06/08/2026 15:45;180135;180165;180120;180120
06/08/2026 15:40;180190;180190;180085;180130
06/08/2026 15:35;180060;180190;180035;180180
06/08/2026 15:30;180080;180125;180015;180050
06/08/2026 15:25;180000;180075;179990;180065
06/08/2026 15:20;180025;180055;179995;180030
06/08/2026 15:15;179970;180050;179915;180025
06/08/2026 15:10;180015;180075;179940;179980
06/08/2026 15:05;180010;180050;179935;180005
06/08/2026 15:00;180155;180155;180020;180020
06/08/2026 14:55;180150;180220;180115;180155
06/08/2026 14:50;180115;180210;180095;180145
06/08/2026 14:45;180060;180140;180055;180105
06/08/2026 14:40;180075;180115;180020;180060
06/08/2026 14:35;179930;180085;179920;180070
06/08/2026 14:30;179910;179940;179875;179930
06/08/2026 14:25;179940;179975;179845;179900
06/08/2026 14:20;179865;179950;179850;179935
06/08/2026 14:15;179945;179955;179835;179865
06/08/2026 14:10;179865;179950;179865;179940
06/08/2026 14:05;179915;179925;179825;179855
06/08/2026 14:00;179950;179980;179900;179905
06/08/2026 13:55;179970;179995;179935;179955
06/08/2026 13:50;179935;179970;179870;179955
06/08/2026 13:45;180015;180030;179920;179945
06/08/2026 13:40;180065;180065;179980;180015
06/08/2026 13:35;180130;180160;180010;180070
06/08/2026 13:30;180010;180180;180010;180115
06/08/2026 13:25;179985;180050;179960;180025
06/08/2026 13:20;180000;180070;179950;179975
06/08/2026 13:15;180005;180065;179965;180065
06/08/2026 13:10;180160;180175;179955;180000
06/08/2026 13:05;180245;180270;180125;180175
06/08/2026 13:00;180265;180335;180190;180245
06/08/2026 12:55;180315;180370;180210;180260
06/08/2026 12:50;180380;180565;180300;180300
06/08/2026 12:45;180350;180430;180340;180375
06/08/2026 12:40;180445;180445;180295;180325
06/08/2026 12:35;180500;180535;180450;180470
06/08/2026 12:30;180710;180720;180505;180505
06/08/2026 12:25;180725;180730;180635;180670
06/08/2026 12:20;180735;180750;180540;180750
06/08/2026 12:15;180700;180735;180535;180720
06/08/2026 12:10;180835;180880;180650;180700
06/08/2026 12:05;181020;181080;180810;180815
06/08/2026 12:00;180870;181010;180780;180980
06/08/2026 11:55;181190;181215;180835;180835
06/08/2026 11:50;181115;181265;181115;181195
06/08/2026 11:45;181090;181225;181030;181125
06/08/2026 11:40;180915;181180;180905;181095
06/08/2026 11:35;180875;181090;180800;180915
06/08/2026 11:30;180610;180890;180530;180890
06/08/2026 11:25;180610;180640;180490;180605
06/08/2026 11:20;180470;180635;180370;180630
06/08/2026 11:15;180460;180540;180360;180470
06/08/2026 11:10;180495;180650;180450;180475
06/08/2026 11:05;180625;180800;180425;180470
06/08/2026 11:00;180685;180715;180425;180605
06/08/2026 10:55;180685;180815;180500;180700
06/08/2026 10:50;180765;180990;180660;180725
06/08/2026 10:45;180685;180800;180520;180750
06/08/2026 10:40;180905;181080;180685;180685
06/08/2026 10:35;180920;181180;180650;180910
06/08/2026 10:30;181215;181235;180750;180935
06/08/2026 10:25;181440;181475;181045;181275
06/08/2026 10:20;181310;181580;181280;181425
06/08/2026 10:15;181000;181400;180890;181375
06/08/2026 10:10;180790;181120;180785;180865
06/08/2026 10:05;180480;180865;180470;180820
06/08/2026 10:00;180700;180750;180285;180520
06/08/2026 09:55;180630;180730;180535;180690
06/08/2026 09:50;180515;180625;180500;180605
06/08/2026 09:45;180535;180700;180455;180545
06/08/2026 09:40;180555;180630;180490;180535
06/08/2026 09:35;180585;180585;180400;180520
06/08/2026 09:30;180545;180665;180195;180555
06/08/2026 09:25;180505;180830;180420;180580
06/08/2026 09:20;180420;180585;180340;180495
06/08/2026 09:15;180785;180835;180375;180450
06/08/2026 09:10;180725;180920;180560;180910
06/08/2026 09:05;181150;181310;180590;180860
06/08/2026 09:00;182170;182400;181170;181260
05/08/2026 18:20;181900;181945;181865;181945
05/08/2026 18:15;181780;181900;181780;181895
05/08/2026 18:10;181840;181840;181790;181790
05/08/2026 18:05;181825;181840;181820;181820
05/08/2026 18:00;181865;181880;181815;181825
05/08/2026 17:55;181870;181895;181870;181875
05/08/2026 17:50;181890;181900;181865;181865
05/08/2026 17:45;181870;181880;181845;181880
05/08/2026 17:40;181895;181895;181855;181870
05/08/2026 17:30;181900;181940;181900;181900
05/08/2026 17:25;181885;181900;181845;181880
05/08/2026 17:20;181925;181925;181825;181875
05/08/2026 17:15;182030;182030;181900;181900
05/08/2026 17:10;181975;182055;181965;182030
05/08/2026 17:05;181905;181990;181875;181960
05/08/2026 17:00;181780;181960;181780;181930
05/08/2026 16:55;181935;181950;181790;181790
05/08/2026 16:50;181870;181915;181820;181915
05/08/2026 16:45;181920;181920;181830;181880
05/08/2026 16:40;181960;182020;181920;181930
05/08/2026 16:35;182005;182040;181980;181980
05/08/2026 16:30;182110;182110;181965;182020
05/08/2026 16:25;182170;182220;182110;182110
05/08/2026 16:20;182200;182210;182125;182170
05/08/2026 16:15;182125;182240;182125;182180
05/08/2026 16:10;182125;182170;182065;182130
05/08/2026 16:05;182155;182195;182100;182140
05/08/2026 16:00;182205;182235;182005;182165
05/08/2026 15:55;182300;182370;182205;182220
05/08/2026 15:50;182420;182445;182300;182300
05/08/2026 15:45;182385;182415;182350;182400
05/08/2026 15:40;182350;182370;182295;182310
05/08/2026 15:35;182340;182390;182300;182300
05/08/2026 15:30;182500;182500;182310;182325
05/08/2026 15:25;182550;182560;182495;182540
05/08/2026 15:20;182465;182540;182465;182540
05/08/2026 15:15;182470;182510;182440;182480
05/08/2026 15:10;182425;182520;182425;182470
05/08/2026 15:05;182450;182470;182385;182385
05/08/2026 15:00;182335;182430;182300;182430
05/08/2026 14:55;182480;182480;182350;182350
05/08/2026 14:50;182440;182530;182435;182500
05/08/2026 14:45;182545;182575;182400;182435
05/08/2026 14:40;182550;182585;182460;182530
05/08/2026 14:35;182470;182565;182435;182505
05/08/2026 14:30;182305;182470;182295;182445
05/08/2026 14:25;182220;182335;182145;182315
05/08/2026 14:20;182235;182325;182150;182180
05/08/2026 14:15;182495;182500;182220;182260
05/08/2026 14:10;182410;182520;182400;182440
05/08/2026 14:05;182510;182575;182430;182430
05/08/2026 14:00;182490;182585;182440;182475
05/08/2026 13:55;182620;182620;182380;182480
05/08/2026 13:50;182590;182650;182560;182625
05/08/2026 13:45;182595;182610;182540;182575
05/08/2026 13:40;182620;182645;182575;182580
05/08/2026 13:35;182620;182655;182580;182615
05/08/2026 13:30;182640;182685;182595;182630
05/08/2026 13:25;182595;182710;182595;182670
05/08/2026 13:20;182650;182735;182630;182630
05/08/2026 13:15;182560;182625;182510;182560
05/08/2026 13:10;182510;182635;182490;182570
05/08/2026 13:05;182570;182650;182520;182555
05/08/2026 13:00;182710;182780;182570;182585
05/08/2026 12:55;182730;182760;182655;182735
05/08/2026 12:50;182620;182770;182610;182770
05/08/2026 12:45;182580;182585;182485;182560
05/08/2026 12:40;182805;182825;182600;182600
05/08/2026 12:35;182790;182870;182750;182830
05/08/2026 12:30;182980;183020;182800;182805
05/08/2026 12:25;182970;183000;182900;182945
05/08/2026 12:20;183040;183145;182995;183025
05/08/2026 12:15;183110;183110;182905;183030
05/08/2026 12:10;183165;183210;183075;183125
05/08/2026 12:05;183160;183230;183065;183065
05/08/2026 12:00;182955;183250;182950;183160
05/08/2026 11:55;182965;183090;182860;183020
05/08/2026 11:50;183265;183340;182880;183040
05/08/2026 11:45;183140;183315;183100;183250
05/08/2026 11:40;183140;183200;183025;183070
05/08/2026 11:35;183010;183340;183010;183190
05/08/2026 11:30;182935;183110;182860;182980
05/08/2026 11:25;183510;183510;182885;182910
05/08/2026 11:20;184050;184090;183520;183530
05/08/2026 11:15;184125;184125;183840;184050
05/08/2026 11:10;184235;184460;184170;184170
05/08/2026 11:05;183845;184220;183845;184180
05/08/2026 11:00;183525;183840;183310;183810
05/08/2026 10:55;183490;183700;183475;183545
05/08/2026 10:50;183170;183540;183015;183490
05/08/2026 10:45;183300;183300;183070;183175
05/08/2026 10:40;183605;183720;183315;183315
05/08/2026 10:35;183175;183750;183145;183700
05/08/2026 10:30;183415;183740;183130;183200
05/08/2026 10:25;183785;183885;183425;183425
05/08/2026 10:20;183475;183780;183475;183675
05/08/2026 10:15;183240;183595;183165;183490
05/08/2026 10:10;182940;183365;182915;183265
05/08/2026 10:05;182995;183120;182755;182940
05/08/2026 10:00;183345;183365;182900;183050
05/08/2026 09:55;183470;183565;183350;183405
05/08/2026 09:50;183370;183505;183345;183455
05/08/2026 09:45;183230;183405;183230;183360
05/08/2026 09:40;183295;183295;183100;183250
05/08/2026 09:35;183225;183315;183180;183225
05/08/2026 09:30;183250;183380;182970;183230
05/08/2026 09:25;183230;183250;182990;183250
05/08/2026 09:20;183075;183265;182900;183265
05/08/2026 09:15;182855;183135;182795;183100
05/08/2026 09:10;182760;182900;182610;182795
05/08/2026 09:05;183000;183050;182480;182740
05/08/2026 09:00;182530;183175;182455;182975
04/08/2026 18:20;182060;182095;181955;181955
04/08/2026 18:15;182020;182050;182005;182050
04/08/2026 18:10;182010;182040;182005;182015
04/08/2026 18:05;182035;182075;182000;182035
04/08/2026 18:00;182065;182070;182025;182040
04/08/2026 17:55;182035;182080;182015;182075
04/08/2026 17:50;182015;182035;181980;182035
04/08/2026 17:45;181995;182030;181970;182030
04/08/2026 17:40;181970;182035;181970;181990
04/08/2026 17:35;182000;182065;182000;182025
04/08/2026 17:30;182080;182080;182025;182035
04/08/2026 17:25;182040;182080;182040;182055
04/08/2026 17:20;182050;182075;181965;182000
04/08/2026 17:15;182035;182075;182000;182035
04/08/2026 17:10;182135;182135;182030;182065
04/08/2026 17:05;182160;182235;182135;182150
04/08/2026 17:00;181980;182230;181935;182160
04/08/2026 16:55;182015;182050;181935;181985
04/08/2026 16:50;182100;182100;182005;182030
04/08/2026 16:45;182080;182100;182050;182085
04/08/2026 16:40;182095;182125;182060;182125
04/08/2026 16:35;182055;182090;182025;182070
04/08/2026 16:30;182180;182180;182025;182035
04/08/2026 16:25;182125;182175;182025;182175
04/08/2026 16:20;182175;182185;182110;182115
04/08/2026 16:15;182050;182160;182050;182160
04/08/2026 16:10;182160;182160;182035;182035
04/08/2026 16:05;182205;182205;182030;182170
04/08/2026 16:00;182175;182190;182105;182155
04/08/2026 15:55;182205;182260;182090;182120
04/08/2026 15:50;182020;182220;182020;182160
04/08/2026 15:45;182100;182110;182010;182025
04/08/2026 15:40;182010;182085;181975;182035
04/08/2026 15:35;182065;182070;181940;182015
04/08/2026 15:30;181950;182150;181950;182040
04/08/2026 15:25;181900;181945;181810;181915
04/08/2026 15:20;181815;181915;181775;181900
04/08/2026 15:15;182050;182065;181820;181890
04/08/2026 15:10;181990;182165;181880;182035
04/08/2026 15:05;181925;182030;181900;181990
04/08/2026 15:00;182210;182210;181880;181890
04/08/2026 14:55;182250;182345;182170;182250
04/08/2026 14:50;182660;182670;182215;182245
04/08/2026 14:45;182630;182735;182630;182630
04/08/2026 14:40;182680;182695;182640;182665
04/08/2026 14:35;182630;182725;182625;182645
04/08/2026 14:30;182585;182650;182575;182580
04/08/2026 14:25;182635;182655;182555;182610
04/08/2026 14:20;182695;182695;182650;182650
04/08/2026 14:15;182650;182710;182590;182690
04/08/2026 14:10;182595;182670;182580;182670
04/08/2026 14:05;182695;182735;182625;182625
04/08/2026 14:00;182600;182690;182525;182690
04/08/2026 13:55;182665;182665;182555;182625
04/08/2026 13:50;182565;182705;182535;182690
04/08/2026 13:45;182445;182550;182410;182550
04/08/2026 13:40;182335;182465;182290;182465
04/08/2026 13:35;182135;182360;182135;182360
04/08/2026 13:30;182400;182430;182075;182165
04/08/2026 13:25;182690;182690;182400;182400
04/08/2026 13:20;182580;182710;182580;182695
04/08/2026 13:15;182540;182625;182540;182590
04/08/2026 13:10;182710;182740;182515;182545
04/08/2026 13:05;182750;182750;182735;182735
04/08/2026 13:00;182760;182790;182700;182765
04/08/2026 12:55;182840;182840;182745;182750
04/08/2026 12:50;182780;182840;182750;182805
04/08/2026 12:45;182695;182775;182695;182775
04/08/2026 12:40;182685;182795;182685;182700
04/08/2026 12:35;182770;182855;182695;182775
04/08/2026 12:30;182860;182890;182705;182710
04/08/2026 12:25;182760;182845;182735;182840
04/08/2026 12:20;182840;182860;182660;182720
04/08/2026 12:15;182900;182955;182810;182810
04/08/2026 12:10;183085;183085;182850;182915
04/08/2026 12:05;183275;183275;183095;183125
04/08/2026 12:00;183060;183275;183020;183270
04/08/2026 11:55;183080;183120;183005;183080
04/08/2026 11:50;183045;183080;182955;183080
04/08/2026 11:45;183060;183100;182965;183070
04/08/2026 11:40;182955;183060;182880;183050
04/08/2026 11:35;182810;183025;182810;182950
04/08/2026 11:30;182770;182890;182770;182850
04/08/2026 11:25;182810;182815;182675;182750
04/08/2026 11:20;182740;182830;182650;182785
04/08/2026 11:15;182800;182855;182715;182760
04/08/2026 11:10;182740;182875;182695;182860
04/08/2026 11:05;182915;182950;182705;182750
04/08/2026 11:00;182740;182975;182575;182945
04/08/2026 10:55;182930;182930;182555;182720
04/08/2026 10:50;183040;183040;182785;182975
04/08/2026 10:45;183175;183230;182900;183010
04/08/2026 10:40;183400;183575;183130;183255
04/08/2026 10:35;183245;183400;183095;183400
04/08/2026 10:30;183650;183840;183205;183230
04/08/2026 10:25;184105;184105;183600;183600
04/08/2026 10:20;184345;184445;184085;184085
04/08/2026 10:15;184960;185040;184310;184350
04/08/2026 10:10;184700;185115;184655;184875
04/08/2026 10:05;184750;184875;184670;184720
04/08/2026 10:00;184400;185670;184250;184745
04/08/2026 09:55;184695;184725;184400;184425
04/08/2026 09:50;184725;184810;184595;184665
04/08/2026 09:45;184650;184700;184565;184690
04/08/2026 09:40;184500;184650;184425;184560
04/08/2026 09:35;184455;184560;184430;184555
04/08/2026 09:30;184260;184510;184170;184460
04/08/2026 09:25;184220;184360;183880;184285
04/08/2026 09:20;184345;184345;184140;184180
04/08/2026 09:15;184025;184390;184025;184300
04/08/2026 09:10;183835;184100;183750;184000
04/08/2026 09:05;183465;184100;183465;183845
04/08/2026 09:00;183025;183430;182450;183330
03/08/2026 18:20;182450;182480;182315;182400
03/08/2026 18:15;182425;182475;182380;182450
03/08/2026 18:10;182460;182460;182425;182425
03/08/2026 18:05;182415;182460;182415;182460
03/08/2026 18:00;182280;182450;182260;182425
03/08/2026 17:55;182385;182390;182250;182300
03/08/2026 17:50;182480;182480;182340;182375
03/08/2026 17:45;182490;182490;182435;182445
03/08/2026 17:40;182400;182510;182375;182500
03/08/2026 17:35;182380;182425;182360;182425
03/08/2026 17:30;182355;182410;182355;182370
03/08/2026 17:25;182330;182350;182325;182340
03/08/2026 17:20;182370;182370;182295;182295
03/08/2026 17:15;182320;182370;182320;182370
03/08/2026 17:10;182205;182295;182205;182290
03/08/2026 17:05;182395;182420;182245;182275
03/08/2026 17:00;182225;182380;182205;182380
03/08/2026 16:55;182340;182340;182255;182255
03/08/2026 16:50;182340;182380;182300;182330
03/08/2026 16:45;182220;182350;182180;182330
03/08/2026 16:40;182340;182340;182205;182210
03/08/2026 16:35;182370;182390;182275;182325
03/08/2026 16:30;182200;182390;182165;182375
03/08/2026 16:25;182165;182220;182150;182190
03/08/2026 16:20;182200;182300;182155;182155
03/08/2026 16:15;182110;182195;182110;182175
03/08/2026 16:10;182050;182100;182040;182090
03/08/2026 16:05;181950;182035;181950;182035
03/08/2026 16:00;181810;181925;181810;181925
03/08/2026 15:55;181840;181890;181830;181830
03/08/2026 15:50;181840;181865;181805;181810
03/08/2026 15:45;181855;181855;181810;181835
03/08/2026 15:40;181910;181910;181790;181845
03/08/2026 15:35;181895;181925;181885;181920
03/08/2026 15:30;181950;181950;181860;181870
03/08/2026 15:25;181990;182060;181985;181985
03/08/2026 15:20;181935;181980;181930;181980
03/08/2026 15:15;181955;182010;181955;182005
03/08/2026 15:10;181900;181995;181875;181960
03/08/2026 15:05;181900;181900;181840;181855
03/08/2026 15:00;181770;181900;181770;181900
03/08/2026 14:55;181860;181895;181770;181770
03/08/2026 14:50;181965;181980;181810;181810
03/08/2026 14:45;181885;181985;181870;181940
03/08/2026 14:40;181735;181890;181710;181885
03/08/2026 14:35;181800;181820;181735;181735
03/08/2026 14:30;181840;181850;181750;181785
03/08/2026 14:25;181800;181840;181800;181840
03/08/2026 14:20;181815;181815;181700;181800
03/08/2026 14:15;181910;181915;181830;181845
03/08/2026 14:10;181725;181905;181725;181880
03/08/2026 14:05;181650;181720;181630;181720
03/08/2026 14:00;181580;181630;181550;181575
03/08/2026 13:55;181575;181610;181575;181610
03/08/2026 13:50;181515;181550;181485;181550
03/08/2026 13:45;181575;181585;181535;181565
03/08/2026 13:40;181670;181670;181610;181610
03/08/2026 13:35;181595;181695;181580;181690
03/08/2026 13:25;181665;181665;181590;181600
03/08/2026 13:20;181700;181725;181655;181680
03/08/2026 13:15;181575;181695;181560;181695
03/08/2026 13:10;181660;181685;181575;181660
03/08/2026 13:05;181540;181565;181540;181565
03/08/2026 13:00;181625;181625;181555;181555
03/08/2026 12:55;181705;181705;181610;181630
03/08/2026 12:50;181670;181710;181640;181700
03/08/2026 12:45;181605;181710;181605;181705
03/08/2026 12:40;181650;181665;181580;181580
03/08/2026 12:35;181510;181630;181460;181630
03/08/2026 12:30;181630;181630;181470;181490
03/08/2026 12:25;181750;181780;181550;181630
03/08/2026 12:20;181750;181750;181630;181640
03/08/2026 12:15;181625;181735;181600;181735
03/08/2026 12:10;181545;181655;181545;181610
03/08/2026 12:05;181625;181625;181430;181580
03/08/2026 12:00;181555;181625;181485;181625
03/08/2026 11:55;181620;181675;181580;181615
03/08/2026 11:50;181610;181680;181475;181640
03/08/2026 11:45;181400;181590;181400;181590
03/08/2026 11:40;181570;181625;181380;181435
03/08/2026 11:35;181720;181885;181560;181560
03/08/2026 11:30;181575;181715;181495;181715
03/08/2026 11:25;181390;181555;181390;181550
03/08/2026 11:20;181280;181510;181280;181470
03/08/2026 11:15;181380;181400;181260;181270
03/08/2026 11:10;181270;181440;181220;181425
03/08/2026 11:05;181200;181300;181145;181240
03/08/2026 11:00;181380;181445;181160;181245
03/08/2026 10:55;181335;181475;181250;181430
03/08/2026 10:50;181460;181625;181255;181300
03/08/2026 10:45;181430;181760;181350;181500
03/08/2026 10:40;181420;181695;181410;181505
03/08/2026 10:35;181765;181820;181370;181395
03/08/2026 10:30;182000;182355;181725;181725
03/08/2026 10:25;182085;182195;181945;182000
03/08/2026 10:20;182135;182300;181995;182085
03/08/2026 10:15;182515;182560;182060;182105
03/08/2026 10:10;182890;182890;182580;182585
03/08/2026 10:05;182990;183095;182870;182945
03/08/2026 10:00;183195;183355;182860;183070
03/08/2026 09:55;183075;183400;183055;183205
03/08/2026 09:50;182955;183140;182925;183080
03/08/2026 09:45;182845;183060;182830;182960
03/08/2026 09:40;182880;182920;182680;182870
03/08/2026 09:35;182790;183000;182730;182905
03/08/2026 09:30;182620;182905;182590;182700
03/08/2026 09:25;182565;182695;182500;182650
03/08/2026 09:20;182585;182645;182435;182545
03/08/2026 09:15;182400;182690;182370;182560
03/08/2026 09:10;182310;182450;182150;182390
03/08/2026 09:05;182635;182650;182130;182340
03/08/2026 09:00;182810;183295;182700;182750
31/07/2026 18:20;182385;182415;182265;182415
31/07/2026 18:15;182365;182410;182340;182340
31/07/2026 18:10;182330;182380;182280;182345
31/07/2026 18:05;182320;182455;182320;182325
31/07/2026 18:00;182265;182365;182265;182320
31/07/2026 17:55;182355;182355;182190;182275
31/07/2026 17:50;182445;182445;182280;182330
31/07/2026 17:45;182520;182565;182440;182440
31/07/2026 17:40;182450;182490;182450;182460
31/07/2026 17:35;182420;182475;182410;182440
31/07/2026 17:30;182490;182490;182380;182395
31/07/2026 17:25;182500;182510;182500;182510
31/07/2026 17:20;182570;182595;182465;182490
31/07/2026 17:15;182450;182590;182450;182575
31/07/2026 17:10;182450;182475;182430;182455
31/07/2026 17:05;182455;182550;182450;182495
31/07/2026 17:00;182765;182800;182440;182440
31/07/2026 16:55;182635;182760;182635;182700
31/07/2026 16:50;182695;182770;182615;182690
31/07/2026 16:45;182595;182740;182580;182660
31/07/2026 16:40;182350;182610;182350;182610
31/07/2026 16:35;182445;182570;182345;182345
31/07/2026 16:30;182605;182610;182455;182455
31/07/2026 16:25;182695;182695;182510;182510
31/07/2026 16:20;182735;182785;182700;182700
31/07/2026 16:15;182965;182965;182750;182750
31/07/2026 16:10;182985;182995;182925;182950
31/07/2026 16:05;182990;183085;182990;183085
31/07/2026 16:00;183090;183200;182955;183055
31/07/2026 15:55;183145;183160;183025;183085
31/07/2026 15:50;183040;183160;183040;183160
31/07/2026 15:45;183035;183090;182880;182970
31/07/2026 15:40;183000;183095;182975;183075
31/07/2026 15:35;182970;183050;182890;183050
31/07/2026 15:30;182765;182990;182765;182930
31/07/2026 15:25;182880;182880;182765;182830
31/07/2026 15:20;182785;182940;182785;182880
31/07/2026 15:15;182665;182740;182630;182740
31/07/2026 15:10;182730;182825;182665;182720
31/07/2026 15:05;182625;182730;182585;182730
31/07/2026 15:00;182670;182750;182615;182635
31/07/2026 14:55;182750;182780;182680;182740
31/07/2026 14:50;182685;182725;182660;182675
31/07/2026 14:45;182855;182930;182650;182650
31/07/2026 14:40;182720;182880;182700;182815
31/07/2026 14:35;182650;182770;182560;182635
31/07/2026 14:30;182670;182750;182615;182650
31/07/2026 14:25;182655;182665;182560;182650
31/07/2026 14:20;182390;182645;182380;182645
31/07/2026 14:15;182545;182675;182380;182435
31/07/2026 14:10;182150;182545;182150;182545
31/07/2026 14:05;182210;182245;182130;182240
31/07/2026 14:00;182275;182345;182210;182210
31/07/2026 13:55;182410;182410;182255;182345
31/07/2026 13:50;182360;182455;182350;182415
31/07/2026 13:45;182510;182510;182340;182340
31/07/2026 13:40;182730;182800;182510;182510
31/07/2026 13:35;182590;182770;182470;182670
31/07/2026 13:30;182545;182625;182500;182565
31/07/2026 13:25;182345;182500;182315;182445
31/07/2026 13:20;182100;182300;182100;182285
31/07/2026 13:15;182290;182310;181905;182030
31/07/2026 13:10;182125;182205;182115;182150
31/07/2026 13:05;182155;182240;182100;182205
31/07/2026 13:00;182265;182385;182070;182160
31/07/2026 12:55;182770;182790;182310;182320
31/07/2026 12:50;182590;182770;182235;182720
31/07/2026 12:45;182455;182630;182355;182590
31/07/2026 12:40;182000;182500;182000;182485
31/07/2026 12:35;181430;182300;181430;182120
31/07/2026 12:30;181220;181435;180835;181290
30/07/2026 18:20;181410;181410;181260;181260
30/07/2026 18:15;181525;181595;181400;181400
30/07/2026 18:10;181630;181630;181470;181560
30/07/2026 18:05;181670;181690;181615;181660
30/07/2026 18:00;181700;181750;181675;181725
30/07/2026 17:55;181775;181780;181730;181730
30/07/2026 17:50;181800;181800;181735;181735
30/07/2026 17:45;181740;181800;181740;181760
30/07/2026 17:40;181760;181760;181650;181725
30/07/2026 17:35;181740;181790;181705;181745
30/07/2026 17:30;181800;181840;181690;181840
30/07/2026 17:25;181840;181870;181810;181810
30/07/2026 17:20;181840;181840;181790;181805
30/07/2026 17:15;181760;181835;181730;181805
30/07/2026 17:10;181755;181775;181720;181730
30/07/2026 17:05;181635;181830;181610;181785
30/07/2026 17:00;181575;181665;181575;181610
30/07/2026 16:55;181490;181640;181465;181575
30/07/2026 16:50;181500;181500;181380;181465
30/07/2026 16:45;181500;181590;181470;181520
30/07/2026 16:40;181365;181490;181350;181490
30/07/2026 16:35;181320;181390;181320;181350
30/07/2026 16:30;181325;181405;181290;181370
30/07/2026 16:25;181330;181560;181330;181360
30/07/2026 16:20;181140;181320;181140;181320
30/07/2026 16:15;180985;181180;180945;181165
30/07/2026 16:10;181040;181055;180980;181000
30/07/2026 16:05;180915;181020;180880;181010
30/07/2026 16:00;180840;180930;180825;180885
30/07/2026 15:55;180835;180870;180825;180825
30/07/2026 15:50;180820;180900;180820;180835
30/07/2026 15:45;180765;180855;180765;180830
30/07/2026 15:40;180575;180780;180575;180780
30/07/2026 15:35;180615;180630;180570;180570
30/07/2026 15:30;180505;180675;180505;180575
30/07/2026 15:25;180470;180515;180470;180515
30/07/2026 15:20;180455;180460;180440;180440
30/07/2026 15:15;180465;180465;180370;180370
30/07/2026 15:10;180435;180455;180425;180455
30/07/2026 15:05;180395;180470;180395;180455
30/07/2026 15:00;180425;180450;180375;180385
30/07/2026 14:55;180500;180530;180405;180405
30/07/2026 14:50;180490;180520;180435;180485
30/07/2026 14:45;180495;180530;180450;180450
30/07/2026 14:40;180450;180500;180445;180480
30/07/2026 14:35;180415;180520;180400;180460
30/07/2026 14:30;180475;180475;180360;180390
30/07/2026 14:25;180490;180490;180390;180430
30/07/2026 14:20;180650;180650;180490;180525
30/07/2026 14:15;180620;180650;180620;180650
30/07/2026 14:10;180590;180680;180550;180635
30/07/2026 14:05;180550;180625;180525;180525
30/07/2026 14:00;180545;180635;180535;180590
30/07/2026 13:55;180370;180555;180370;180510
30/07/2026 13:50;180300;180355;180270;180355
30/07/2026 13:45;180300;180310;180230;180310
30/07/2026 13:40;180435;180435;180280;180280
30/07/2026 13:35;180380;180470;180375;180430
30/07/2026 13:30;180305;180400;180300;180355
30/07/2026 13:25;180285;180310;180250;180290
30/07/2026 13:20;180225;180300;180190;180300
30/07/2026 13:15;180240;180275;180205;180270
30/07/2026 13:10;180245;180255;180200;180255
30/07/2026 13:05;180180;180290;180180;180235
30/07/2026 13:00;180160;180270;180150;180235
30/07/2026 12:55;180120;180200;180120;180160
30/07/2026 12:50;180080;180120;180080;180120
30/07/2026 12:45;180150;180150;180050;180100
30/07/2026 12:40;180100;180150;180065;180140
30/07/2026 12:35;180050;180135;180010;180040
30/07/2026 12:30;179850;180050;179800;180050
30/07/2026 12:25;179885;179965;179875;179905
30/07/2026 12:20;179885;179950;179770;179770
30/07/2026 12:15;179715;179870;179715;179870
30/07/2026 12:10;179720;179785;179640;179685
30/07/2026 12:05;179600;179745;179435;179745
30/07/2026 12:00;179745;179745;179515;179580
30/07/2026 11:55;179810;179815;179700;179785
30/07/2026 11:50;179765;179850;179710;179825
30/07/2026 11:45;179700;179830;179700;179815
30/07/2026 11:40;179790;179795;179700;179700
30/07/2026 11:35;179645;179900;179645;179790
30/07/2026 11:30;179655;179800;179610;179620
30/07/2026 11:25;179590;179740;179435;179650
30/07/2026 11:20;179435;179725;179435;179610
30/07/2026 11:15;179460;179460;179270;179305
30/07/2026 11:10;179415;179550;179290;179435
30/07/2026 11:05;179315;179650;179210;179430
30/07/2026 11:00;179295;179435;179175;179405
30/07/2026 10:55;179090;179320;179090;179305
30/07/2026 10:50;179085;179200;178920;179085
30/07/2026 10:45;178810;179155;178750;179120
30/07/2026 10:40;178890;179040;178745;178945
30/07/2026 10:35;179030;179045;178660;178950
30/07/2026 10:30;179090;179350;178980;179045
30/07/2026 10:25;179455;179455;179015;179115
30/07/2026 10:20;179325;179550;179190;179475
30/07/2026 10:15;179240;179375;179070;179350
30/07/2026 10:10;178950;179250;178915;179250
30/07/2026 10:05;179280;179400;178930;178960
30/07/2026 10:00;178985;179275;178985;179160
30/07/2026 09:55;178935;178965;178850;178905
30/07/2026 09:50;178885;179025;178760;178965
30/07/2026 09:45;178985;178990;178845;178880
30/07/2026 09:40;179015;179065;178980;179000
30/07/2026 09:35;179040;179105;178940;178995
30/07/2026 09:30;179185;179440;178910;179065
30/07/2026 09:25;179340;179345;179065;179165
30/07/2026 09:20;179065;179340;178975;179265
30/07/2026 09:15;179105;179270;179105;179190
30/07/2026 09:10;179040;179110;178875;179090
30/07/2026 09:05;178995;179200;178815;179035
30/07/2026 09:00;178690;179330;178255;178945
29/07/2026 18:20;177805;177910;177785;177800
29/07/2026 18:15;177820;177825;177780;177800
29/07/2026 18:10;177865;177870;177810;177820
29/07/2026 18:05;177920;177950;177910;177935
29/07/2026 18:00;177890;177940;177870;177915
29/07/2026 17:55;177925;177940;177900;177940
29/07/2026 17:50;177900;177940;177885;177885
29/07/2026 17:45;177990;178000;177875;177900
29/07/2026 17:40;178000;178005;177975;177975
29/07/2026 17:35;178035;178045;177990;178005
29/07/2026 17:30;178025;178045;177915;177995
29/07/2026 17:25;178000;178070;177995;178065
29/07/2026 17:20;178075;178080;177990;178015
29/07/2026 17:15;178100;178100;177950;178020
29/07/2026 17:10;178180;178320;178105;178105
29/07/2026 17:05;178340;178385;178130;178140
29/07/2026 17:00;178455;178520;178310;178310
29/07/2026 16:55;178625;178625;178455;178505
29/07/2026 16:50;178730;178730;178625;178625
29/07/2026 16:45;178745;178795;178685;178750
29/07/2026 16:40;178685;178875;178685;178720
29/07/2026 16:35;178780;178920;178680;178680
29/07/2026 16:30;178855;179100;178620;178770
29/07/2026 16:25;178905;178920;178800;178830
29/07/2026 16:20;179440;179440;178900;178900
29/07/2026 16:15;179550;179645;179460;179460
29/07/2026 16:10;179385;179560;179365;179435
29/07/2026 16:05;179670;179670;179325;179325
29/07/2026 16:00;179950;180170;179645;179680
29/07/2026 15:55;179835;179925;179645;179925
29/07/2026 15:50;179645;179870;179585;179850
29/07/2026 15:45;179470;179700;179435;179680
29/07/2026 15:40;179275;179525;179200;179475
29/07/2026 15:35;178870;179250;178870;179250
29/07/2026 15:30;179050;179170;178750;178950
29/07/2026 15:25;178900;179045;178850;179045
29/07/2026 15:20;179110;179110;178900;178900
29/07/2026 15:15;179405;179405;179065;179085
29/07/2026 15:10;179300;179460;179270;179300
29/07/2026 15:05;179335;179420;179250;179310
29/07/2026 15:00;178970;179570;178970;179335
29/07/2026 14:55;178830;178995;178815;178950
29/07/2026 14:50;178900;178950;178845;178900
29/07/2026 14:45;178960;178975;178910;178910
29/07/2026 14:40;178925;178995;178910;178960
29/07/2026 14:35;178900;178975;178860;178950
29/07/2026 14:30;179050;179050;178905;178910
29/07/2026 14:25;179110;179130;179055;179075
29/07/2026 14:20;179130;179215;179100;179120
29/07/2026 14:15;179140;179140;179050;179085
29/07/2026 14:10;179065;179140;179055;179140
29/07/2026 14:05;179210;179210;179040;179085
29/07/2026 14:00;179225;179225;179100;179225
29/07/2026 13:55;179275;179340;179215;179255
29/07/2026 13:50;179225;179250;179175;179235
29/07/2026 13:45;179285;179295;179240;179250
29/07/2026 13:40;179250;179275;179205;179245
29/07/2026 13:35;179250;179250;179200;179250
29/07/2026 13:30;179320;179320;179255;179255
29/07/2026 13:25;179195;179330;179190;179315
29/07/2026 13:20;179180;179260;179160;179175
29/07/2026 13:15;179150;179195;179110;179170
29/07/2026 13:10;179285;179285;179160;179160
29/07/2026 13:05;179410;179440;179270;179335
29/07/2026 13:00;179550;179575;179420;179420
29/07/2026 12:55;179500;179550;179485;179550
29/07/2026 12:50;179450;179450;179450;179450
29/07/2026 12:45;179575;179575;179480;179500
29/07/2026 12:40;179530;179535;179440;179490
29/07/2026 12:35;179650;179730;179560;179560
29/07/2026 12:30;179580;179630;179580;179630
29/07/2026 12:25;179605;179605;179560;179560
29/07/2026 12:20;179635;179660;179595;179615
29/07/2026 12:15;179645;179790;179640;179640
29/07/2026 12:10;179705;179750;179660;179670
29/07/2026 12:05;179600;179755;179600;179755
29/07/2026 12:00;179560;179645;179500;179500
29/07/2026 11:55;179560;179600;179445;179600
29/07/2026 11:50;179550;179650;179530;179650
29/07/2026 11:45;179500;179545;179410;179545
29/07/2026 11:40;179615;179615;179350;179500
29/07/2026 11:35;179710;179755;179605;179645
29/07/2026 11:30;179810;179830;179725;179725
29/07/2026 11:25;179930;180000;179895;179975
29/07/2026 11:20;179920;179980;179850;179850
29/07/2026 11:15;179850;179960;179820;179920
29/07/2026 11:10;179925;179950;179700;179790
29/07/2026 11:05;179940;180025;179900;179935
29/07/2026 11:00;179800;180130;179775;179950
29/07/2026 10:55;179740;179750;179525;179695
29/07/2026 10:50;179945;179945;179750;179750
29/07/2026 10:45;180215;180250;179950;179970
29/07/2026 10:40;180450;180450;180175;180175
29/07/2026 10:35;180520;180520;180315;180470
29/07/2026 10:30;180625;180950;180450;180490
29/07/2026 10:25;180475;180670;180470;180510
29/07/2026 10:20;180710;180710;180390;180390
29/07/2026 10:15;180760;180900;180680;180765
29/07/2026 10:10;181025;181120;180700;180755
29/07/2026 10:05;181210;181270;180970;181055
29/07/2026 10:00;181610;181635;181090;181280
29/07/2026 09:55;181455;181590;181420;181590
29/07/2026 09:50;181485;181490;181355;181405
29/07/2026 09:45;181395;181500;181375;181495
29/07/2026 09:40;181325;181455;181305;181440
29/07/2026 09:35;181390;181400;181270;181350
29/07/2026 09:30;181330;181365;181130;181360
29/07/2026 09:25;181230;181475;181215;181385
29/07/2026 09:20;181100;181335;181065;181290
29/07/2026 09:15;181325;181330;181030;181265
29/07/2026 09:10;181300;181480;181220;181445
29/07/2026 09:05;181550;181575;181220;181220
29/07/2026 09:00;181640;182205;181095;181515
28/07/2026 18:20;181445;181570;181300;181300
28/07/2026 18:15;181505;181520;181445;181445
28/07/2026 18:10;181520;181525;181410;181470
28/07/2026 18:05;181510;181550;181485;181550
28/07/2026 18:00;181435;181550;181435;181525
28/07/2026 17:55;181405;181435;181380;181385
28/07/2026 17:50;181570;181570;181420;181420
28/07/2026 17:45;181635;181635;181585;181595
28/07/2026 17:40;181595;181640;181575;181640
28/07/2026 17:35;181500;181610;181500;181610
28/07/2026 17:30;181440;181495;181440;181470
28/07/2026 17:25;181400;181480;181400;181480
28/07/2026 17:20;181420;181460;181360;181460
28/07/2026 17:15;181475;181475;181400;181420
28/07/2026 17:10;181450;181505;181450;181485
28/07/2026 17:05;181300;181475;181300;181445
28/07/2026 17:00;181175;181305;181175;181250
28/07/2026 16:55;181175;181230;181165;181175
28/07/2026 16:50;181105;181150;181045;181130
28/07/2026 16:45;181105;181190;181085;181165
28/07/2026 16:40;181065;181110;181055;181080
28/07/2026 16:35;181205;181205;181045;181050
28/07/2026 16:30;181200;181240;181200;181205
28/07/2026 16:25;181295;181300;181190;181190
28/07/2026 16:20;181260;181335;181225;181330
28/07/2026 16:15;181085;181250;181085;181240
28/07/2026 16:10;181130;181235;181115;181150
28/07/2026 16:05;181125;181150;181120;181135
28/07/2026 16:00;181070;181135;181065;181135
28/07/2026 15:55;181010;181085;181000;181075
28/07/2026 15:50;181140;181140;181030;181030
28/07/2026 15:45;181200;181225;181140;181140
28/07/2026 15:40;181145;181145;181140;181140
28/07/2026 15:35;181200;181210;181170;181190
28/07/2026 15:30;181180;181315;181180;181230
28/07/2026 15:25;181300;181300;181160;181160
28/07/2026 15:20;181270;181325;181245;181245
28/07/2026 15:15;181180;181275;181150;181240
28/07/2026 15:10;181380;181380;181080;181130
28/07/2026 15:05;181400;181415;181400;181410
28/07/2026 15:00;181470;181470;181465;181470
28/07/2026 14:55;181420;181470;181340;181470
28/07/2026 14:50;181445;181485;181390;181410
28/07/2026 14:45;181405;181410;181330;181410
28/07/2026 14:40;181400;181435;181355;181355
28/07/2026 14:35;181700;181700;181400;181465
28/07/2026 14:30;181615;181695;181550;181695
28/07/2026 14:25;181655;181655;181595;181595
28/07/2026 14:20;181660;181815;181660;181700
28/07/2026 14:15;181700;181730;181700;181700
28/07/2026 14:10;181775;181810;181775;181810
28/07/2026 14:05;181770;181790;181730;181730
28/07/2026 14:00;181750;181840;181750;181770
28/07/2026 13:55;181700;181700;181670;181695
28/07/2026 13:50;181665;181720;181665;181715
28/07/2026 13:45;181710;181710;181595;181595
28/07/2026 13:40;181765;181765;181760;181760
28/07/2026 13:35;181795;181890;181785;181785
28/07/2026 13:30;181715;181755;181695;181715
28/07/2026 13:25;181705;181730;181695;181720
28/07/2026 13:20;181755;181775;181655;181655
28/07/2026 13:15;181885;181905;181760;181760
28/07/2026 13:10;181650;181875;181650;181875
28/07/2026 13:05;181795;181800;181625;181625
28/07/2026 13:00;181925;182045;181775;181795
28/07/2026 12:55;181830;181955;181825;181955
28/07/2026 12:50;181730;181880;181660;181865
28/07/2026 12:45;181675;181735;181645;181695
28/07/2026 12:40;181615;181625;181525;181625
28/07/2026 12:35;181600;181600;181535;181600
28/07/2026 12:30;181525;181670;181525;181630
28/07/2026 12:25;181465;181590;181425;181500
28/07/2026 12:20;181445;181505;181350;181505
28/07/2026 12:15;181680;181710;181360;181410
28/07/2026 12:10;181670;181850;181585;181655
28/07/2026 12:05;181585;181690;181565;181690
28/07/2026 12:00;181725;181810;181575;181605
28/07/2026 11:55;181930;182010;181750;181750
28/07/2026 11:50;182050;182090;181965;181965
28/07/2026 11:45;181955;182095;181955;182095
28/07/2026 11:40;181880;182020;181845;182000
28/07/2026 11:35;181865;181960;181810;181900
28/07/2026 11:30;182010;182030;181900;181940
28/07/2026 11:25;181900;182010;181800;182010
28/07/2026 11:20;181745;181890;181585;181890
28/07/2026 11:15;182160;182290;181745;181780
28/07/2026 11:10;182035;182335;182035;182165
28/07/2026 11:05;181750;182090;181750;182065
28/07/2026 11:00;181485;181725;181430;181700
28/07/2026 10:55;181280;181470;181280;181440
28/07/2026 10:50;181500;181500;181225;181350
28/07/2026 10:45;181515;181570;181275;181490
28/07/2026 10:40;181640;181700;181310;181515
28/07/2026 10:35;181990;182160;181600;181605
28/07/2026 10:30;181700;182065;181460;181855
28/07/2026 10:25;182110;182195;181675;181715
28/07/2026 10:20;182370;182585;182080;182160
28/07/2026 10:15;182445;182505;182250;182345
28/07/2026 10:10;183100;183175;182380;182445
28/07/2026 10:05;183260;183355;183100;183155
28/07/2026 10:00;182835;183260;182610;183260
28/07/2026 09:55;182995;183015;182780;182875
28/07/2026 09:50;182815;182995;182810;182920
28/07/2026 09:45;182365;182885;182365;182805
28/07/2026 09:40;182705;182775;182350;182385
28/07/2026 09:35;182995;183100;182660;182665
28/07/2026 09:30;183000;183085;182850;182970
28/07/2026 09:25;182835;183240;182650;183025
28/07/2026 09:20;182795;182860;182720;182815
28/07/2026 09:15;182555;182835;182320;182830
28/07/2026 09:10;182215;182605;182205;182500
28/07/2026 09:05;182140;182530;182030;182200
28/07/2026 09:00;180860;182270;180810;182090
27/07/2026 18:20;180505;180520;180390;180390
27/07/2026 18:15;180490;180565;180445;180465
27/07/2026 18:10;180460;180500;180425;180465
27/07/2026 18:05;180560;180560;180475;180475
27/07/2026 17:55;180480;180505;180465;180500
27/07/2026 17:50;180485;180485;180485;180485
27/07/2026 17:45;180530;180570;180475;180475
27/07/2026 17:40;180560;180560;180515;180545
27/07/2026 17:35;180485;180580;180465;180575
27/07/2026 17:30;180390;180485;180390;180465
27/07/2026 17:25;180395;180400;180395;180400
27/07/2026 17:20;180395;180400;180390;180390
27/07/2026 17:15;180400;180440;180380;180400
27/07/2026 17:10;180290;180405;180290;180380
27/07/2026 17:05;180165;180290;180165;180290
27/07/2026 17:00;180290;180320;180130;180145
27/07/2026 16:55;180315;180355;180280;180280
27/07/2026 16:50;180265;180320;180250;180315
27/07/2026 16:45;180255;180280;180180;180245
27/07/2026 16:40;180160;180320;180160;180295
27/07/2026 16:35;180040;180170;180040;180170
27/07/2026 16:30;180045;180115;180035;180065
27/07/2026 16:25;179980;179995;179975;179985
27/07/2026 16:20;179960;180060;179940;180010
27/07/2026 16:15;179890;179935;179885;179935
27/07/2026 16:10;179920;179955;179870;179890
27/07/2026 16:05;179805;179910;179750;179865
27/07/2026 16:00;179870;179885;179805;179820
27/07/2026 15:55;179740;179875;179740;179820
27/07/2026 15:50;179615;179765;179610;179750
27/07/2026 15:45;179555;179655;179555;179610
27/07/2026 15:40;179490;179640;179490;179570
27/07/2026 15:35;179535;179625;179465;179530
27/07/2026 15:30;179620;179620;179535;179535
27/07/2026 15:25;179595;179675;179595;179675
27/07/2026 15:20;179500;179570;179500;179570
27/07/2026 15:15;179565;179590;179565;179590
27/07/2026 15:10;179650;179660;179570;179660
27/07/2026 15:05;179685;179685;179625;179635
27/07/2026 15:00;179765;179765;179700;179720
27/07/2026 14:55;179700;179785;179700;179730
27/07/2026 14:50;179570;179705;179570;179705
27/07/2026 14:45;179650;179670;179555;179555
27/07/2026 14:35;179675;179720;179675;179720
27/07/2026 14:30;179600;179660;179600;179660
27/07/2026 14:25;179510;179655;179510;179655
27/07/2026 14:20;179510;179600;179510;179600
27/07/2026 14:15;179555;179555;179450;179485
27/07/2026 14:10;179465;179560;179465;179560
27/07/2026 14:05;179425;179470;179360;179470
27/07/2026 14:00;179555;179555;179435;179435
27/07/2026 13:55;179545;179550;179500;179540
27/07/2026 13:50;179670;179705;179550;179630
27/07/2026 13:45;179795;179820;179755;179755
27/07/2026 13:40;179795;179795;179740;179740
27/07/2026 13:35;179740;179740;179740;179740
27/07/2026 13:30;179660;179840;179660;179770
27/07/2026 13:25;179595;179800;179595;179645
27/07/2026 13:20;179525;179525;179515;179515
27/07/2026 13:15;179540;179600;179540;179600
27/07/2026 13:10;179660;179695;179650;179650
27/07/2026 13:05;179660;179660;179660;179660
27/07/2026 13:00;179635;179635;179635;179635
27/07/2026 12:55;179615;179615;179570;179570
27/07/2026 12:50;179540;179675;179535;179675
27/07/2026 12:45;179480;179550;179470;179495
27/07/2026 12:40;179420;179465;179420;179465
27/07/2026 12:35;179500;179520;179310;179425
27/07/2026 12:30;179600;179600;179500;179500
27/07/2026 12:25;179740;179755;179685;179710
27/07/2026 12:20;179695;179740;179695;179740
27/07/2026 12:15;179695;179745;179585;179585
27/07/2026 12:10;179705;179800;179560;179680
27/07/2026 12:05;179870;179910;179730;179730
27/07/2026 12:00;179985;180090;179890;179990
27/07/2026 11:55;179630;179980;179630;179950
27/07/2026 11:50;179475;179645;179435;179620
27/07/2026 11:45;179460;179570;179415;179520
27/07/2026 11:40;179290;179500;179265;179365
27/07/2026 11:35;179115;179220;179090;179220
27/07/2026 11:30;179050;179200;179035;179100
27/07/2026 11:25;179220;179265;179150;179150
27/07/2026 11:20;179105;179330;179040;179170
27/07/2026 11:15;179190;179220;179070;179120
27/07/2026 11:10;179145;179220;178985;179115
27/07/2026 11:05;179100;179125;178780;179110
27/07/2026 11:00;179220;179345;178925;179110
27/07/2026 10:55;179015;179280;179000;179280
27/07/2026 10:50;179435;179440;179065;179070
27/07/2026 10:45;179520;179595;179385;179415
27/07/2026 10:40;179395;179650;179395;179475
27/07/2026 10:35;179440;179440;179215;179260
27/07/2026 10:30;179330;179480;179145;179365
27/07/2026 10:25;179075;179365;179050;179315
27/07/2026 10:20;179190;179270;179010;179010
27/07/2026 10:15;179165;179180;179030;179180
27/07/2026 10:10;179005;179240;178925;179090
27/07/2026 10:05;179100;179150;178880;179000
27/07/2026 10:00;179595;179605;179015;179015
27/07/2026 09:55;179550;179580;179465;179530
27/07/2026 09:50;179500;179660;179480;179610
27/07/2026 09:45;179330;179585;179325;179565
27/07/2026 09:40;179300;179340;179250;179320
27/07/2026 09:35;179365;179385;179275;179275
27/07/2026 09:30;179435;179435;179285;179425
27/07/2026 09:25;179420;179500;179400;179440
27/07/2026 09:20;179460;179520;179405;179425
27/07/2026 09:15;179440;179570;179440;179500
27/07/2026 09:10;179240;179500;179220;179445
27/07/2026 09:05;179705;179705;179200;179260
27/07/2026 09:00;179215;179820;178875;179720
24/07/2026 18:20;178550;178590;178425;178425
24/07/2026 18:15;178500;178550;178495;178550
24/07/2026 18:10;178545;178555;178540;178550
24/07/2026 18:05;178525;178545;178525;178525
24/07/2026 18:00;178625;178625;178500;178520
24/07/2026 17:55;178600;178615;178595;178610
24/07/2026 17:50;178575;178600;178570;178600
24/07/2026 17:45;178650;178660;178600;178615
24/07/2026 17:40;178640;178645;178610;178630
24/07/2026 17:35;178625;178640;178580;178640
24/07/2026 17:30;178630;178670;178590;178590
24/07/2026 17:25;178650;178690;178650;178655
24/07/2026 17:20;178675;178720;178655;178655
24/07/2026 17:15;178680;178725;178680;178725
24/07/2026 17:10;178670;178685;178635;178635
24/07/2026 17:05;178750;178755;178660;178675
24/07/2026 17:00;178750;178825;178750;178825
24/07/2026 16:55;178835;178835;178685;178770
24/07/2026 16:50;178920;178920;178810;178850
24/07/2026 16:45;178985;178990;178840;178875
24/07/2026 16:40;178990;179015;178970;178995
24/07/2026 16:35;179010;179030;178985;178990
24/07/2026 16:30;179005;179040;178995;179010
24/07/2026 16:25;178995;179020;178965;179000
24/07/2026 16:20;179045;179090;178985;178985
24/07/2026 16:15;179070;179070;179010;179030
24/07/2026 16:10;179125;179155;179030;179030
24/07/2026 16:05;179140;179160;179085;179125
24/07/2026 16:00;179135;179135;179035;179115
24/07/2026 15:55;179090;179155;179080;179115
24/07/2026 15:50;179095;179120;179075;179115
24/07/2026 15:45;179060;179110;179060;179080
24/07/2026 15:40;179080;179085;179040;179040
24/07/2026 15:35;179040;179120;179010;179100
24/07/2026 15:30;178985;179060;178985;179005
24/07/2026 15:25;179025;179050;178980;179000
24/07/2026 15:20;179010;179070;178995;179065
24/07/2026 15:15;179115;179120;179010;179010
24/07/2026 15:10;179080;179140;179080;179110
24/07/2026 15:05;179120;179130;179055;179080
24/07/2026 15:00;179060;179110;179050;179110
24/07/2026 14:55;179020;179050;178980;179050
24/07/2026 14:50;179180;179180;178980;178980
24/07/2026 14:45;179170;179190;179140;179180
24/07/2026 14:40;179150;179160;179080;179125
24/07/2026 14:35;179195;179195;179125;179155
24/07/2026 14:30;179220;179220;179100;179220
24/07/2026 14:25;179130;179210;179115;179200
24/07/2026 14:20;179100;179170;179100;179130
24/07/2026 14:15;179135;179135;179135;179135
24/07/2026 14:10;179105;179135;179080;179095
24/07/2026 14:05;179145;179175;179085;179125
24/07/2026 14:00;179125;179200;179095;179135
24/07/2026 13:55;179125;179190;179120;179190
24/07/2026 13:50;179135;179135;179030;179120
24/07/2026 13:45;179230;179265;179115;179130
24/07/2026 13:40;179320;179320;179240;179240
24/07/2026 13:35;179510;179510;179255;179290
24/07/2026 13:30;179625;179625;179490;179530
24/07/2026 13:25;179590;179660;179590;179625
24/07/2026 13:20;179650;179660;179525;179565
24/07/2026 13:15;179710;179740;179560;179645
24/07/2026 13:10;179695;179750;179655;179710
24/07/2026 13:05;179720;179770;179690;179690
24/07/2026 13:00;179800;179815;179715;179735
24/07/2026 12:55;179705;179800;179705;179785
24/07/2026 12:50;179755;179795;179670;179670
24/07/2026 12:45;179755;179805;179735;179755
24/07/2026 12:40;179860;179895;179695;179775
24/07/2026 12:35;179820;179860;179735;179860
24/07/2026 12:30;179865;179885;179750;179840
24/07/2026 12:25;180075;180075;179815;179885
24/07/2026 12:20;179995;180090;179990;180015
24/07/2026 12:15;179975;180170;179955;180020
24/07/2026 12:10;179640;180005;179605;180005
24/07/2026 12:05;179795;179795;179600;179705
24/07/2026 12:00;180150;180165;179790;179810
24/07/2026 11:55;180125;180190;180125;180160
24/07/2026 11:50;180035;180100;179980;180015
24/07/2026 11:45;179945;180025;179845;180025
24/07/2026 11:40;179920;179955;179870;179875
24/07/2026 11:35;179985;180025;179900;180020
24/07/2026 11:30;180300;180300;180000;180005
24/07/2026 11:25;180165;180350;180165;180265
24/07/2026 11:20;179915;180225;179910;180100
24/07/2026 11:15;180035;180070;179885;179920
24/07/2026 11:10;180065;180150;179970;180010
24/07/2026 11:05;180145;180250;179955;180080
24/07/2026 11:00;179925;180225;179905;180155
24/07/2026 10:55;179705;179945;179705;179850
24/07/2026 10:50;179780;179925;179680;179815
24/07/2026 10:45;179645;180015;179645;179780
24/07/2026 10:40;179580;179805;179475;179705
24/07/2026 10:35;179730;179785;179510;179580
24/07/2026 10:30;179895;180160;179600;179730
24/07/2026 10:25;180100;180100;179875;179960
24/07/2026 10:20;179860;180135;179860;180035
24/07/2026 10:15;180090;180090;179735;179870
24/07/2026 10:10;180010;180130;179800;180130
24/07/2026 10:05;180005;180220;179955;180100
24/07/2026 10:00;180070;180170;179780;180000
24/07/2026 09:55;180145;180145;179930;180060
24/07/2026 09:50;180195;180210;180050;180150
24/07/2026 09:45;180145;180250;180090;180155
24/07/2026 09:40;180195;180235;180010;180130
24/07/2026 09:35;180120;180235;180100;180180
24/07/2026 09:30;180180;180475;180135;180155
24/07/2026 09:25;180235;180295;180125;180210
24/07/2026 09:20;180385;180465;180285;180360
24/07/2026 09:15;180320;180550;180260;180435
24/07/2026 09:10;180585;180585;180200;180325
24/07/2026 09:05;180810;180810;180300;180575
24/07/2026 09:00;181510;181870;180810;180810
23/07/2026 18:20;181635;181750;181560;181750
23/07/2026 18:15;181635;181665;181590;181650
23/07/2026 18:10;181660;181680;181615;181630
23/07/2026 18:05;181625;181655;181625;181655
23/07/2026 18:00;181600;181610;181560;181610
23/07/2026 17:55;181585;181595;181585;181595
23/07/2026 17:50;181535;181615;181535;181585
23/07/2026 17:45;181565;181565;181525;181525
23/07/2026 17:40;181575;181580;181575;181580
23/07/2026 17:35;181565;181565;181545;181545
23/07/2026 17:30;181550;181555;181500;181500
23/07/2026 17:25;181515;181545;181515;181545
23/07/2026 17:20;181515;181545;181490;181545
23/07/2026 17:15;181485;181535;181480;181480
23/07/2026 17:10;181570;181640;181510;181510
23/07/2026 17:05;181620;181665;181555;181585
23/07/2026 17:00;181530;181620;181530;181615
23/07/2026 16:55;181505;181555;181485;181555
23/07/2026 16:50;181515;181535;181440;181440
23/07/2026 16:45;181500;181500;181450;181460
23/07/2026 16:40;181545;181555;181445;181485
23/07/2026 16:35;181635;181635;181510;181535
23/07/2026 16:30;181650;181825;181565;181575
23/07/2026 16:25;181555;181600;181535;181565
23/07/2026 16:20;181450;181545;181420;181545
23/07/2026 16:15;181730;181760;181480;181485
23/07/2026 16:10;181725;181740;181720;181740
23/07/2026 16:05;181785;181830;181725;181725
23/07/2026 16:00;181725;181865;181725;181810
23/07/2026 15:55;181625;181705;181625;181700
23/07/2026 15:50;181680;181690;181665;181690
23/07/2026 15:45;181655;181740;181635;181675
23/07/2026 15:40;181660;181660;181565;181620
23/07/2026 15:35;181725;181750;181675;181690
23/07/2026 15:30;181515;181760;181515;181760
23/07/2026 15:25;181470;181565;181470;181525
23/07/2026 15:20;181460;181530;181440;181510
23/07/2026 15:15;181330;181460;181330;181460
23/07/2026 15:10;181360;181410;181345;181400
23/07/2026 15:05;181400;181475;181395;181395
23/07/2026 15:00;181440;181440;181440;181440
23/07/2026 14:55;181285;181355;181280;181330
23/07/2026 14:50;181505;181520;181340;181340
23/07/2026 14:45;181390;181500;181390;181500
23/07/2026 14:40;181235;181340;181205;181340
23/07/2026 14:35;181330;181330;181240;181245
23/07/2026 14:30;181345;181440;181340;181345
23/07/2026 14:25;181350;181395;181320;181395
23/07/2026 14:20;181440;181485;181440;181480
23/07/2026 14:15;181370;181455;181345;181435
23/07/2026 14:10;181465;181465;181250;181400
23/07/2026 14:05;181490;181515;181365;181510
23/07/2026 14:00;181580;181675;181580;181580
23/07/2026 13:45;181510;181555;181510;181545
23/07/2026 13:40;181450;181450;181450;181450
23/07/2026 13:35;181510;181510;181430;181430
23/07/2026 13:30;181545;181545;181440;181440
23/07/2026 13:25;181540;181630;181540;181630
23/07/2026 13:15;181595;181690;181505;181620
23/07/2026 13:10;181565;181565;181490;181495
23/07/2026 13:05;181510;181510;181510;181510
23/07/2026 13:00;181515;181515;181480;181485
23/07/2026 12:55;181505;181525;181450;181515
23/07/2026 12:50;181505;181565;181455;181540
23/07/2026 12:45;181410;181425;181390;181425
23/07/2026 12:40;181630;181670;181450;181500
23/07/2026 12:35;181675;181705;181455;181590
23/07/2026 12:30;181335;181650;181310;181640
23/07/2026 12:25;181755;181770;181350;181350
23/07/2026 12:20;182005;182005;181730;181780
23/07/2026 12:15;182090;182195;181940;182005
23/07/2026 12:10;182155;182155;181910;182090
23/07/2026 12:05;182395;182395;182185;182300
23/07/2026 12:00;182305;182390;182225;182390
23/07/2026 11:55;182180;182395;182180;182325
23/07/2026 11:50;182100;182140;182000;182075
23/07/2026 11:45;182315;182440;182120;182140
23/07/2026 11:40;182465;182500;182355;182440
23/07/2026 11:35;182320;182550;182295;182495
23/07/2026 11:30;182500;182580;182265;182265
23/07/2026 11:25;182260;182495;182260;182495
23/07/2026 11:20;181985;182345;181985;182345
23/07/2026 11:15;182250;182270;182005;182025
23/07/2026 11:10;181900;182350;181870;182235
23/07/2026 11:05;182050;182050;181760;181890
23/07/2026 11:00;182010;182145;181935;182035
23/07/2026 10:55;182850;182880;182000;182000
23/07/2026 10:50;182560;182865;182560;182790
23/07/2026 10:45;182200;182575;182160;182530
23/07/2026 10:40;182010;182370;182000;182200
23/07/2026 10:35;182315;182345;181850;181850
23/07/2026 10:30;181975;182345;181790;182275
23/07/2026 10:25;181355;181965;181315;181900
23/07/2026 10:20;181365;181400;181190;181310
23/07/2026 10:15;181505;181540;181225;181355
23/07/2026 10:10;181715;181855;181375;181515
23/07/2026 10:05;182015;182100;181715;181715
23/07/2026 10:00;182080;182225;181700;182175
23/07/2026 09:55;182025;182055;182010;182010
23/07/2026 09:50;182150;182195;182010;182010
23/07/2026 09:45;181985;182155;181985;182140
23/07/2026 09:40;182255;182350;181910;181960
23/07/2026 09:35;182365;182440;182240;182275
23/07/2026 09:30;182200;182375;182180;182340
23/07/2026 09:25;182095;182165;182095;182150
23/07/2026 09:20;181890;182180;181890;182095
23/07/2026 09:15;182235;182235;181870;181965
23/07/2026 09:10;182160;182255;182100;182205
23/07/2026 09:05;182045;182515;181910;182215
23/07/2026 09:00;182190;182255;181545;182060
22/07/2026 18:20;182735;182735;182605;182605
22/07/2026 18:15;182765;182850;182715;182750
22/07/2026 18:10;182810;182810;182765;182765
22/07/2026 18:05;182820;182845;182785;182825
22/07/2026 18:00;182745;182900;182745;182850
22/07/2026 17:55;182815;182815;182745;182810
22/07/2026 17:50;182750;182805;182750;182800
22/07/2026 17:45;182790;182800;182715;182715
22/07/2026 17:40;182800;182820;182770;182775
22/07/2026 17:35;182870;182925;182870;182925
22/07/2026 17:30;182865;182920;182865;182885
22/07/2026 17:25;182915;182915;182865;182865
22/07/2026 17:20;182885;182950;182865;182920
22/07/2026 17:15;182805;182935;182745;182935
22/07/2026 17:10;182670;182840;182670;182805
22/07/2026 17:05;182680;182695;182680;182695
22/07/2026 17:00;182705;182750;182640;182650
22/07/2026 16:55;182640;182740;182640;182705
22/07/2026 16:50;182590;182640;182560;182560
22/07/2026 16:45;182535;182625;182535;182625
22/07/2026 16:40;182500;182545;182445;182520
22/07/2026 16:35;182565;182580;182515;182565
22/07/2026 16:30;182585;182590;182540;182585
22/07/2026 16:25;182525;182635;182525;182585
22/07/2026 16:20;182535;182535;182465;182510
22/07/2026 16:15;182520;182595;182480;182555
22/07/2026 16:10;182520;182590;182520;182560
22/07/2026 16:05;182595;182595;182595;182595
22/07/2026 16:00;182705;182710;182500;182555
22/07/2026 15:55;182550;182735;182550;182705
22/07/2026 15:50;182570;182655;182570;182610
22/07/2026 15:45;182485;182555;182485;182555
22/07/2026 15:40;182515;182565;182470;182540
22/07/2026 15:35;182350;182525;182345;182525
22/07/2026 15:30;182410;182430;182410;182430
22/07/2026 15:25;182340;182510;182340;182460
22/07/2026 15:20;182350;182445;182350;182425
22/07/2026 15:15;182390;182460;182385;182415
22/07/2026 15:10;182320;182405;182320;182405
22/07/2026 15:05;182470;182505;182310;182310
22/07/2026 15:00;182440;182585;182385;182445
22/07/2026 14:55;182365;182510;182365;182410
22/07/2026 14:50;182380;182420;182360;182360
22/07/2026 14:45;182175;182410;182175;182360
22/07/2026 14:40;182120;182230;182120;182210
22/07/2026 14:35;182165;182185;182080;182080
22/07/2026 14:30;181980;182255;181980;182155
22/07/2026 14:25;181945;182045;181945;182030
22/07/2026 14:20;181890;181975;181890;181900
22/07/2026 14:15;181840;182010;181840;181865
22/07/2026 14:10;181785;181910;181735;181840
22/07/2026 14:05;181755;181855;181755;181790
22/07/2026 14:00;181550;181750;181550;181750
22/07/2026 13:55;181590;181605;181540;181540
22/07/2026 13:50;181455;181580;181455;181575
22/07/2026 13:45;181510;181510;181400;181415
22/07/2026 13:40;181455;181550;181455;181550
22/07/2026 13:35;181515;181515;181455;181455
22/07/2026 13:30;181295;181520;181295;181490
22/07/2026 13:25;181250;181295;181215;181270
22/07/2026 13:20;181170;181250;181170;181190
22/07/2026 13:15;181260;181295;181160;181160
22/07/2026 13:10;181200;181235;181200;181235
22/07/2026 13:05;181275;181385;181275;181280
22/07/2026 13:00;181250;181325;181230;181325
22/07/2026 12:55;181105;181210;181080;181175
22/07/2026 12:50;181170;181240;181110;181110
22/07/2026 12:45;181210;181225;181175;181220
22/07/2026 12:40;180980;181285;180970;181200
22/07/2026 12:35;181140;181140;181015;181015
22/07/2026 12:30;180705;181150;180705;180995
22/07/2026 12:25;180860;180860;180760;180770
22/07/2026 12:20;180535;180820;180530;180820
22/07/2026 12:15;180680;180680;180610;180610
22/07/2026 12:10;180765;180800;180675;180690
22/07/2026 12:05;180600;180820;180600;180820
22/07/2026 12:00;180505;180610;180455;180485
22/07/2026 11:55;180400;180615;180400;180580
22/07/2026 11:50;180410;180525;180365;180510
22/07/2026 11:45;180600;180600;180315;180405
22/07/2026 11:40;180560;180745;180500;180660
22/07/2026 11:35;180650;180720;180545;180605
22/07/2026 11:30;180840;180840;180620;180650
22/07/2026 11:25;180930;180930;180840;180855
22/07/2026 11:20;181045;181115;180885;180950
22/07/2026 11:15;180980;181285;180900;181210
22/07/2026 11:10;181040;181045;180860;180950
22/07/2026 11:05;181390;181390;180965;180995
22/07/2026 11:00;181570;181660;181360;181360
22/07/2026 10:55;181500;181805;181500;181610
22/07/2026 10:50;181680;181930;181500;181500
22/07/2026 10:45;181405;181990;181405;181850
22/07/2026 10:40;180700;181645;180670;181385
22/07/2026 10:35;180435;180760;180425;180700
22/07/2026 10:30;179990;180605;179990;180470
22/07/2026 10:25;179895;179990;179790;179955
22/07/2026 10:20;179625;179950;179485;179910
22/07/2026 10:15;179700;179840;179455;179530
22/07/2026 10:10;179345;179710;179300;179650
22/07/2026 10:05;179540;179600;179325;179400
22/07/2026 10:00;179480;179700;179375;179470
22/07/2026 09:55;179175;179480;179000;179385
22/07/2026 09:50;179015;179175;178910;179150
22/07/2026 09:45;179115;179180;178970;179090
22/07/2026 09:40;179215;179240;178860;179150
22/07/2026 09:35;179200;179420;179155;179260
22/07/2026 09:30;178950;179265;178950;179115
22/07/2026 09:25;179045;179100;178935;179070
22/07/2026 09:20;179005;179250;178995;179110
22/07/2026 09:15;179205;179270;178965;179030
22/07/2026 09:10;179065;179310;178970;179300
22/07/2026 09:05;178795;179190;178690;179100
22/07/2026 09:00;178000;178900;177965;178900
21/07/2026 18:20;178395;178450;178330;178450
21/07/2026 18:15;178390;178400;178310;178400
21/07/2026 18:10;178380;178400;178380;178400
21/07/2026 18:00;178350;178410;178350;178410
21/07/2026 17:55;178295;178345;178290;178345
21/07/2026 17:50;178265;178290;178265;178290
21/07/2026 17:45;178210;178280;178210;178280
21/07/2026 17:40;178240;178245;178240;178245
21/07/2026 17:35;178260;178260;178210;178210
21/07/2026 17:30;178220;178275;178210;178220
21/07/2026 17:25;178205;178220;178205;178220
21/07/2026 17:20;178245;178265;178215;178260
21/07/2026 17:15;178320;178320;178265;178290
21/07/2026 17:10;178290;178290;178250;178275
21/07/2026 17:05;178300;178310;178265;178305
21/07/2026 17:00;178380;178380;178330;178355
21/07/2026 16:55;178395;178425;178320;178425
21/07/2026 16:50;178450;178490;178445;178480
21/07/2026 16:45;178455;178455;178435;178435
21/07/2026 16:40;178440;178450;178370;178450
21/07/2026 16:35;178440;178480;178420;178420
21/07/2026 16:30;178350;178420;178350;178420
21/07/2026 16:25;178465;178490;178420;178460
21/07/2026 16:20;178400;178475;178390;178475
21/07/2026 16:15;178415;178475;178410;178410
21/07/2026 16:10;178555;178555;178440;178465
21/07/2026 16:05;178455;178550;178455;178545
21/07/2026 16:00;178485;178515;178450;178450
21/07/2026 15:55;178435;178435;178400;178400
21/07/2026 15:50;178430;178465;178410;178465
21/07/2026 15:45;178455;178490;178410;178450
21/07/2026 15:40;178405;178455;178405;178455
21/07/2026 15:35;178385;178430;178370;178415
21/07/2026 15:30;178420;178455;178370;178400
21/07/2026 15:25;178395;178420;178375;178375
21/07/2026 15:20;178350;178385;178325;178385
21/07/2026 15:15;178325;178365;178325;178330
21/07/2026 15:10;178330;178365;178330;178345
21/07/2026 15:05;178305;178350;178245;178270
21/07/2026 15:00;178385;178405;178320;178380
21/07/2026 14:55;178250;178400;178235;178390
21/07/2026 14:50;178095;178235;178095;178170
21/07/2026 14:45;178175;178175;178005;178030
21/07/2026 14:40;178245;178325;178140;178175
21/07/2026 14:35;178145;178230;178100;178175
21/07/2026 14:30;178060;178125;178060;178125
21/07/2026 14:25;177990;178030;177990;178025
21/07/2026 14:20;178000;178000;177970;177995
21/07/2026 14:15;178045;178045;178000;178010
21/07/2026 14:10;178070;178100;178070;178075
21/07/2026 14:05;178080;178080;178035;178035
21/07/2026 14:00;178075;178170;178075;178120
21/07/2026 13:55;178050;178075;178030;178045
21/07/2026 13:50;178045;178125;178035;178075
21/07/2026 13:45;177915;178025;177915;178025
21/07/2026 13:40;177965;177965;177955;177955
21/07/2026 13:35;177925;177995;177925;177995
21/07/2026 13:30;177930;177930;177880;177880
21/07/2026 13:25;177950;177990;177905;177930
21/07/2026 13:20;177790;177920;177790;177910
21/07/2026 13:15;177765;177825;177765;177825
21/07/2026 13:10;177750;177750;177750;177750
21/07/2026 13:05;177800;177820;177705;177705
21/07/2026 13:00;177700;177795;177700;177795
21/07/2026 12:55;177755;177800;177665;177665
21/07/2026 12:50;177695;177750;177675;177705
21/07/2026 12:45;177760;177760;177720;177720
21/07/2026 12:40;177795;177860;177765;177805
21/07/2026 12:35;177775;177845;177735;177770
21/07/2026 12:30;177675;177785;177675;177775
21/07/2026 12:25;177570;177730;177570;177685
21/07/2026 12:20;177500;177540;177440;177455
21/07/2026 12:15;177400;177515;177395;177515
21/07/2026 12:10;177355;177445;177325;177400
21/07/2026 12:05;177295;177340;177290;177340
21/07/2026 12:00;177315;177365;177230;177275
21/07/2026 11:55;177470;177470;177250;177315
21/07/2026 11:50;177440;177450;177375;177440
21/07/2026 11:45;177600;177605;177500;177545
21/07/2026 11:40;177555;177615;177515;177600
21/07/2026 11:35;177835;177835;177460;177530
21/07/2026 11:30;177845;178000;177845;177905
21/07/2026 11:25;177835;177835;177750;177810
21/07/2026 11:20;178105;178110;177875;177875
21/07/2026 11:15;178170;178330;178160;178180
21/07/2026 11:10;178055;178250;177995;178250
21/07/2026 11:05;177975;178205;177950;178130
21/07/2026 11:00;177690;178095;177690;178090
21/07/2026 10:55;177855;177875;177780;177815
21/07/2026 10:50;178170;178170;177745;177840
21/07/2026 10:45;177780;178245;177780;178140
21/07/2026 10:40;177880;177895;177620;177780
21/07/2026 10:35;178325;178355;177855;177880
21/07/2026 10:30;178385;178825;178365;178390
21/07/2026 10:25;178250;178500;178210;178345
21/07/2026 10:20;178275;178365;178110;178245
21/07/2026 10:15;178560;178700;178290;178290
21/07/2026 10:10;178495;178570;178495;178520
21/07/2026 10:05;178505;178555;178385;178465
21/07/2026 10:00;178475;178550;178270;178550
21/07/2026 09:55;178345;178420;178325;178420
21/07/2026 09:50;178485;178500;178320;178365
21/07/2026 09:45;178565;178600;178435;178465
21/07/2026 09:40;178720;178755;178400;178495
21/07/2026 09:35;178595;178705;178520;178695
21/07/2026 09:30;178340;178600;178320;178600
21/07/2026 09:25;178430;178450;178190;178390
21/07/2026 09:20;178470;178495;178265;178405
21/07/2026 09:15;178795;178795;178410;178495
21/07/2026 09:10;178750;179090;178745;178805
21/07/2026 09:05;178520;178705;178315;178610
21/07/2026 09:00;178990;179050;178355;178580
20/07/2026 18:20;178405;178405;178330;178330
20/07/2026 18:15;178455;178480;178405;178405
20/07/2026 18:10;178360;178405;178360;178405
20/07/2026 18:05;178405;178405;178285;178360
20/07/2026 18:00;178410;178420;178385;178420
20/07/2026 17:55;178480;178480;178445;178445
20/07/2026 17:45;178450;178500;178450;178500
20/07/2026 17:40;178420;178450;178420;178450
20/07/2026 17:35;178400;178435;178400;178435
20/07/2026 17:30;178465;178500;178445;178445
20/07/2026 17:25;178405;178455;178400;178400
20/07/2026 17:20;178470;178470;178385;178385
20/07/2026 17:15;178435;178520;178435;178470
20/07/2026 17:10;178430;178440;178390;178430
20/07/2026 17:05;178600;178610;178420;178455
20/07/2026 17:00;178775;178775;178615;178615
20/07/2026 16:55;178760;178780;178760;178770
20/07/2026 16:50;178865;178890;178780;178780
20/07/2026 16:45;178910;178955;178845;178890
20/07/2026 16:40;178920;178950;178905;178930
20/07/2026 16:35;178955;178955;178900;178935
20/07/2026 16:30;178865;178915;178865;178915
20/07/2026 16:25;178785;178865;178705;178865
20/07/2026 16:20;178770;178785;178660;178785
20/07/2026 16:15;178735;178765;178705;178765
20/07/2026 16:10;178855;178890;178755;178780
20/07/2026 16:05;178865;178890;178815;178890
20/07/2026 16:00;178865;178955;178855;178910
20/07/2026 15:55;178775;178805;178695;178805
20/07/2026 15:50;178825;178825;178800;178800
20/07/2026 15:45;178785;178820;178750;178790
20/07/2026 15:40;178880;178930;178810;178840
20/07/2026 15:35;179040;179040;178950;178950
20/07/2026 15:30;178915;179020;178915;178940
20/07/2026 15:25;178885;178915;178855;178915
20/07/2026 15:20;178920;178980;178895;178895
20/07/2026 15:15;178990;178990;178905;178980
20/07/2026 15:10;179010;179090;178995;178995
20/07/2026 15:05;178980;178980;178960;178960
20/07/2026 15:00;178935;179000;178935;179000
20/07/2026 14:55;178835;178900;178830;178900
20/07/2026 14:50;178790;178855;178790;178835
20/07/2026 14:40;178705;178710;178685;178690
20/07/2026 14:35;178745;178745;178590;178655
20/07/2026 14:30;178750;178790;178670;178750
20/07/2026 14:25;178700;178730;178700;178730
20/07/2026 14:20;178680;178770;178680;178770
20/07/2026 14:15;178710;178735;178710;178735
20/07/2026 14:10;178750;178750;178700;178700
20/07/2026 14:05;178770;178805;178670;178670
20/07/2026 14:00;178730;178755;178730;178750
20/07/2026 13:55;178755;178770;178660;178660
20/07/2026 13:50;179030;179030;178745;178745
20/07/2026 13:45;179025;179045;179000;179045
20/07/2026 13:40;179060;179060;178825;178900
20/07/2026 13:35;179100;179140;179100;179115
20/07/2026 13:30;179190;179205;179050;179090
20/07/2026 13:25;179395;179395;179135;179135
20/07/2026 13:20;179330;179410;179330;179395
20/07/2026 13:15;179350;179350;179330;179330
20/07/2026 13:10;179350;179365;179350;179365
20/07/2026 13:05;179355;179450;179335;179355
20/07/2026 13:00;179185;179370;179185;179360
20/07/2026 12:55;179270;179330;179215;179225
20/07/2026 12:50;179125;179250;179125;179210
20/07/2026 12:45;179215;179215;179055;179125
20/07/2026 12:40;179175;179205;179100;179190
20/07/2026 12:35;179045;179200;179035;179155
20/07/2026 12:30;179080;179125;179070;179070
20/07/2026 12:25;178895;179050;178890;179050
20/07/2026 12:20;178945;178980;178900;178900
20/07/2026 12:15;179010;179040;178990;179020
20/07/2026 12:10;179210;179210;179055;179100
20/07/2026 12:05;179185;179310;179170;179210
20/07/2026 12:00;179200;179325;179185;179325
20/07/2026 11:55;179310;179325;179190;179235
20/07/2026 11:50;179400;179520;179390;179410
20/07/2026 11:45;179280;179400;179190;179400
20/07/2026 11:40;179220;179220;179010;179200
20/07/2026 11:35;179160;179250;179160;179220
20/07/2026 11:30;179000;179240;179000;179170
20/07/2026 11:25;179000;179000;179000;179000
20/07/2026 11:20;178950;178960;178940;178960
20/07/2026 11:15;178790;178895;178790;178845
20/07/2026 11:10;178845;178845;178710;178715
20/07/2026 11:05;178940;178940;178810;178810
20/07/2026 11:00;178990;179155;178900;178900
20/07/2026 10:55;178785;178950;178780;178950
20/07/2026 10:50;178675;178920;178675;178920
20/07/2026 10:45;178335;178650;178300;178650
20/07/2026 10:40;178835;178835;178305;178360
20/07/2026 10:35;178570;179110;178555;178760
20/07/2026 10:30;178845;178875;178585;178585
20/07/2026 10:25;178990;179025;178895;178915
20/07/2026 10:20;179080;179210;179060;179090
20/07/2026 10:15;179170;179170;178870;178900
20/07/2026 10:10;179225;179360;179160;179160
20/07/2026 10:05;179245;179255;179055;179225
20/07/2026 10:00;178970;179680;178970;179225
20/07/2026 09:55;178940;179120;178940;178980
20/07/2026 09:50;178835;179055;178825;179050
20/07/2026 09:45;178845;178895;178760;178820
20/07/2026 09:40;178810;178895;178805;178880
20/07/2026 09:35;179010;179035;178805;178805
20/07/2026 09:30;178955;179070;178935;178945
20/07/2026 09:25;178530;178950;178530;178920
20/07/2026 09:20;178825;178835;178545;178580
20/07/2026 09:15;178870;178925;178800;178860
20/07/2026 09:10;179195;179245;178815;178910
20/07/2026 09:05;178890;179455;178810;179135
20/07/2026 09:00;179300;179670;178500;178900
17/07/2026 18:20;178730;178850;178725;178775
17/07/2026 18:15;178795;178795;178700;178700
17/07/2026 18:10;178725;178750;178650;178705
17/07/2026 18:05;178755;178760;178675;178675
17/07/2026 18:00;178645;178755;178645;178695
17/07/2026 17:55;178770;178770;178620;178690
17/07/2026 17:50;178735;178830;178735;178830
17/07/2026 17:45;178700;178725;178700;178720
17/07/2026 17:40;178745;178750;178675;178675
17/07/2026 17:35;178860;178860;178710;178740
17/07/2026 17:30;178900;178920;178900;178920
17/07/2026 17:25;178950;178950;178950;178950
17/07/2026 17:20;178925;178985;178900;178900
17/07/2026 17:15;178930;178965;178895;178965
17/07/2026 17:10;178905;178905;178905;178905
17/07/2026 17:05;178980;178980;178955;178955
17/07/2026 17:00;178960;179030;178910;179030
17/07/2026 16:55;178980;179085;178950;179005
17/07/2026 16:50;178910;179000;178875;178955
17/07/2026 16:45;178940;178950;178860;178905
17/07/2026 16:40;178750;178945;178750;178940
17/07/2026 16:35;178750;178800;178750;178760
17/07/2026 16:30;178795;178830;178700;178765
17/07/2026 16:25;178530;178790;178530;178790
17/07/2026 16:20;178540;178560;178520;178560
17/07/2026 16:15;178600;178600;178495;178575
17/07/2026 16:10;178590;178640;178590;178600
17/07/2026 16:05;178605;178635;178580;178600
17/07/2026 16:00;178655;178700;178585;178600
17/07/2026 15:55;178665;178665;178665;178665
17/07/2026 15:50;178600;178700;178600;178645
17/07/2026 15:45;178660;178660;178625;178630
17/07/2026 15:40;178630;178650;178610;178640
17/07/2026 15:35;178565;178660;178565;178630
17/07/2026 15:30;178680;178710;178570;178595
17/07/2026 15:25;178660;178690;178650;178675
17/07/2026 15:20;178725;178725;178635;178650
17/07/2026 15:15;178615;178745;178615;178655
17/07/2026 15:10;178710;178730;178605;178640
17/07/2026 15:05;178705;178730;178645;178700
17/07/2026 15:00;178775;178775;178670;178700
17/07/2026 14:55;178975;179020;178775;178775
17/07/2026 14:50;179095;179095;179020;179070
17/07/2026 14:45;179005;179065;179000;179065
17/07/2026 14:40;179015;179015;178945;178960
17/07/2026 14:35;179270;179270;179045;179045
17/07/2026 14:30;179190;179250;179190;179240
17/07/2026 14:25;179170;179170;179170;179170
17/07/2026 14:20;179185;179195;179180;179195
17/07/2026 14:15;179100;179185;179100;179110
17/07/2026 14:10;179265;179270;179110;179110
17/07/2026 14:05;179220;179255;179200;179255
17/07/2026 14:00;179170;179235;179140;179140
17/07/2026 13:55;179160;179185;179065;179115
17/07/2026 13:50;179255;179255;179190;179190
17/07/2026 13:45;179260;179280;179200;179280
17/07/2026 13:40;179040;179235;179040;179175
17/07/2026 13:35;179165;179165;179030;179080
17/07/2026 13:30;179250;179250;179100;179115
17/07/2026 13:25;179245;179260;179160;179235
17/07/2026 13:20;179350;179350;179230;179230
17/07/2026 13:15;179455;179460;179350;179350
17/07/2026 13:10;179705;179705;179490;179490
17/07/2026 13:05;179575;179745;179510;179725
17/07/2026 13:00;179680;179730;179610;179640
17/07/2026 12:55;179570;179795;179570;179670
17/07/2026 12:50;179570;179645;179570;179620
17/07/2026 12:45;179570;179570;179455;179550
17/07/2026 12:40;179640;179640;179510;179520
17/07/2026 12:35;179575;179685;179560;179655
17/07/2026 12:30;179650;179750;179585;179585
17/07/2026 12:25;179600;179700;179565;179700
17/07/2026 12:20;179585;179685;179510;179585
17/07/2026 12:15;179500;179620;179485;179620
17/07/2026 12:10;179500;179535;179410;179410
17/07/2026 12:05;179445;179475;179415;179440
17/07/2026 12:00;179455;179455;179240;179350
17/07/2026 11:55;179460;179485;179320;179430
17/07/2026 11:50;179435;179480;179310;179400
17/07/2026 11:45;179130;179495;179130;179410
17/07/2026 11:40;179115;179220;179115;179195
17/07/2026 11:35;179115;179300;179115;179280
17/07/2026 11:30;179070;179165;179070;179165
17/07/2026 11:25;179140;179210;179135;179140
17/07/2026 11:20;179070;179275;179065;179065
17/07/2026 11:15;179070;179165;179010;179075
17/07/2026 11:10;178915;179040;178830;178935
17/07/2026 11:05;179210;179250;178965;178965
17/07/2026 11:00;179400;179400;179200;179250
17/07/2026 10:55;179420;179600;179340;179500
17/07/2026 10:50;179180;179400;179010;179370
17/07/2026 10:45;178900;179145;178890;179145
17/07/2026 10:40;179000;179250;178900;178900
17/07/2026 10:35;179030;179130;178870;178935
17/07/2026 10:30;178840;179350;178770;179115
17/07/2026 10:25;178635;179070;178610;178990
17/07/2026 10:20;178985;178985;178545;178545
17/07/2026 10:15;178920;179185;178920;179010
17/07/2026 10:10;179035;179060;178850;178900
17/07/2026 10:05;179060;179060;178835;178960
17/07/2026 10:00;179085;179085;178660;179010
17/07/2026 09:55;179035;179035;178920;179010
17/07/2026 09:50;179000;179150;178980;179150
17/07/2026 09:45;179035;179145;178985;179025
17/07/2026 09:40;178930;179150;178825;179150
17/07/2026 09:35;178720;178855;178610;178840
17/07/2026 09:30;178750;178860;178700;178705
17/07/2026 09:25;178815;178875;178700;178755
17/07/2026 09:20;178810;178965;178725;178815
17/07/2026 09:15;179005;179180;178900;178900
17/07/2026 09:10;178820;179095;178820;179060
17/07/2026 09:05;178965;179320;178670;178810
17/07/2026 09:00;178250;179365;178250;179020
16/07/2026 18:20;178990;178995;178865;178865
16/07/2026 18:15;178905;178995;178875;178965
16/07/2026 18:10;178950;178950;178900;178900
16/07/2026 18:05;178975;178975;178915;178975
16/07/2026 18:00;179030;179035;179030;179035
16/07/2026 17:55;179005;179005;179005;179005
16/07/2026 17:50;179095;179095;178985;178985
16/07/2026 17:45;179050;179050;179050;179050
16/07/2026 17:40;179055;179095;179015;179015
16/07/2026 17:35;178965;179045;178935;179045
16/07/2026 17:30;179010;179010;178870;178935
16/07/2026 17:25;179040;179050;179040;179045
16/07/2026 17:20;179070;179070;179030;179060
16/07/2026 17:15;179085;179085;179085;179085
16/07/2026 17:10;179165;179165;179060;179100
16/07/2026 17:05;179260;179260;179120;179140
16/07/2026 17:00;179210;179255;179110;179255
16/07/2026 16:55;179120;179185;179090;179170
16/07/2026 16:50;179025;179095;179020;179080
16/07/2026 16:45;178995;179040;178975;178985
16/07/2026 16:40;179090;179105;179025;179025
16/07/2026 16:35;179010;179010;179010;179010
16/07/2026 16:30;179065;179065;178980;178995
16/07/2026 16:25;179065;179125;179065;179125
16/07/2026 16:20;179080;179080;179080;179080
16/07/2026 16:15;179085;179175;179085;179175
16/07/2026 16:10;179060;179110;179015;179110
16/07/2026 16:05;179100;179100;179015;179015
16/07/2026 16:00;179090;179195;179090;179155
16/07/2026 15:55;179100;179130;179090;179130
16/07/2026 15:50;179240;179255;179110;179155
16/07/2026 15:45;179110;179220;179110;179220
16/07/2026 15:40;179095;179120;179070;179115
16/07/2026 15:35;179040;179085;179040;179085
16/07/2026 15:30;179095;179095;179025;179055
16/07/2026 15:25;179260;179260;179170;179185
16/07/2026 15:20;179200;179315;179190;179210
16/07/2026 15:15;179250;179290;179245;179260
16/07/2026 15:10;179100;179285;179100;179235
16/07/2026 15:05;179100;179100;178905;179035
16/07/2026 15:00;179150;179180;179110;179110
16/07/2026 14:55;179335;179335;179135;179200
16/07/2026 14:50;179435;179500;179400;179400
16/07/2026 14:45;179385;179450;179385;179450
16/07/2026 14:40;179410;179410;179300;179385
16/07/2026 14:35;179470;179470;179410;179410
16/07/2026 14:30;179500;179500;179470;179470
16/07/2026 14:25;179430;179490;179430;179430
16/07/2026 14:20;179385;179455;179350;179440
16/07/2026 14:15;179370;179475;179300;179410
16/07/2026 14:10;179445;179570;179400;179400
16/07/2026 14:05;179710;179710;179395;179425
16/07/2026 14:00;179880;179895;179730;179770
16/07/2026 13:55;179960;179960;179845;179860
16/07/2026 13:50;179900;179970;179840;179900
16/07/2026 13:45;180040;180040;179850;179955
16/07/2026 13:40;180120;180170;180035;180105
16/07/2026 13:35;180100;180150;180030;180125
16/07/2026 13:30;180080;180105;180065;180080
16/07/2026 13:25;180000;180080;180000;180060
16/07/2026 13:20;180000;180075;179950;180070
16/07/2026 13:15;180155;180225;180075;180150
16/07/2026 13:10;180175;180235;180140;180175
16/07/2026 13:05;180225;180305;180190;180290
16/07/2026 13:00;180500;180525;180250;180250
16/07/2026 12:55;180510;180510;180480;180500
16/07/2026 12:50;180490;180575;180490;180535
16/07/2026 12:45;180440;180470;180355;180470
16/07/2026 12:40;180530;180530;180400;180460
16/07/2026 12:35;180365;180590;180350;180575
16/07/2026 12:30;180435;180435;180275;180405
16/07/2026 12:25;180435;180565;180420;180420
16/07/2026 12:20;180325;180435;180325;180415
16/07/2026 12:15;180210;180315;180210;180245
16/07/2026 12:10;180345;180375;180165;180200
16/07/2026 12:05;180275;180290;180080;180290
16/07/2026 12:00;180295;180400;180190;180400
16/07/2026 11:55;180530;180530;180215;180430
16/07/2026 11:50;180390;180615;180390;180550
16/07/2026 11:45;180240;180420;180225;180420
16/07/2026 11:40;180035;180235;179970;180185
16/07/2026 11:35;180020;180025;179960;180025
16/07/2026 11:30;180005;180015;179920;179990
16/07/2026 11:25;179870;180050;179835;180015
16/07/2026 11:20;180015;180015;179840;179840
16/07/2026 11:15;180130;180135;179810;180135
16/07/2026 11:10;180030;180220;180030;180150
16/07/2026 11:05;179925;180050;179780;180050
16/07/2026 11:00;179475;179930;179475;179765
16/07/2026 10:55;179335;179465;179230;179465
16/07/2026 10:50;179320;179525;179320;179330
16/07/2026 10:45;179205;179370;179195;179310
16/07/2026 10:40;179430;179500;179200;179235
16/07/2026 10:35;179380;179600;179305;179365
16/07/2026 10:30;180390;180390;179405;179440
16/07/2026 10:25;180560;180560;180375;180465
16/07/2026 10:20;180440;180565;180340;180500
16/07/2026 10:15;180655;180860;180495;180495
16/07/2026 10:10;180675;180675;180555;180570
16/07/2026 10:05;180885;180885;180370;180695
16/07/2026 10:00;181060;181080;180645;180895
16/07/2026 09:55;181125;181170;181045;181075
16/07/2026 09:50;181375;181375;181135;181175
16/07/2026 09:45;181260;181415;181225;181270
16/07/2026 09:40;181350;181440;181200;181260
16/07/2026 09:35;181375;181415;181290;181365
16/07/2026 09:30;181525;181525;181205;181420
16/07/2026 09:25;181595;181645;181370;181370
16/07/2026 09:20;181835;181890;181600;181605
16/07/2026 09:15;181810;181990;181810;181835
16/07/2026 09:10;182035;182035;181700;181750
16/07/2026 09:05;182415;182500;181930;182000
16/07/2026 09:00;181045;182400;181000;182400
15/07/2026 18:20;181570;182250;181545;182250
15/07/2026 18:15;181660;181660;181505;181505
15/07/2026 18:10;181555;181660;181555;181635
15/07/2026 18:05;181465;181550;181465;181550
15/07/2026 18:00;181520;181520;181520;181520
15/07/2026 17:55;181470;181530;181435;181500
15/07/2026 17:50;181495;181495;181495;181495
15/07/2026 17:45;181495;181495;181495;181495
15/07/2026 17:40;181480;181480;181480;181480
15/07/2026 17:35;181490;181490;181460;181460
15/07/2026 17:30;181455;181500;181450;181500
15/07/2026 17:25;181410;181450;181400;181450
15/07/2026 17:20;181460;181490;181445;181460
15/07/2026 17:15;181510;181510;181480;181480
15/07/2026 17:10;181610;181610;181570;181570
15/07/2026 17:05;181565;181700;181560;181560
15/07/2026 17:00;181485;181650;181485;181565
15/07/2026 16:55;181585;181585;181460;181480
15/07/2026 16:50;181505;181530;181505;181505
15/07/2026 16:45;181510;181550;181495;181510
15/07/2026 16:40;181540;181555;181510;181550
15/07/2026 16:35;181605;181605;181580;181580
15/07/2026 16:30;181710;181725;181535;181535
15/07/2026 16:25;181745;181790;181725;181725
15/07/2026 16:20;181805;181840;181720;181720
15/07/2026 16:15;181785;181840;181785;181840
15/07/2026 16:10;181735;181795;181730;181740
15/07/2026 16:05;181685;181770;181665;181665
15/07/2026 16:00;181595;181720;181595;181680
15/07/2026 15:50;181600;181615;181565;181590
15/07/2026 15:45;181695;181700;181600;181620
15/07/2026 15:40;181660;181665;181660;181665
15/07/2026 15:35;181765;181765;181600;181660
15/07/2026 15:30;181720;181840;181720;181785
15/07/2026 15:25;181595;181730;181595;181730
15/07/2026 15:20;181640;181665;181560;181560
15/07/2026 15:15;181610;181715;181610;181640
15/07/2026 15:10;181595;181725;181595;181640
15/07/2026 15:05;181590;181660;181545;181630
15/07/2026 15:00;181585;181600;181500;181520
15/07/2026 14:55;181595;181605;181575;181605
15/07/2026 14:50;181670;181670;181550;181570
15/07/2026 14:45;181550;181720;181520;181655
15/07/2026 14:40;181460;181530;181395;181530
15/07/2026 14:35;181420;181510;181410;181415
15/07/2026 14:30;181295;181395;181260;181340
15/07/2026 14:25;181090;181300;181070;181300
15/07/2026 14:20;181075;181105;181065;181065
15/07/2026 14:15;180985;181105;180915;181105
15/07/2026 14:10;181070;181125;181000;181000
15/07/2026 14:05;181075;181170;181040;181170
15/07/2026 14:00;180945;181020;180945;181010
15/07/2026 13:55;181110;181110;180850;180920
15/07/2026 13:50;181215;181220;181110;181110
15/07/2026 13:45;181135;181300;181135;181215
15/07/2026 13:40;181055;181105;181055;181095
15/07/2026 13:35;181030;181100;181030;181100
15/07/2026 13:30;181095;181160;181030;181100
15/07/2026 13:25;181080;181080;180985;181040
15/07/2026 13:20;181155;181175;181070;181075
15/07/2026 13:15;181120;181180;181070;181180
15/07/2026 13:10;181245;181285;181135;181135
15/07/2026 13:05;181210;181220;181150;181150
15/07/2026 13:00;181310;181310;181160;181190
15/07/2026 12:55;181295;181295;181205;181215
15/07/2026 12:50;181305;181335;181240;181335
15/07/2026 12:45;181250;181265;181215;181265
15/07/2026 12:40;181290;181300;181190;181190
15/07/2026 12:35;181270;181270;181250;181255
15/07/2026 12:30;181410;181410;181250;181255
15/07/2026 12:25;181480;181500;181420;181420
15/07/2026 12:20;181720;181720;181370;181410
15/07/2026 12:15;181610;181715;181510;181655
15/07/2026 12:10;181700;181745;181615;181615
15/07/2026 12:05;181790;181885;181700;181700
15/07/2026 12:00;181680;181745;181655;181655
15/07/2026 11:55;181560;181750;181505;181685
15/07/2026 11:50;181525;181595;181525;181590
15/07/2026 11:45;181495;181500;181310;181475
15/07/2026 11:40;181575;181575;181410;181430
15/07/2026 11:35;181550;181720;181500;181610
15/07/2026 11:30;181295;181505;181245;181505
15/07/2026 11:25;181160;181425;181150;181375
15/07/2026 11:20;181515;181580;181110;181165
15/07/2026 11:15;181750;181755;181500;181500
15/07/2026 11:10;181580;181845;181580;181720
15/07/2026 11:05;181565;181605;181510;181510
15/07/2026 11:00;181540;181655;181495;181585
15/07/2026 10:55;181330;181600;181330;181515
15/07/2026 10:50;181290;181500;181180;181365
15/07/2026 10:45;181260;181370;181155;181290
15/07/2026 10:40;181405;181495;181220;181220
15/07/2026 10:35;181550;181550;181350;181410
15/07/2026 10:30;181725;181900;181580;181580
15/07/2026 10:25;181860;181865;181540;181625
15/07/2026 10:20;181800;181930;181775;181830
15/07/2026 10:15;181450;181750;181450;181650
15/07/2026 10:10;182005;182015;181495;181535
15/07/2026 10:05;182030;182215;181935;182020
15/07/2026 10:00;182255;182265;181570;181955
15/07/2026 09:55;182290;182290;182120;182200
15/07/2026 09:50;182225;182235;182140;182180
15/07/2026 09:45;182385;182440;182275;182275
15/07/2026 09:40;182195;182350;182155;182295
15/07/2026 09:35;181880;182220;181875;182170
15/07/2026 09:30;181850;182050;181605;181910
15/07/2026 09:25;181655;181800;181645;181790
15/07/2026 09:20;181575;181900;181555;181610
15/07/2026 09:15;181600;181620;181500;181605
15/07/2026 09:10;181395;181760;181345;181610
15/07/2026 09:05;181250;181450;180800;181400
15/07/2026 09:00;181900;182000;181305;181310
14/07/2026 18:20;182050;182125;181935;181935
14/07/2026 18:15;182150;182165;182070;182140
14/07/2026 18:10;182205;182205;182120;182150
14/07/2026 18:05;182300;182300;182195;182200
14/07/2026 18:00;182260;182290;182240;182290
14/07/2026 17:55;182320;182320;182275;182285
14/07/2026 17:50;182255;182305;182255;182305
14/07/2026 17:45;182245;182275;182220;182245
14/07/2026 17:40;182350;182350;182225;182245
14/07/2026 17:35;182300;182340;182300;182340
14/07/2026 17:30;182205;182290;182205;182275
14/07/2026 17:25;182195;182195;182165;182165
14/07/2026 17:20;182170;182205;182145;182145
14/07/2026 17:15;182195;182195;182180;182180
14/07/2026 17:10;182375;182375;182195;182215
14/07/2026 17:05;182325;182420;182325;182405
14/07/2026 17:00;182250;182365;182250;182345
14/07/2026 16:55;182240;182340;182240;182250
14/07/2026 16:50;182240;182240;182160;182200
14/07/2026 16:45;182170;182235;182170;182200
14/07/2026 16:40;182120;182150;182120;182150
14/07/2026 16:35;182030;182100;182025;182095
14/07/2026 16:30;182065;182075;181960;182040
14/07/2026 16:25;182035;182095;182015;182095
14/07/2026 16:20;182140;182140;182040;182090
14/07/2026 16:15;182215;182245;182150;182180
14/07/2026 16:10;182225;182275;182175;182275
14/07/2026 16:05;182245;182350;182245;182350
14/07/2026 16:00;182175;182290;182175;182250
14/07/2026 15:55;182200;182290;182190;182265
14/07/2026 15:50;182170;182190;182095;182160
14/07/2026 15:45;181945;182255;181945;182195
14/07/2026 15:40;181880;181940;181860;181900
14/07/2026 15:35;181800;181860;181770;181860
14/07/2026 15:30;181795;181850;181790;181790
14/07/2026 15:25;181750;181850;181750;181850
14/07/2026 15:20;181705;181775;181705;181775
14/07/2026 15:15;181745;181745;181660;181725
14/07/2026 15:10;181740;181785;181705;181785
14/07/2026 15:05;181690;181740;181685;181695
14/07/2026 15:00;181680;181690;181615;181665
14/07/2026 14:55;181680;181680;181550;181560
14/07/2026 14:50;181730;181790;181700;181710
14/07/2026 14:45;181585;181705;181570;181660
14/07/2026 14:40;181580;181610;181570;181605
14/07/2026 14:35;181580;181625;181550;181560
14/07/2026 14:30;181600;181650;181570;181620
14/07/2026 14:25;181585;181585;181550;181565
14/07/2026 14:20;181560;181620;181555;181620
14/07/2026 14:15;181575;181645;181560;181645
14/07/2026 14:10;181685;181690;181650;181675
14/07/2026 14:05;181655;181655;181575;181650
14/07/2026 14:00;181790;181835;181590;181590
14/07/2026 13:55;181785;181815;181745;181745
14/07/2026 13:50;181685;181750;181685;181750
14/07/2026 13:45;181920;181940;181660;181680
14/07/2026 13:40;181855;181920;181840;181895
14/07/2026 13:35;181750;181850;181750;181840
14/07/2026 13:30;181785;181805;181750;181750
14/07/2026 13:25;181700;181740;181680;181680
14/07/2026 13:20;181695;181785;181670;181705
14/07/2026 13:15;181700;181750;181605;181740
14/07/2026 13:10;181520;181755;181520;181685
14/07/2026 13:05;181535;181585;181340;181580
14/07/2026 13:00;181665;181665;181520;181570
14/07/2026 12:55;181775;181775;181655;181700
14/07/2026 12:50;181895;181895;181735;181735
14/07/2026 12:45;181930;182010;181930;182000
14/07/2026 12:40;181900;181925;181750;181870
14/07/2026 12:35;181980;182050;181980;182050
14/07/2026 12:30;182090;182090;181985;182045
14/07/2026 12:20;182200;182200;182035;182125
14/07/2026 12:15;182200;182255;182125;182220
14/07/2026 12:10;181940;182195;181940;182195
14/07/2026 12:05;181810;182075;181810;181940
14/07/2026 12:00;181870;182085;181635;182025
14/07/2026 11:55;181840;181910;181840;181890
14/07/2026 11:50;181870;181905;181790;181820
14/07/2026 11:45;181825;181940;181680;181935
14/07/2026 11:40;182185;182185;181840;181840
14/07/2026 11:35;182365;182405;182250;182310
14/07/2026 11:30;182060;182550;182060;182410
14/07/2026 11:25;182220;182230;181970;182000
14/07/2026 11:20;182105;182390;182105;182275
14/07/2026 11:15;182290;182300;181885;182035
14/07/2026 11:10;182425;182425;182175;182300
14/07/2026 11:05;182390;182630;182340;182625
14/07/2026 11:00;182500;182740;182390;182390
14/07/2026 10:55;182375;182490;182335;182480
14/07/2026 10:50;182180;182375;182125;182315
14/07/2026 10:45;182000;182280;182000;182020
14/07/2026 10:40;182200;182285;182135;182270
14/07/2026 10:35;182200;182250;181895;182175
14/07/2026 10:30;181805;182315;181805;182225
14/07/2026 10:25;181910;181925;181705;181745
14/07/2026 10:20;181675;182110;181540;182035
14/07/2026 10:15;181820;182000;181550;181705
14/07/2026 10:10;182100;182225;181830;181850
14/07/2026 10:05;182250;182335;182100;182100
14/07/2026 10:00;182045;182450;181905;182240
14/07/2026 09:55;182160;182260;182000;182045
14/07/2026 09:50;182080;182295;182080;182115
14/07/2026 09:45;182205;182205;181985;182055
14/07/2026 09:40;182425;182470;182155;182250
14/07/2026 09:35;182360;182510;182070;182410
14/07/2026 09:30;181395;183000;181340;182390
14/07/2026 09:25;181650;181690;181170;181390
14/07/2026 09:20;181470;181655;181365;181620
14/07/2026 09:15;181395;181610;181335;181355
14/07/2026 09:10;181375;181535;181245;181405
14/07/2026 09:05;181815;181815;181100;181400
14/07/2026 09:00;181310;182080;181160;181910
13/07/2026 18:20;181090;181115;180970;181005
13/07/2026 18:15;180955;181075;180955;181075
13/07/2026 18:10;180940;180955;180940;180945
13/07/2026 18:05;180870;180955;180860;180945
13/07/2026 18:00;180905;180905;180775;180775
13/07/2026 17:55;180885;180900;180885;180900
13/07/2026 17:50;180855;180870;180845;180870
13/07/2026 17:45;180870;180895;180870;180870
13/07/2026 17:40;180930;180930;180870;180870
13/07/2026 17:35;181000;181015;181000;181015
13/07/2026 17:30;181050;181050;181030;181030
13/07/2026 17:25;181100;181100;181045;181090
13/07/2026 17:20;181040;181095;181000;181095
13/07/2026 17:15;181085;181105;181000;181060
13/07/2026 17:10;181390;181390;181105;181105
13/07/2026 17:05;181340;181415;181340;181415
13/07/2026 17:00;181235;181425;181235;181380
13/07/2026 16:55;181255;181255;181200;181240
13/07/2026 16:50;181315;181315;181280;181315
13/07/2026 16:45;181275;181400;181275;181400
13/07/2026 16:40;181225;181340;181225;181340
13/07/2026 16:35;181195;181215;181135;181210
13/07/2026 16:30;181275;181275;181200;181255
13/07/2026 16:25;181425;181425;181280;181280
13/07/2026 16:20;181550;181550;181420;181455
13/07/2026 16:15;181525;181575;181525;181575
13/07/2026 16:10;181525;181580;181500;181580
13/07/2026 16:05;181645;181650;181540;181550
13/07/2026 16:00;181550;181650;181470;181615
13/07/2026 15:55;181465;181550;181425;181550
13/07/2026 15:50;181485;181500;181485;181495
13/07/2026 15:45;181440;181525;181440;181475
13/07/2026 15:40;181420;181435;181405;181435
13/07/2026 15:35;181385;181530;181370;181460
13/07/2026 15:30;181350;181380;181350;181350
13/07/2026 15:25;181260;181325;181250;181275
13/07/2026 15:20;181275;181275;181275;181275
13/07/2026 15:15;181315;181315;181245;181245
13/07/2026 15:10;181300;181365;181205;181315
13/07/2026 15:05;181320;181425;181310;181310
13/07/2026 15:00;181340;181405;181310;181330
13/07/2026 14:55;181340;181340;181250;181325
13/07/2026 14:50;181425;181425;181275;181370
13/07/2026 14:45;181430;181505;181430;181450
13/07/2026 14:40;181400;181435;181350;181425
13/07/2026 14:35;181460;181515;181425;181425
13/07/2026 14:30;181425;181460;181400;181450
13/07/2026 14:25;181600;181600;181455;181465
13/07/2026 14:20;181785;181785;181610;181610
13/07/2026 14:15;181800;181800;181755;181755
13/07/2026 14:10;181630;181755;181630;181755
13/07/2026 14:05;181555;181645;181555;181645
13/07/2026 14:00;181615;181615;181565;181590
13/07/2026 13:55;181710;181720;181605;181635
13/07/2026 13:50;181820;181820;181680;181690
13/07/2026 13:45;182050;182065;181825;181825
13/07/2026 13:40;181905;181995;181885;181995
13/07/2026 13:35;181855;181955;181805;181915
13/07/2026 13:30;182055;182075;181845;181860
13/07/2026 13:25;182080;182110;182035;182035
13/07/2026 13:20;182125;182160;182080;182160
13/07/2026 13:15;182135;182140;182025;182100
13/07/2026 13:10;182120;182220;182120;182175
13/07/2026 13:05;182120;182150;182105;182105
13/07/2026 13:00;182140;182215;182140;182165
13/07/2026 12:55;182110;182130;182035;182130
13/07/2026 12:50;182210;182210;182145;182165
13/07/2026 12:45;182295;182295;182200;182200
13/07/2026 12:40;182280;182280;182205;182235
13/07/2026 12:35;182275;182275;182190;182195
13/07/2026 12:30;182300;182365;182280;182280
13/07/2026 12:25;182185;182250;182175;182250
13/07/2026 12:20;182120;182280;182070;182280
13/07/2026 12:15;182070;182255;182070;182160
13/07/2026 12:10;182205;182275;182075;182130
13/07/2026 12:05;182475;182485;182210;182210
13/07/2026 12:00;182515;182550;182410;182470
13/07/2026 11:55;182490;182550;182410;182545
13/07/2026 11:50;182460;182505;182415;182440
13/07/2026 11:45;182305;182510;182295;182510
13/07/2026 11:40;182560;182560;182280;182390
13/07/2026 11:35;182765;182765;182500;182515
13/07/2026 11:30;182745;182825;182715;182735
13/07/2026 11:25;182770;182830;182720;182810
13/07/2026 11:20;182700;182735;182570;182735
13/07/2026 11:15;182940;182985;182495;182700
13/07/2026 11:10;183045;183115;182915;182945
13/07/2026 11:05;182920;182985;182850;182860
13/07/2026 11:00;183245;183245;182905;182930
13/07/2026 10:55;183300;183350;183180;183320
13/07/2026 10:50;183045;183320;182870;183320
13/07/2026 10:45;183090;183170;183000;183055
13/07/2026 10:40;183010;183160;182715;183160
13/07/2026 10:35;183410;183410;182840;182900
13/07/2026 10:30;183270;183670;183270;183600
13/07/2026 10:25;183520;183520;183155;183260
13/07/2026 10:20;183630;183695;183600;183645
13/07/2026 10:15;183660;183820;183510;183520
13/07/2026 10:10;183490;183920;183480;183765
13/07/2026 10:05;183710;183710;183400;183460
13/07/2026 10:00;184000;184030;183510;183755
13/07/2026 09:55;183900;183975;183825;183890
13/07/2026 09:50;183795;183795;183610;183755
13/07/2026 09:45;183830;183875;183685;183850
13/07/2026 09:40;183700;183965;183700;183830
13/07/2026 09:35;183565;183655;183545;183625
13/07/2026 09:30;183660;183810;183560;183655
13/07/2026 09:25;183490;183625;183425;183625
13/07/2026 09:20;183620;183620;183340;183455
13/07/2026 09:15;183500;183855;183470;183560
13/07/2026 09:10;183625;183625;183365;183450
13/07/2026 09:05;183530;183720;183480;183570
13/07/2026 09:00;184120;184120;183305;183470
10/07/2026 18:20;184345;184425;184345;184365
10/07/2026 18:15;184300;184450;184300;184360
10/07/2026 18:10;184285;184415;184280;184325
10/07/2026 18:05;184305;184435;184260;184300
10/07/2026 18:00;184260;184290;184185;184290
10/07/2026 17:55;184325;184325;184210;184245
10/07/2026 17:50;184300;184395;184280;184310
10/07/2026 17:45;184210;184300;184210;184250
10/07/2026 17:40;184190;184200;184190;184200
10/07/2026 17:35;184200;184250;184175;184200
10/07/2026 17:30;184175;184235;184150;184235
10/07/2026 17:25;184110;184260;184110;184190
10/07/2026 17:20;184075;184150;184075;184100
10/07/2026 17:15;184050;184095;184030;184030
10/07/2026 17:10;183800;184125;183785;184060
10/07/2026 17:05;183740;183900;183740;183830
10/07/2026 17:00;183725;183850;183705;183705
10/07/2026 16:55;183585;183715;183585;183700
10/07/2026 16:50;183555;183560;183500;183550
10/07/2026 16:45;183455;183535;183445;183530
10/07/2026 16:40;183415;183480;183400;183435
10/07/2026 16:35;183445;183445;183425;183430
10/07/2026 16:30;183445;183470;183445;183460
10/07/2026 16:25;183500;183505;183435;183450
10/07/2026 16:20;183370;183425;183370;183390
10/07/2026 16:15;183350;183395;183350;183360
10/07/2026 16:10;183405;183460;183345;183345
10/07/2026 16:05;183445;183470;183400;183405
10/07/2026 16:00;183245;183360;183225;183360
10/07/2026 15:55;183265;183320;183195;183250
10/07/2026 15:50;183330;183330;183185;183260
10/07/2026 15:45;183385;183390;183295;183320
10/07/2026 15:40;183425;183425;183375;183390
10/07/2026 15:35;183450;183465;183370;183385
10/07/2026 15:30;183510;183555;183465;183495
10/07/2026 15:25;183520;183575;183495;183495
10/07/2026 15:20;183640;183675;183525;183525
10/07/2026 15:15;183585;183725;183540;183640
10/07/2026 15:10;183490;183615;183435;183565
10/07/2026 15:05;183250;183485;183240;183485
10/07/2026 15:00;183095;183265;183095;183230
10/07/2026 14:55;183135;183155;183025;183085
10/07/2026 14:50;183120;183140;183080;183140
10/07/2026 14:45;183170;183195;183100;183120
10/07/2026 14:40;183125;183195;183125;183165
10/07/2026 14:35;183105;183110;183070;183110
10/07/2026 14:30;183125;183165;183090;183165
10/07/2026 14:25;183085;183180;183075;183140
10/07/2026 14:20;183100;183150;183080;183095
10/07/2026 14:15;183200;183205;183000;183000
10/07/2026 14:10;183170;183170;183110;183110
10/07/2026 14:05;183060;183190;183060;183115
10/07/2026 14:00;183090;183120;183010;183075
10/07/2026 13:55;183110;183240;183080;183100
10/07/2026 13:50;183185;183265;183090;183105
10/07/2026 13:45;183020;183210;183020;183125
10/07/2026 13:40;182940;183065;182940;183000
10/07/2026 13:35;182840;183000;182825;182985
10/07/2026 13:30;182890;182970;182860;182915
10/07/2026 13:25;182700;182925;182695;182890
10/07/2026 13:20;182560;182700;182555;182700
10/07/2026 13:15;182600;182700;182555;182555
10/07/2026 13:10;182525;182555;182455;182525
10/07/2026 13:05;182360;182500;182335;182500
10/07/2026 13:00;182215;182335;182215;182335
10/07/2026 12:55;182150;182215;182150;182215
10/07/2026 12:50;182035;182160;182035;182160
10/07/2026 12:45;182140;182145;181975;181975
10/07/2026 12:40;182015;182085;182015;182085
10/07/2026 12:35;182015;182015;181915;182015
10/07/2026 12:30;182115;182135;181975;181995
10/07/2026 12:25;182185;182250;182070;182160
10/07/2026 12:20;182040;182165;182025;182150
10/07/2026 12:15;181985;182130;181940;181970
10/07/2026 12:10;182065;182075;182000;182025
10/07/2026 12:05;182295;182320;182075;182075
10/07/2026 12:00;182410;182415;182240;182255
10/07/2026 11:55;182625;182625;182430;182450
10/07/2026 11:50;182685;182765;182630;182630
10/07/2026 11:45;182420;182665;182420;182645
10/07/2026 11:40;182180;182435;182170;182390
10/07/2026 11:35;182250;182370;182100;182160
10/07/2026 11:30;182535;182575;181750;182215
10/07/2026 11:25;182400;182710;182395;182535
10/07/2026 11:20;182550;182570;182200;182200
10/07/2026 11:15;182215;182580;182215;182505
10/07/2026 11:10;182225;182225;182000;182115
10/07/2026 11:05;182350;182455;182165;182250
10/07/2026 11:00;182275;182565;182275;182350
10/07/2026 10:55;182025;182285;182025;182250
10/07/2026 10:50;181750;182200;181750;182125
10/07/2026 10:45;181655;181800;181550;181730
10/07/2026 10:40;182200;182265;181610;181680
10/07/2026 10:35;181705;182240;181705;182130
10/07/2026 10:30;181815;181905;181620;181830
10/07/2026 10:25;181535;182060;181535;181785
10/07/2026 10:20;181550;181560;181310;181470
10/07/2026 10:15;181920;181925;181485;181515
10/07/2026 10:10;181995;181995;181755;181795
10/07/2026 10:05;182215;182335;181890;181965
10/07/2026 10:00;182000;182505;181975;182190
10/07/2026 09:55;181745;184330;181745;182070
10/07/2026 09:50;181610;181700;181610;181660
10/07/2026 09:45;181500;181695;181500;181615
10/07/2026 09:40;181390;181540;181375;181485
10/07/2026 09:35;181395;181550;181285;181455
10/07/2026 09:30;181255;181555;181255;181380
10/07/2026 09:25;181270;181595;181200;181200
10/07/2026 09:20;181180;181315;181105;181255
10/07/2026 09:15;181350;181390;180975;181210
10/07/2026 09:10;180700;181340;180700;181305
10/07/2026 09:05;180500;180710;180360;180630
10/07/2026 09:00;179455;180540;179455;180475
09/07/2026 18:20;179015;179105;178905;178905
09/07/2026 18:15;179060;179130;179015;179090
09/07/2026 18:10;178970;179090;178955;179060
09/07/2026 18:05;178960;178980;178920;178955
09/07/2026 18:00;178900;179040;178900;178960
09/07/2026 17:55;178870;178900;178870;178900
09/07/2026 17:50;178825;178900;178825;178865
09/07/2026 17:45;178780;178825;178780;178825
09/07/2026 17:40;178800;178800;178785;178785
09/07/2026 17:35;178870;178870;178855;178855
09/07/2026 17:30;178810;178810;178810;178810
09/07/2026 17:25;178860;178860;178815;178830
09/07/2026 17:20;178850;178870;178840;178840
09/07/2026 17:15;178840;178930;178840;178915
09/07/2026 17:10;178790;178890;178790;178845
09/07/2026 17:05;178750;178765;178730;178740
09/07/2026 17:00;178720;178750;178680;178725
09/07/2026 16:55;178690;178785;178690;178765
09/07/2026 16:50;178700;178720;178690;178690
09/07/2026 16:45;178695;178700;178670;178670
09/07/2026 16:40;178590;178710;178580;178685
09/07/2026 16:35;178520;178600;178520;178570
09/07/2026 16:30;178625;178625;178500;178500
09/07/2026 16:25;178720;178720;178665;178665
09/07/2026 16:20;178715;178750;178715;178725
09/07/2026 16:15;178640;178725;178630;178680
09/07/2026 16:10;178590;178595;178590;178595
09/07/2026 16:05;178610;178610;178535;178535
09/07/2026 16:00;178570;178615;178570;178585
09/07/2026 15:55;178495;178625;178495;178600
09/07/2026 15:50;178495;178525;178485;178485
09/07/2026 15:45;178420;178495;178405;178495
09/07/2026 15:40;178355;178490;178330;178430
09/07/2026 15:35;178360;178380;178325;178360
09/07/2026 15:30;178395;178400;178345;178390
09/07/2026 15:25;178405;178435;178350;178350
09/07/2026 15:20;178405;178420;178390;178420
09/07/2026 15:15;178480;178485;178420;178420
09/07/2026 15:10;178435;178515;178435;178480
09/07/2026 15:05;178405;178470;178395;178435
09/07/2026 15:00;178600;178600;178380;178380
09/07/2026 14:55;178590;178595;178535;178595
09/07/2026 14:50;178625;178670;178535;178535
09/07/2026 14:45;178575;178640;178570;178615
09/07/2026 14:40;178570;178655;178520;178605
09/07/2026 14:35;178470;178650;178470;178645
09/07/2026 14:30;178400;178470;178400;178410
09/07/2026 14:25;178340;178410;178335;178335
09/07/2026 14:20;178270;178310;178270;178310
09/07/2026 14:15;178145;178185;178145;178185
09/07/2026 14:05;178145;178145;178115;178140
09/07/2026 14:00;178210;178280;178210;178265
09/07/2026 13:55;178140;178165;178140;178165
09/07/2026 13:45;178205;178205;178140;178140
09/07/2026 13:40;178105;178145;178100;178145
09/07/2026 13:35;178265;178265;178125;178125
09/07/2026 13:30;178230;178305;178230;178265
09/07/2026 13:20;178355;178355;178315;178315
09/07/2026 13:15;178400;178400;178370;178370
09/07/2026 13:10;178390;178440;178390;178400
09/07/2026 13:05;178325;178365;178275;178330
09/07/2026 13:00;178250;178300;178250;178300
09/07/2026 12:55;178160;178210;178160;178210
09/07/2026 12:50;178155;178155;178150;178150
09/07/2026 12:45;178175;178195;178165;178195
09/07/2026 12:40;178160;178225;178105;178175
09/07/2026 12:35;178015;178140;178015;178140
09/07/2026 12:30;177875;178105;177850;178105
09/07/2026 12:25;177975;177975;177890;177975
09/07/2026 12:20;178120;178130;178000;178000
09/07/2026 12:15;178250;178250;178095;178165
09/07/2026 12:10;178340;178420;178300;178420
09/07/2026 12:05;178095;178300;178070;178300
09/07/2026 12:00;178230;178240;178065;178110
09/07/2026 11:55;178120;178225;178085;178225
09/07/2026 11:50;178030;178185;178030;178120
09/07/2026 11:45;177920;177980;177920;177980
09/07/2026 11:40;177905;178020;177880;177985
09/07/2026 11:35;177970;178110;177875;177875
09/07/2026 11:30;178000;178120;177925;178025
09/07/2026 11:25;177780;178105;177780;177955
09/07/2026 11:20;177575;177820;177510;177770
09/07/2026 11:15;177545;177775;177510;177680
09/07/2026 11:10;177540;177630;177360;177630
09/07/2026 11:05;177350;177740;177350;177740
09/07/2026 11:00;176890;177375;176890;177375
09/07/2026 10:55;176570;176870;176570;176800
09/07/2026 10:50;176700;176720;176595;176600
09/07/2026 10:45;176795;176815;176670;176765
09/07/2026 10:40;176780;176980;176780;176920
09/07/2026 10:35;176890;176945;176760;176840
09/07/2026 10:30;177010;177030;176690;176885
09/07/2026 10:25;177445;177505;177080;177100
09/07/2026 10:20;177135;177525;177135;177430
09/07/2026 10:15;177445;177445;176950;177065
09/07/2026 10:10;177100;177500;177100;177430
09/07/2026 10:05;177110;177290;177100;177245
09/07/2026 10:00;176945;177200;176945;177105
09/07/2026 09:55;177010;177010;176740;176875
09/07/2026 09:50;177195;177195;176980;177055
09/07/2026 09:45;177255;177275;177150;177205
09/07/2026 09:40;177115;177250;177090;177195
09/07/2026 09:35;177325;177325;177115;177115
09/07/2026 09:30;177305;177450;177225;177225
09/07/2026 09:25;177500;177500;177385;177440
09/07/2026 09:20;177410;177550;177380;177465
09/07/2026 09:15;177200;177485;177200;177485
09/07/2026 09:10;177270;177270;176840;177220
09/07/2026 09:05;176760;177485;176760;177485
09/07/2026 09:00;176540;176920;176250;176850
08/07/2026 18:20;176380;176420;176350;176350
08/07/2026 18:15;176360;176400;176305;176400
08/07/2026 18:10;176300;176400;176300;176350
08/07/2026 18:05;176270;176270;176270;176270
08/07/2026 18:00;176230;176260;176230;176260
08/07/2026 17:55;176240;176295;176230;176230
08/07/2026 17:50;176250;176250;176250;176250
08/07/2026 17:40;176290;176290;176290;176290
08/07/2026 17:35;176200;176200;176175;176175
08/07/2026 17:30;176240;176240;176195;176225
08/07/2026 17:25;176255;176255;176200;176225
08/07/2026 17:20;176305;176305;176305;176305
08/07/2026 17:15;176395;176395;176280;176335
08/07/2026 17:10;176400;176400;176390;176390
08/07/2026 17:05;176435;176435;176435;176435
08/07/2026 17:00;176500;176500;176350;176350
08/07/2026 16:55;176580;176595;176575;176595
08/07/2026 16:50;176570;176605;176570;176605
08/07/2026 16:45;176725;176725;176510;176510
08/07/2026 16:40;176725;176750;176675;176750
08/07/2026 16:35;176660;176775;176660;176740
08/07/2026 16:30;176650;176725;176650;176660
08/07/2026 16:25;176565;176575;176500;176575
08/07/2026 16:20;176605;176605;176605;176605
08/07/2026 16:15;176620;176650;176620;176650
08/07/2026 16:10;176600;176600;176560;176560
08/07/2026 16:05;176525;176660;176525;176660
08/07/2026 16:00;176515;176515;176515;176515
08/07/2026 15:55;176520;176520;176470;176470
08/07/2026 15:50;176620;176690;176540;176540
08/07/2026 15:45;176510;176625;176510;176625
08/07/2026 15:40;176400;176460;176400;176460
08/07/2026 15:35;176430;176430;176430;176430
08/07/2026 15:30;176590;176605;176485;176485
08/07/2026 15:25;176450;176515;176450;176495
08/07/2026 15:20;176570;176600;176510;176510
08/07/2026 15:15;176540;176610;176540;176600
08/07/2026 15:10;176600;176675;176570;176570
08/07/2026 15:05;176460;176630;176460;176600
08/07/2026 15:00;176350;176465;176315;176425
08/07/2026 14:55;176250;176250;176250;176250
08/07/2026 14:50;176290;176375;176285;176325
08/07/2026 14:45;176355;176355;176250;176250
08/07/2026 14:40;176290;176290;176285;176285
08/07/2026 14:35;176340;176365;176335;176355
08/07/2026 14:30;176360;176395;176300;176375
08/07/2026 14:25;176470;176470;176375;176375
08/07/2026 14:20;176475;176585;176475;176480
08/07/2026 14:15;176395;176450;176395;176400
08/07/2026 14:10;176255;176395;176190;176370
08/07/2026 14:05;176360;176390;176215;176255
08/07/2026 14:00;176505;176505;176330;176360
08/07/2026 13:55;176560;176605;176495;176535
08/07/2026 13:50;176550;176700;176500;176550
08/07/2026 13:45;176250;176500;176250;176500
08/07/2026 13:40;176030;176300;176030;176255
08/07/2026 13:35;175985;176005;175985;176005
08/07/2026 13:30;175990;176055;175900;175900
08/07/2026 13:25;176070;176070;175990;175990
08/07/2026 13:20;175960;175960;175960;175960
08/07/2026 13:15;175985;176050;175985;176030
08/07/2026 13:10;175980;176010;175980;176010
08/07/2026 13:05;176035;176035;176035;176035
08/07/2026 13:00;175985;176050;175945;176035
08/07/2026 12:55;176070;176070;176000;176000
08/07/2026 12:45;176260;176260;176065;176065
08/07/2026 12:35;176185;176375;176185;176205
08/07/2026 12:30;176200;176200;176200;176200
08/07/2026 12:25;176090;176090;176000;176000
08/07/2026 12:20;176160;176160;176090;176090
08/07/2026 12:15;176000;176090;176000;176090
08/07/2026 12:10;176260;176260;176130;176145
08/07/2026 12:05;175905;176300;175905;176240
08/07/2026 12:00;175935;175935;175850;175850
08/07/2026 11:55;176020;176090;175950;176030
08/07/2026 11:50;175940;176000;175870;175870
08/07/2026 11:45;176150;176150;176000;176000
08/07/2026 11:40;176235;176295;176120;176170
08/07/2026 11:35;176490;176490;176185;176260
08/07/2026 11:30;176485;176515;176330;176345
08/07/2026 11:25;176695;176790;176380;176500
08/07/2026 11:20;176410;176695;176410;176695
08/07/2026 11:15;176435;176620;176325;176545
08/07/2026 11:10;176705;176760;176420;176495
08/07/2026 11:05;176415;176835;176325;176835
08/07/2026 11:00;176470;176550;176300;176420
08/07/2026 10:55;176400;176530;176280;176490
08/07/2026 10:50;176740;176770;176400;176460
08/07/2026 10:45;176785;176990;176600;176700
08/07/2026 10:40;176675;176965;176650;176890
08/07/2026 10:35;176965;176990;176490;176720
08/07/2026 10:30;176890;177200;176805;176960
08/07/2026 10:25;176375;177075;176375;176945
08/07/2026 10:20;176215;176345;175745;176345
08/07/2026 10:15;176785;176860;176170;176190
08/07/2026 10:10;177070;177145;176740;176740
08/07/2026 10:05;177250;177250;177005;177120
08/07/2026 10:00;177400;177505;177300;177435
08/07/2026 09:55;177295;177490;177210;177325
08/07/2026 09:50;177295;177425;177295;177405
08/07/2026 09:45;177300;177345;177240;177345
08/07/2026 09:40;177400;177400;177300;177300
08/07/2026 09:35;177400;177400;177300;177325
08/07/2026 09:30;177470;177565;177365;177410
08/07/2026 09:25;177265;177445;177265;177445
08/07/2026 09:20;177290;177445;177260;177300
08/07/2026 09:15;177070;177375;177015;177370
08/07/2026 09:10;177300;177400;177090;177090
08/07/2026 09:05;177395;177500;176990;177220
08/07/2026 09:00;176295;177350;175840;177345
07/07/2026 18:20;177385;177450;177360;177360
07/07/2026 18:15;177550;177550;177370;177370
07/07/2026 18:10;177600;177600;177575;177575
07/07/2026 18:05;177550;177580;177550;177580
07/07/2026 18:00;177675;177675;177600;177600
07/07/2026 17:55;177700;177705;177670;177670
07/07/2026 17:50;177700;177700;177700;177700
07/07/2026 17:40;177725;177730;177725;177730
07/07/2026 17:35;177700;177740;177700;177740
07/07/2026 17:30;177815;177820;177815;177820
07/07/2026 17:25;177825;177825;177825;177825
07/07/2026 17:20;177830;177835;177830;177835
07/07/2026 17:10;177840;177840;177770;177770
07/07/2026 17:05;177905;177910;177905;177910
07/07/2026 17:00;177780;177885;177780;177885
07/07/2026 16:55;177740;177770;177740;177770
07/07/2026 16:50;177785;177785;177785;177785
07/07/2026 16:45;177700;177850;177685;177805
07/07/2026 16:40;177725;177725;177650;177685
07/07/2026 16:35;177650;177745;177650;177745
07/07/2026 16:30;177785;177825;177695;177715
07/07/2026 16:25;177905;177920;177765;177770
07/07/2026 16:20;177785;177910;177785;177910
07/07/2026 16:15;177735;177810;177730;177785
07/07/2026 16:10;177780;177805;177710;177770
07/07/2026 16:05;177755;177785;177755;177785
07/07/2026 16:00;177820;177860;177730;177860
07/07/2026 15:55;177950;177950;177885;177885
07/07/2026 15:50;177935;177975;177835;177890
07/07/2026 15:45;177970;178060;177875;177950
07/07/2026 15:40;177820;177970;177820;177970
07/07/2026 15:35;177850;177950;177845;177855
07/07/2026 15:30;177735;177850;177655;177850
07/07/2026 15:25;177690;177750;177680;177715
07/07/2026 15:20;177625;177695;177625;177695
07/07/2026 15:15;177560;177625;177550;177625
07/07/2026 15:10;177530;177555;177530;177555
07/07/2026 15:05;177585;177585;177445;177530
07/07/2026 15:00;177795;177800;177590;177595
07/07/2026 14:50;177740;177790;177740;177790
07/07/2026 14:45;177690;177695;177620;177680
07/07/2026 14:40;177675;177740;177635;177720
07/07/2026 14:35;177810;177895;177660;177660
07/07/2026 14:30;177910;177925;177770;177790
07/07/2026 14:25;177825;177920;177825;177905
07/07/2026 14:20;177740;177920;177655;177920
07/07/2026 14:10;177555;177640;177555;177640
07/07/2026 14:05;177650;177735;177615;177685
07/07/2026 14:00;177505;177705;177505;177625
07/07/2026 13:55;177380;177430;177370;177430
07/07/2026 13:50;177435;177435;177435;177435
07/07/2026 13:45;177460;177460;177460;177460
07/07/2026 13:40;177400;177440;177385;177420
07/07/2026 13:35;177460;177490;177460;177490
07/07/2026 13:30;177460;177490;177460;177490
07/07/2026 13:25;177450;177490;177450;177490
07/07/2026 13:20;177505;177540;177480;177500
07/07/2026 13:15;177415;177445;177415;177445
07/07/2026 13:10;177365;177465;177365;177405
07/07/2026 13:05;177435;177480;177305;177355
07/07/2026 13:00;177460;177475;177400;177445
07/07/2026 12:55;177495;177495;177425;177425
07/07/2026 12:50;177425;177500;177415;177500
07/07/2026 12:45;177500;177535;177440;177440
07/07/2026 12:40;177425;177535;177425;177480
07/07/2026 12:35;177510;177510;177390;177395
07/07/2026 12:30;177620;177710;177620;177635
07/07/2026 12:25;177615;177615;177530;177550
07/07/2026 12:20;177575;177655;177555;177630
07/07/2026 12:15;177540;177620;177450;177545
07/07/2026 12:10;177800;177800;177590;177620
07/07/2026 12:05;177715;177805;177635;177800
07/07/2026 12:00;177935;177935;177710;177710
07/07/2026 11:55;178025;178045;177955;178010
07/07/2026 11:50;178100;178100;178000;178070
07/07/2026 11:45;178030;178260;178030;178235
07/07/2026 11:40;177840;178000;177840;177990
07/07/2026 11:35;177600;177790;177600;177760
07/07/2026 11:30;177560;177705;177550;177695
07/07/2026 11:25;177675;177695;177335;177580
07/07/2026 11:20;178030;178030;177655;177740
07/07/2026 11:15;178110;178140;177890;177940
07/07/2026 11:10;178390;178415;178200;178200
07/07/2026 11:05;178380;178630;178280;178420
07/07/2026 11:00;178460;178730;178280;178385
07/07/2026 10:55;178895;178895;178305;178305
07/07/2026 10:50;179180;179180;178840;178880
07/07/2026 10:45;179320;179525;179250;179250
07/07/2026 10:40;179245;179430;179160;179285
07/07/2026 10:35;179250;179455;179105;179345
07/07/2026 10:30;178500;179365;178500;179230
07/07/2026 10:25;178795;178795;178345;178430
07/07/2026 10:20;178945;178975;178750;178805
07/07/2026 10:15;178550;178880;178460;178880
07/07/2026 10:10;178690;178915;178470;178610
07/07/2026 10:05;178805;178805;178580;178745
07/07/2026 10:00;178975;179045;178625;178670
07/07/2026 09:55;178875;178975;178785;178785
07/07/2026 09:50;179000;179010;178850;178885
07/07/2026 09:45;179055;179055;178855;178905
07/07/2026 09:40;178915;179090;178890;179040
07/07/2026 09:35;179135;179150;178935;178935
07/07/2026 09:30;179185;179185;179000;179015
07/07/2026 09:25;179140;179300;179125;179220
07/07/2026 09:20;179120;179125;178900;179055
07/07/2026 09:15;179385;179385;179075;179185
07/07/2026 09:10;179295;179400;179090;179325
07/07/2026 09:05;178895;179290;178775;179085
07/07/2026 09:00;178000;178855;178000;178855
06/07/2026 18:20;178250;178275;178245;178275
06/07/2026 18:15;178320;178350;178250;178250
06/07/2026 18:10;178495;178495;178345;178365
06/07/2026 18:05;178520;178520;178430;178490
06/07/2026 18:00;178495;178570;178470;178540
06/07/2026 17:55;178505;178560;178505;178545
06/07/2026 17:45;178515;178515;178515;178515
06/07/2026 17:40;178425;178535;178425;178520
06/07/2026 17:35;178425;178425;178405;178410
06/07/2026 17:30;178375;178420;178370;178420
06/07/2026 17:25;178415;178415;178365;178375
06/07/2026 17:20;178415;178430;178415;178430
06/07/2026 17:15;178420;178420;178420;178420
06/07/2026 17:10;178445;178445;178400;178400
06/07/2026 17:05;178450;178450;178450;178450
06/07/2026 17:00;178375;178450;178375;178450
06/07/2026 16:55;178405;178450;178315;178350
06/07/2026 16:50;178400;178400;178380;178380
06/07/2026 16:45;178340;178340;178340;178340
06/07/2026 16:40;178340;178345;178340;178345
06/07/2026 16:35;178300;178300;178295;178295
06/07/2026 16:30;178375;178375;178360;178360
06/07/2026 16:25;178345;178420;178345;178420
06/07/2026 16:20;178305;178320;178270;178300
06/07/2026 16:15;178240;178290;178225;178290
06/07/2026 16:10;178270;178270;178165;178265
06/07/2026 16:05;178350;178350;178260;178280
06/07/2026 16:00;178370;178405;178345;178405
06/07/2026 15:55;178380;178395;178380;178385
06/07/2026 15:50;178430;178430;178395;178395
06/07/2026 15:45;178430;178525;178430;178525
06/07/2026 15:40;178485;178485;178430;178430
06/07/2026 15:35;178500;178525;178440;178440
06/07/2026 15:30;178575;178620;178515;178515
06/07/2026 15:25;178580;178610;178555;178555
06/07/2026 15:20;178530;178570;178505;178525
06/07/2026 15:15;178470;178550;178455;178550
06/07/2026 15:10;178440;178480;178300;178470
06/07/2026 15:05;178495;178525;178475;178475
06/07/2026 15:00;178540;178590;178440;178530
06/07/2026 14:55;178565;178590;178470;178480
06/07/2026 14:50;178500;178500;178470;178470
06/07/2026 14:45;178350;178565;178350;178515
06/07/2026 14:40;178310;178345;178290;178345
06/07/2026 14:35;178270;178270;178200;178220
06/07/2026 14:30;178300;178330;178285;178290
06/07/2026 14:25;178365;178465;178315;178315
06/07/2026 14:20;178105;178410;178100;178375
06/07/2026 14:15;178100;178120;178050;178115
06/07/2026 14:10;178085;178130;177965;178035
06/07/2026 14:05;178145;178210;178070;178210
06/07/2026 14:00;178080;178180;178060;178060
06/07/2026 13:55;177950;177990;177890;177990
06/07/2026 13:50;178070;178070;177995;177995
06/07/2026 13:45;177995;178090;177980;178090
06/07/2026 13:40;178050;178125;178020;178075
06/07/2026 13:35;177900;178040;177900;178040
06/07/2026 13:30;177900;177910;177850;177880
06/07/2026 13:25;177880;177915;177850;177900
06/07/2026 13:20;177950;177975;177845;177930
06/07/2026 13:15;177875;177950;177850;177950
06/07/2026 13:10;177920;177920;177875;177875
06/07/2026 13:05;177905;177925;177810;177885
06/07/2026 13:00;177945;177975;177945;177975
06/07/2026 12:55;177945;178000;177885;177975
06/07/2026 12:50;178005;178015;177910;177925
06/07/2026 12:45;178045;178065;177980;177980
06/07/2026 12:40;178175;178200;178035;178035
06/07/2026 12:35;178150;178180;178070;178165
06/07/2026 12:30;178035;178145;177995;178110
06/07/2026 12:25;177895;178050;177890;178025
06/07/2026 12:20;177815;177930;177815;177930
06/07/2026 12:15;178005;178020;177785;177830
06/07/2026 12:10;177945;178065;177915;177975
06/07/2026 12:05;177920;178025;177855;177950
06/07/2026 12:00;177815;177955;177810;177925
06/07/2026 11:55;177810;177875;177770;177870
06/07/2026 11:50;177715;177925;177705;177800
06/07/2026 11:45;177780;177845;177620;177730
06/07/2026 11:40;177850;177885;177700;177805
06/07/2026 11:35;178000;178000;177865;177875
06/07/2026 11:30;177900;177945;177890;177925
06/07/2026 11:25;178005;178160;177945;178030
06/07/2026 11:20;177980;178055;177935;177995
06/07/2026 11:15;177980;178025;177900;178025
06/07/2026 11:10;177860;178075;177850;178010
06/07/2026 11:05;178115;178165;177850;177855
06/07/2026 11:00;178410;178535;178080;178105
06/07/2026 10:55;178650;178655;178315;178450
06/07/2026 10:50;178990;178990;178565;178740
06/07/2026 10:45;178700;179210;178700;178990
06/07/2026 10:40;178475;178755;178400;178755
06/07/2026 10:35;178445;178645;178385;178400
06/07/2026 10:30;178410;178700;178300;178405
06/07/2026 10:25;178470;178495;178250;178440
06/07/2026 10:20;178710;178765;178490;178580
06/07/2026 10:15;178625;178870;178590;178665
06/07/2026 10:10;178790;179035;178685;178690
06/07/2026 10:05;178685;178970;178685;178755
06/07/2026 10:00;178820;178820;178580;178675
06/07/2026 09:55;178850;178890;178780;178890
06/07/2026 09:50;178905;178940;178815;178845
06/07/2026 09:45;179030;179035;178850;178850
06/07/2026 09:40;178950;179050;178870;179030
06/07/2026 09:35;179060;179060;178940;178950
06/07/2026 09:30;179095;179175;178995;179025
06/07/2026 09:25;179110;179110;178840;179050
06/07/2026 09:20;179340;179340;179075;179075
06/07/2026 09:15;179300;179625;179220;179505
06/07/2026 09:10;179230;179295;178950;179260
06/07/2026 09:05;179370;179440;179120;179255
06/07/2026 09:00;180550;180560;179250;179345
03/07/2026 18:20;180540;180540;180490;180490
03/07/2026 18:15;180560;180575;180525;180525
03/07/2026 18:10;180550;180590;180550;180585
03/07/2026 18:05;180615;180615;180590;180590
03/07/2026 17:55;180595;180595;180590;180590
03/07/2026 17:50;180635;180635;180605;180605
03/07/2026 17:45;180535;180565;180535;180545
03/07/2026 17:40;180545;180555;180540;180555
03/07/2026 17:35;180585;180610;180560;180570
03/07/2026 17:30;180475;180585;180475;180585
03/07/2026 17:25;180470;180470;180420;180430
03/07/2026 17:10;180400;180430;180400;180430
03/07/2026 17:05;180335;180400;180335;180365
03/07/2026 17:00;180400;180400;180370;180370
03/07/2026 16:55;180520;180565;180520;180565
03/07/2026 16:50;180365;180495;180340;180470
03/07/2026 16:40;180375;180375;180305;180335
03/07/2026 16:35;180365;180430;180365;180425
03/07/2026 16:30;180470;180470;180380;180380
03/07/2026 16:25;180475;180475;180445;180445
03/07/2026 16:20;180520;180600;180520;180570
03/07/2026 16:10;180540;180540;180475;180530
03/07/2026 16:05;180575;180610;180575;180610
03/07/2026 16:00;180575;180620;180575;180620
03/07/2026 15:55;180575;180620;180575;180620
03/07/2026 15:25;180600;180600;180600;180600
03/07/2026 15:15;180580;180600;180580;180600
03/07/2026 15:10;180585;180650;180585;180590
03/07/2026 15:05;180600;180600;180520;180520
03/07/2026 15:00;180635;180635;180630;180630
03/07/2026 14:55;180715;180720;180665;180720
03/07/2026 14:50;180700;180700;180700;180700
03/07/2026 14:45;180750;180760;180735;180760
03/07/2026 14:40;180820;180820;180780;180780
03/07/2026 14:35;180750;180825;180750;180825
03/07/2026 14:30;180750;180750;180730;180730
03/07/2026 14:25;180600;180750;180600;180750
03/07/2026 14:20;180580;180595;180520;180520
03/07/2026 14:15;180565;180565;180515;180515
03/07/2026 14:10;180690;180690;180565;180565
03/07/2026 14:05;180665;180665;180665;180665
03/07/2026 14:00;180630;180630;180615;180615
03/07/2026 13:55;180655;180655;180655;180655
03/07/2026 13:50;180650;180660;180650;180660
03/07/2026 13:45;180735;180735;180735;180735
03/07/2026 13:40;180745;180745;180685;180685
03/07/2026 13:30;180705;180730;180670;180730
03/07/2026 13:25;180805;180805;180725;180725
03/07/2026 13:15;180830;180830;180805;180805
03/07/2026 13:10;180890;180910;180805;180805
03/07/2026 13:05;180775;180945;180765;180845
03/07/2026 13:00;180750;180785;180705;180750
03/07/2026 12:55;180755;180755;180665;180690
03/07/2026 12:50;180680;180760;180680;180760
03/07/2026 12:45;180690;180740;180680;180680
03/07/2026 12:40;180715;180715;180715;180715
03/07/2026 12:35;180605;180750;180605;180695
03/07/2026 12:30;180595;180650;180550;180585
03/07/2026 12:25;180660;180660;180590;180610
03/07/2026 12:20;180595;180700;180580;180645
03/07/2026 12:15;180700;180700;180600;180670
03/07/2026 12:10;180560;180695;180525;180625
03/07/2026 12:05;180575;180640;180575;180580
03/07/2026 12:00;180465;180640;180465;180575
03/07/2026 11:55;180400;180530;180400;180405
03/07/2026 11:50;180360;180410;180350;180410
03/07/2026 11:45;180325;180325;180300;180305
03/07/2026 11:40;180440;180475;180350;180460
03/07/2026 11:35;180160;180470;180160;180375
03/07/2026 11:30;180250;180355;180200;180200
03/07/2026 11:25;180245;180250;180240;180250
03/07/2026 11:20;180200;180295;180200;180255
03/07/2026 11:15;180235;180335;180100;180115
03/07/2026 11:10;180430;180450;180175;180265
03/07/2026 11:05;180155;180445;180155;180410
03/07/2026 11:00;179860;180135;179860;180135
03/07/2026 10:55;179775;179910;179775;179860
03/07/2026 10:50;179660;179925;179660;179775
03/07/2026 10:45;179700;179700;179645;179645
03/07/2026 10:40;179645;179830;179550;179765
03/07/2026 10:35;179355;179650;179355;179650
03/07/2026 10:30;179460;179505;179200;179320
03/07/2026 10:25;179225;179680;179225;179485
03/07/2026 10:20;179410;179410;179075;179195
03/07/2026 10:15;179410;179665;179275;179385
03/07/2026 10:10;179670;179735;179455;179455
03/07/2026 10:05;180045;180045;179605;179650
03/07/2026 10:00;180170;180225;179905;180075
03/07/2026 09:55;180300;180300;180000;180010
03/07/2026 09:50;180285;180500;180245;180315
03/07/2026 09:45;180085;180255;180085;180255
03/07/2026 09:40;180185;180190;179995;180060
03/07/2026 09:35;180145;180300;180045;180255
03/07/2026 09:30;180475;180475;180145;180145
03/07/2026 09:25;180325;180500;180320;180375
03/07/2026 09:20;180145;180385;180140;180290
03/07/2026 09:15;180215;180305;180015;180240
03/07/2026 09:10;180180;180245;179900;180200
03/07/2026 09:05;179690;180455;179690;180280
03/07/2026 09:00;179200;179735;179200;179605
02/07/2026 18:20;178945;178945;178860;178880
02/07/2026 18:15;178990;178990;178920;178975
02/07/2026 18:10;179030;179035;179015;179020
02/07/2026 18:00;179070;179070;179070;179070
02/07/2026 17:55;179055;179070;179025;179070
02/07/2026 17:50;179060;179145;179050;179145
02/07/2026 17:45;179100;179100;179095;179095
02/07/2026 17:40;179080;179080;179080;179080
02/07/2026 17:30;179130;179165;179105;179105
02/07/2026 17:25;178980;179100;178980;179100
02/07/2026 17:20;179035;179035;179030;179030
02/07/2026 17:15;179035;179035;179035;179035
02/07/2026 17:10;179040;179040;179010;179025
02/07/2026 17:05;179105;179125;179025;179025
02/07/2026 17:00;179045;179110;178855;179080
02/07/2026 16:55;178795;179025;178795;179025
02/07/2026 16:50;178650;178700;178650;178700
02/07/2026 16:45;178715;178715;178595;178595
02/07/2026 16:40;178675;178760;178665;178730
02/07/2026 16:35;178645;178645;178645;178645
02/07/2026 16:30;178595;178595;178585;178595
02/07/2026 16:25;178615;178615;178440;178555
02/07/2026 16:20;178630;178630;178630;178630
02/07/2026 16:15;178675;178675;178620;178660
02/07/2026 16:10;178740;178740;178680;178730
02/07/2026 16:05;178840;178840;178780;178780
02/07/2026 16:00;178910;178940;178800;178800
02/07/2026 15:55;178985;179050;178985;179000
02/07/2026 15:50;178960;178985;178930;178945
02/07/2026 15:45;178870;179000;178795;178960
02/07/2026 15:40;178970;178970;178930;178930
02/07/2026 15:35;178920;178935;178840;178900
02/07/2026 15:30;178740;178985;178740;178855
02/07/2026 15:25;178535;178725;178470;178725
02/07/2026 15:20;178410;178500;178410;178495
02/07/2026 15:15;178475;178475;178360;178395
02/07/2026 15:10;178625;178625;178510;178515
02/07/2026 15:05;178525;178615;178440;178600
02/07/2026 15:00;178305;178490;178295;178440
02/07/2026 14:55;178385;178435;178315;178315
02/07/2026 14:50;178435;178440;178320;178370
02/07/2026 14:45;178400;178495;178380;178465
02/07/2026 14:40;178385;178415;178350;178375
02/07/2026 14:35;178390;178400;178315;178320
02/07/2026 14:30;178405;178500;178405;178430
02/07/2026 14:25;178375;178435;178375;178435
02/07/2026 14:20;178500;178500;178380;178400
02/07/2026 14:15;178460;178575;178455;178505
02/07/2026 14:10;178550;178550;178440;178525
02/07/2026 14:05;178440;178565;178440;178490
02/07/2026 14:00;178295;178500;178295;178410
02/07/2026 13:55;178435;178435;178250;178255
02/07/2026 13:50;178590;178590;178450;178450
02/07/2026 13:45;178510;178595;178435;178550
02/07/2026 13:40;178395;178535;178395;178505
02/07/2026 13:35;178500;178500;178350;178375
02/07/2026 13:30;178395;178470;178355;178395
02/07/2026 13:25;178425;178500;178350;178370
02/07/2026 13:20;178535;178595;178250;178425
02/07/2026 13:15;178560;178615;178535;178580
02/07/2026 13:10;178460;178665;178460;178595
02/07/2026 13:05;178565;178590;178415;178425
02/07/2026 13:00;178600;178730;178575;178605
02/07/2026 12:55;178600;178600;178460;178460
02/07/2026 12:50;178485;178500;178435;178500
02/07/2026 12:45;178555;178600;178555;178600
02/07/2026 12:40;178585;178615;178575;178615
02/07/2026 12:35;178500;178570;178485;178570
02/07/2026 12:30;178500;178545;178440;178440
02/07/2026 12:25;178465;178575;178350;178350
02/07/2026 12:20;178160;178500;178120;178500
02/07/2026 12:15;178400;178455;178030;178145
02/07/2026 12:10;178480;178520;178450;178460
02/07/2026 12:05;178550;178550;178185;178235
02/07/2026 12:00;178715;178880;178625;178670
02/07/2026 11:55;178655;178750;178620;178745
02/07/2026 11:50;178675;178705;178535;178685
02/07/2026 11:45;178600;178800;178510;178750
02/07/2026 11:40;178560;178665;178410;178645
02/07/2026 11:35;178910;178935;178555;178660
02/07/2026 11:30;178955;179300;178860;178875
02/07/2026 11:25;179200;179300;178950;179000
02/07/2026 11:20;179615;179615;179250;179250
02/07/2026 11:15;179830;179880;179685;179685
02/07/2026 11:10;179600;179720;179490;179695
02/07/2026 11:05;179735;179805;179670;179670
02/07/2026 11:00;179770;179940;179650;179940
02/07/2026 10:55;180130;180130;179525;179720
02/07/2026 10:50;180285;180485;180100;180175
02/07/2026 10:45;180535;180790;180300;180320
02/07/2026 10:40;180235;180595;180150;180575
02/07/2026 10:35;179410;180200;179410;180160
02/07/2026 10:30;179000;179425;179000;179260
02/07/2026 10:25;179215;179250;178850;178945
02/07/2026 10:20;179300;179350;179060;179240
02/07/2026 10:15;179710;179710;179245;179350
02/07/2026 10:10;179550;179710;179375;179400
02/07/2026 10:05;179450;179565;179445;179500
02/07/2026 10:00;179580;179600;179020;179370
02/07/2026 09:55;179505;179505;179390;179495
02/07/2026 09:50;179580;179580;179465;179465
02/07/2026 09:45;179960;179970;179440;179590
02/07/2026 09:40;180270;180365;180000;180090
02/07/2026 09:35;179815;180265;179725;180245
02/07/2026 09:30;178700;179870;178290;179840
02/07/2026 09:25;178440;178745;178440;178685
02/07/2026 09:20;178275;178500;178200;178405
02/07/2026 09:15;178420;178550;178230;178230
02/07/2026 09:10;178345;178410;178270;178370
02/07/2026 09:05;178400;178400;177940;178250
02/07/2026 09:00;178075;178605;177685;178460
01/07/2026 18:20;178300;178300;178295;178295
01/07/2026 18:15;178235;178280;178235;178280
01/07/2026 18:10;178175;178245;178160;178245
01/07/2026 18:05;178230;178280;178180;178270
01/07/2026 18:00;178230;178265;178230;178265
01/07/2026 17:55;178375;178375;178260;178260
01/07/2026 17:50;178200;178300;178200;178300
01/07/2026 17:45;178155;178155;178150;178150
01/07/2026 17:40;178255;178255;178255;178255
01/07/2026 17:35;178030;178185;178030;178185
01/07/2026 17:30;178020;178095;178020;178095
01/07/2026 17:25;177965;177965;177950;177950
01/07/2026 17:20;177950;177960;177950;177960
01/07/2026 17:15;178045;178045;177960;177960
01/07/2026 17:10;178080;178105;178080;178090
01/07/2026 17:05;178070;178090;178070;178090
01/07/2026 17:00;177935;178010;177850;178010
01/07/2026 16:55;177990;178020;177935;177990
01/07/2026 16:50;178070;178070;177965;177990
01/07/2026 16:45;178190;178200;178140;178140
01/07/2026 16:40;178075;178170;178065;178125
01/07/2026 16:35;178000;178130;177995;178080
01/07/2026 16:30;178060;178065;177940;177940
01/07/2026 16:25;178095;178190;178070;178070
01/07/2026 16:20;178120;178255;178120;178255
01/07/2026 16:15;178040;178215;178040;178160
01/07/2026 16:10;178040;178050;177990;178050
01/07/2026 16:05;177750;178285;177750;178055
01/07/2026 16:00;177860;177910;177750;177750
01/07/2026 15:50;177740;177775;177740;177775
01/07/2026 15:40;177800;177800;177800;177800
01/07/2026 15:35;177765;177765;177765;177765
01/07/2026 15:30;177790;177815;177750;177750
01/07/2026 15:25;177870;177870;177840;177840
01/07/2026 15:20;177750;177960;177750;177860
01/07/2026 15:15;177710;177750;177650;177710
01/07/2026 15:10;177820;177820;177660;177775
01/07/2026 15:05;177925;177925;177835;177845
01/07/2026 15:00;178000;178030;177925;177925
01/07/2026 14:55;177830;177910;177795;177910
01/07/2026 14:50;177945;177945;177745;177850
01/07/2026 14:45;178230;178230;177880;177890
01/07/2026 14:40;178250;178300;178250;178265
01/07/2026 14:35;178280;178295;178260;178260
01/07/2026 14:30;178195;178195;178125;178170
01/07/2026 14:25;178260;178260;178260;178260
01/07/2026 14:20;178260;178260;178260;178260
01/07/2026 14:15;178185;178220;178185;178220
01/07/2026 14:10;178225;178250;178225;178225
01/07/2026 14:05;178290;178335;178195;178195
01/07/2026 14:00;178160;178420;178115;178335
01/07/2026 13:55;178060;178130;178030;178055
01/07/2026 13:50;178200;178200;178075;178110
01/07/2026 13:45;178260;178320;178260;178320
01/07/2026 13:40;178315;178375;178315;178360
01/07/2026 13:35;178230;178370;178230;178315
01/07/2026 13:30;178270;178330;178200;178200
01/07/2026 13:25;178030;178250;178000;178250
01/07/2026 13:20;178090;178090;178075;178075
01/07/2026 13:15;178130;178135;178105;178105
01/07/2026 13:10;178120;178135;178120;178125
01/07/2026 13:05;178185;178190;178115;178115
01/07/2026 13:00;178035;178120;178020;178020
01/07/2026 12:55;178120;178125;177965;178030
01/07/2026 12:50;178005;178250;177995;178150
01/07/2026 12:45;178150;178185;178010;178010
01/07/2026 12:40;177800;178125;177800;178125
01/07/2026 12:35;177550;177800;177550;177715
01/07/2026 12:30;177330;177495;177330;177495
01/07/2026 12:25;177380;177560;177295;177350
01/07/2026 12:20;177310;177330;177220;177295
01/07/2026 12:15;177425;177425;177275;177305
01/07/2026 12:10;177320;177410;177250;177315
01/07/2026 12:05;177510;177560;177285;177350
01/07/2026 12:00;177395;177550;177385;177515
01/07/2026 11:55;177615;177655;177415;177450
01/07/2026 11:50;177540;177850;177540;177665
01/07/2026 11:45;177720;177740;177440;177465
01/07/2026 11:40;177830;177830;177575;177590
01/07/2026 11:35;177920;177920;177780;177875
01/07/2026 11:30;177790;177885;177740;177860
01/07/2026 11:25;177665;177820;177645;177820
01/07/2026 11:20;178120;178150;177730;177730
01/07/2026 11:15;177745;178200;177730;177965
01/07/2026 11:10;177465;177820;177465;177765
01/07/2026 11:05;177555;177680;177475;177550
01/07/2026 11:00;177640;177640;177455;177545
01/07/2026 10:55;177485;177700;177450;177515
01/07/2026 10:50;177615;177700;177300;177415
01/07/2026 10:45;177760;177945;177550;177700
01/07/2026 10:40;177450;177800;177205;177800
01/07/2026 10:35;176940;177600;176940;177485
01/07/2026 10:30;176620;176865;176340;176865
01/07/2026 10:25;176380;176700;176220;176585
01/07/2026 10:20;176185;176595;176155;176425
01/07/2026 10:15;176085;176395;175975;176230
01/07/2026 10:10;176010;176185;175805;176075
01/07/2026 10:05;176060;176130;175890;176030
01/07/2026 10:00;176140;176260;175990;176135
01/07/2026 09:55;176280;176380;176035;176100
01/07/2026 09:50;176260;176285;175925;176235
01/07/2026 09:45;176110;176230;176110;176215
01/07/2026 09:40;176140;176175;176075;176100
01/07/2026 09:35;176230;176235;176110;176180
01/07/2026 09:30;176385;176455;176170;176175
01/07/2026 09:25;176380;176510;176245;176380
01/07/2026 09:20;176445;176600;176320;176450
01/07/2026 09:15;176915;176955;176400;176415
01/07/2026 09:10;176820;177170;176690;177000
01/07/2026 09:05;176530;176960;176450;176885
01/07/2026 09:00;177760;177890;176550;176550
30/06/2026 18:20;178360;178400;178295;178330
30/06/2026 18:15;178300;178385;178275;178365
30/06/2026 18:10;178370;178370;178350;178350
30/06/2026 18:05;178350;178350;178350;178350
30/06/2026 18:00;178400;178400;178315;178315
30/06/2026 17:55;178420;178420;178420;178420
30/06/2026 17:50;178410;178415;178400;178400
30/06/2026 17:45;178385;178405;178345;178345
30/06/2026 17:35;178285;178315;178285;178285
30/06/2026 17:30;178345;178345;178335;178335
30/06/2026 17:25;178360;178360;178280;178335
30/06/2026 17:20;178385;178385;178385;178385
30/06/2026 17:15;178470;178470;178390;178400
30/06/2026 17:10;178500;178500;178500;178500
30/06/2026 17:05;178530;178530;178485;178530
30/06/2026 17:00;178510;178585;178510;178510
30/06/2026 16:55;178455;178545;178455;178490
30/06/2026 16:50;178560;178560;178460;178460
30/06/2026 16:45;178630;178630;178570;178580
30/06/2026 16:40;178630;178630;178595;178620
30/06/2026 16:35;178685;178715;178590;178590
30/06/2026 16:30;178675;178765;178670;178670
30/06/2026 16:25;178545;178610;178500;178610
30/06/2026 16:20;178635;178635;178530;178530
30/06/2026 16:15;178600;178610;178565;178600
30/06/2026 16:10;178570;178575;178555;178575
30/06/2026 16:05;178680;178680;178575;178650
30/06/2026 16:00;178775;178775;178710;178710
30/06/2026 15:55;178800;178850;178740;178760
30/06/2026 15:50;178735;178735;178720;178720
30/06/2026 15:45;178675;178805;178650;178805
30/06/2026 15:40;178730;178740;178705;178720
30/06/2026 15:35;178735;178815;178735;178760
30/06/2026 15:30;178850;178850;178695;178700
30/06/2026 15:25;179025;179025;178860;178860
30/06/2026 15:20;179045;179070;179015;179020
30/06/2026 15:15;179005;179070;178935;178990
30/06/2026 15:10;178945;178990;178875;178990
30/06/2026 15:05;178925;178955;178880;178945
30/06/2026 15:00;179070;179075;178890;178955
30/06/2026 14:55;179080;179165;179080;179100
30/06/2026 14:50;178945;179125;178945;179105
30/06/2026 14:45;178900;178950;178900;178920
30/06/2026 14:40;178685;178890;178685;178875
30/06/2026 14:35;178720;178720;178720;178720
30/06/2026 14:30;178735;178785;178685;178730
30/06/2026 14:25;178690;178790;178685;178785
30/06/2026 14:20;178655;178690;178575;178575
30/06/2026 14:15;178655;178730;178655;178730
30/06/2026 14:10;178485;178670;178485;178655
30/06/2026 14:05;178525;178535;178410;178480
30/06/2026 14:00;178480;178625;178480;178585
30/06/2026 13:55;178585;178585;178475;178475
30/06/2026 13:50;178540;178540;178490;178535
30/06/2026 13:45;178610;178610;178610;178610
30/06/2026 13:40;178665;178755;178665;178695
30/06/2026 13:35;178745;178745;178535;178680
30/06/2026 13:30;178820;178820;178695;178720
30/06/2026 13:25;178770;178895;178770;178805
30/06/2026 13:20;178610;178775;178605;178755
30/06/2026 13:15;178620;178620;178510;178535
30/06/2026 13:10;178650;178655;178535;178590
30/06/2026 13:05;178395;178650;178395;178650
30/06/2026 13:00;178500;178500;178405;178405
30/06/2026 12:55;178365;178390;178345;178345
30/06/2026 12:50;178385;178400;178290;178290
30/06/2026 12:45;178285;178375;178230;178295
30/06/2026 12:40;178125;178265;178125;178265
30/06/2026 12:35;178250;178300;178140;178140
30/06/2026 12:30;178085;178105;178085;178105
30/06/2026 12:25;178060;178300;178060;178150
30/06/2026 12:20;178095;178095;177915;177965
30/06/2026 12:15;178270;178270;178015;178080
30/06/2026 12:10;178270;178435;178270;178270
30/06/2026 12:05;178025;178230;178025;178230
30/06/2026 12:00;177870;178065;177870;177955
30/06/2026 11:55;177700;177890;177590;177890
30/06/2026 11:50;177780;177925;177715;177715
30/06/2026 11:45;177955;177955;177720;177720
30/06/2026 11:40;177750;177890;177750;177890
30/06/2026 11:35;177675;177815;177675;177815
30/06/2026 11:30;177760;177865;177605;177800
30/06/2026 11:25;177935;177940;177695;177755
30/06/2026 11:20;177940;178000;177730;177865
30/06/2026 11:15;178285;178515;177895;177895
30/06/2026 11:10;177845;178320;177845;178260
30/06/2026 11:05;177585;177900;177585;177760
30/06/2026 11:00;177500;177590;177255;177545
30/06/2026 10:55;177460;177640;177345;177525
30/06/2026 10:50;177285;177600;177245;177505
30/06/2026 10:45;177080;177580;177080;177365
30/06/2026 10:40;177085;177085;176780;177035
30/06/2026 10:35;177190;177265;177065;177085
30/06/2026 10:30;177425;177625;177110;177210
30/06/2026 10:25;177485;177615;177220;177400
30/06/2026 10:20;177645;177685;177370;177525
30/06/2026 10:15;177435;177625;177270;177585
30/06/2026 10:10;177815;177980;177415;177435
30/06/2026 10:05;177920;177950;177590;177860
30/06/2026 10:00;178335;178345;177875;177955
30/06/2026 09:55;178475;178625;178330;178390
30/06/2026 09:50;178870;178895;178455;178495
30/06/2026 09:45;178755;178870;178730;178825
30/06/2026 09:40;178740;178850;178565;178845
30/06/2026 09:35;178680;178740;178420;178650
30/06/2026 09:30;178510;178750;178495;178625
30/06/2026 09:25;178155;178500;178085;178475
30/06/2026 09:20;178505;178660;178165;178175
30/06/2026 09:15;178670;178670;178220;178560
30/06/2026 09:10;179475;179475;178635;178670
30/06/2026 09:05;179585;179805;179300;179505
30/06/2026 09:00;179650;179745;179180;179500
29/06/2026 18:20;179620;179620;179500;179500
29/06/2026 18:15;179730;179730;179585;179645
29/06/2026 18:10;179585;179730;179585;179650
29/06/2026 18:05;179590;179590;179570;179570
29/06/2026 18:00;179690;179690;179630;179645
29/06/2026 17:55;179705;179720;179665;179720
29/06/2026 17:40;179695;179695;179695;179695
29/06/2026 17:35;179725;179725;179690;179695
29/06/2026 17:30;179770;179775;179770;179775
29/06/2026 17:25;179795;179800;179780;179780
29/06/2026 17:20;179715;179785;179715;179785
29/06/2026 17:15;179675;179700;179675;179700
29/06/2026 17:05;179705;179710;179645;179645
29/06/2026 17:00;179650;179695;179650;179695
29/06/2026 16:55;179570;179585;179545;179585
29/06/2026 16:50;179605;179700;179605;179620
29/06/2026 16:45;179585;179645;179540;179645
29/06/2026 16:40;179615;179645;179535;179550
29/06/2026 16:35;179650;179670;179585;179585
29/06/2026 16:30;179710;179740;179645;179645
29/06/2026 16:25;179890;179890;179700;179760
29/06/2026 16:20;179925;179925;179925;179925
29/06/2026 16:15;179925;179925;179875;179880
29/06/2026 16:10;179905;179925;179905;179925
29/06/2026 16:05;179965;179975;179845;179890
29/06/2026 16:00;179975;179985;179905;179905
29/06/2026 15:55;179945;179955;179945;179955
29/06/2026 15:50;180020;180020;179945;179945
29/06/2026 15:45;180110;180120;180035;180040
29/06/2026 15:40;180050;180110;180050;180110
29/06/2026 15:35;180000;180045;179985;180045
29/06/2026 15:30;179930;180015;179930;180015
29/06/2026 15:25;179945;179970;179945;179970
29/06/2026 15:20;179965;180010;179965;180010
29/06/2026 15:15;179945;179945;179900;179900
29/06/2026 15:10;179890;179990;179890;179990
29/06/2026 15:05;179865;179890;179815;179860
29/06/2026 15:00;179895;179895;179820;179885
29/06/2026 14:55;179775;179795;179775;179795
29/06/2026 14:50;179780;179780;179765;179765
29/06/2026 14:45;179700;179725;179690;179725
29/06/2026 14:40;179790;179790;179720;179720
29/06/2026 14:35;179830;179830;179795;179795
29/06/2026 14:30;179805;179805;179750;179780
29/06/2026 14:25;179865;179865;179850;179850
29/06/2026 14:20;179900;179900;179900;179900
29/06/2026 14:15;179920;179920;179835;179845
29/06/2026 14:10;179770;179905;179770;179905
29/06/2026 14:05;179870;179870;179860;179860
29/06/2026 14:00;179745;179855;179745;179855
29/06/2026 13:55;179835;179835;179735;179750
29/06/2026 13:50;179880;179975;179830;179860
29/06/2026 13:45;179720;179925;179720;179925
29/06/2026 13:40;179640;179695;179625;179695
29/06/2026 13:35;179650;179710;179650;179670
29/06/2026 13:30;179445;179600;179440;179570
29/06/2026 13:25;179270;179425;179270;179425
29/06/2026 13:20;179345;179365;179275;179275
29/06/2026 13:15;179235;179315;179235;179310
29/06/2026 13:10;179210;179245;179195;179220
29/06/2026 13:05;179080;179120;179080;179120
29/06/2026 13:00;178995;179115;178985;179105
29/06/2026 12:55;179010;179075;179000;179075
29/06/2026 12:50;179180;179180;179015;179070
29/06/2026 12:45;179140;179180;179140;179180
29/06/2026 12:40;179165;179165;179105;179160
29/06/2026 12:35;179240;179265;179060;179135
29/06/2026 12:30;179375;179375;179275;179320
29/06/2026 12:25;179350;179390;179350;179375
29/06/2026 12:20;179265;179330;179220;179280
29/06/2026 12:15;179435;179470;179275;179290
29/06/2026 12:10;179400;179415;179265;179335
29/06/2026 12:05;179380;179430;179325;179380
29/06/2026 12:00;179550;179580;179255;179350
29/06/2026 11:55;179435;179460;179400;179460
29/06/2026 11:50;179545;179560;179485;179530
29/06/2026 11:45;179615;179615;179420;179550
29/06/2026 11:40;179500;179665;179500;179655
29/06/2026 11:35;179835;179900;179530;179530
29/06/2026 11:30;179725;179885;179725;179765
29/06/2026 11:25;179715;180020;179715;179770
29/06/2026 11:20;179575;179805;179575;179725
29/06/2026 11:15;179250;179650;179250;179640
29/06/2026 11:10;179385;179385;179190;179195
29/06/2026 11:05;179285;179305;179055;179305
29/06/2026 11:00;179490;179540;179235;179375
29/06/2026 10:55;179550;179600;179115;179540
29/06/2026 10:50;179530;179650;179450;179615
29/06/2026 10:45;179480;179620;179480;179530
29/06/2026 10:40;178950;179500;178950;179335
29/06/2026 10:35;178870;178950;178710;178950
29/06/2026 10:30;179530;179545;178900;178900
29/06/2026 10:25;179795;179840;179545;179545
29/06/2026 10:20;179940;180020;179705;179775
29/06/2026 10:15;179960;180015;179855;179905
29/06/2026 10:10;180005;180415;180005;180095
29/06/2026 10:05;180070;180165;179925;179970
29/06/2026 10:00;180095;180200;179820;180140
29/06/2026 09:55;179940;180095;179935;180045
29/06/2026 09:50;179745;179950;179745;179855
29/06/2026 09:45;179550;179750;179550;179745
29/06/2026 09:40;179425;179580;179335;179550
29/06/2026 09:35;179885;179920;179430;179445
29/06/2026 09:30;179645;179900;179595;179850
29/06/2026 09:25;179560;179600;179440;179470
29/06/2026 09:20;180000;180000;179500;179530
29/06/2026 09:15;180110;180130;179920;179920
29/06/2026 09:10;180080;180115;179820;180080
29/06/2026 09:05;180360;180360;179970;180120
29/06/2026 09:00;180565;181000;180225;180400
26/06/2026 18:20;179890;179945;179865;179865
26/06/2026 18:15;179940;179990;179900;179900
26/06/2026 18:10;180035;180035;179910;179960
26/06/2026 18:05;180175;180200;180065;180075
26/06/2026 18:00;180075;180160;179925;180115
26/06/2026 17:55;180130;180140;180085;180085
26/06/2026 17:50;180045;180105;180045;180105
26/06/2026 17:45;180020;180090;180020;180085
26/06/2026 17:40;179950;179950;179950;179950
26/06/2026 17:35;179955;179990;179930;179990
26/06/2026 17:30;180170;180170;179990;179995
26/06/2026 17:25;180175;180265;180175;180265
26/06/2026 17:20;179980;180175;179980;180175
26/06/2026 17:15;179945;179945;179945;179945
26/06/2026 17:10;179915;179915;179915;179915
26/06/2026 17:05;179885;180010;179850;180010
26/06/2026 17:00;180000;180060;179990;180025
26/06/2026 16:55;180000;180055;179900;179930
26/06/2026 16:50;179925;180000;179890;180000
26/06/2026 16:45;179965;179980;179850;179915
26/06/2026 16:40;180020;180020;179915;179965
26/06/2026 16:35;180085;180105;180045;180045
26/06/2026 16:30;180015;180090;179945;180090
26/06/2026 16:25;180080;180120;180080;180120
26/06/2026 16:20;180085;180100;179980;180065
26/06/2026 16:15;180160;180170;180070;180070
26/06/2026 16:10;180140;180150;180140;180150
26/06/2026 16:05;180140;180175;180050;180110
26/06/2026 16:00;180195;180245;180155;180165
26/06/2026 15:55;180155;180180;180110;180180
26/06/2026 15:50;180140;180195;180070;180195
26/06/2026 15:45;180250;180250;180100;180150
26/06/2026 15:40;180300;180300;180260;180260
26/06/2026 15:35;180350;180350;180270;180320
26/06/2026 15:30;180455;180490;180315;180315
26/06/2026 15:25;180580;180630;180425;180425
26/06/2026 15:20;180360;180545;180360;180530
26/06/2026 15:15;180415;180455;180370;180425
26/06/2026 15:10;180475;180475;180395;180395
26/06/2026 15:05;180570;180570;180475;180475
26/06/2026 15:00;180345;180605;180345;180525
26/06/2026 14:55;180335;180400;180335;180375
26/06/2026 14:50;180400;180425;180365;180405
26/06/2026 14:45;180420;180450;180380;180380
26/06/2026 14:40;180300;180430;180300;180400
26/06/2026 14:35;180370;180370;180250;180250
26/06/2026 14:30;180395;180395;180300;180350
26/06/2026 14:25;180305;180325;180290;180290
26/06/2026 14:20;180200;180265;180130;180230
26/06/2026 14:15;180300;180300;180200;180200
26/06/2026 14:10;180395;180395;180295;180315
26/06/2026 14:05;180300;180455;180260;180425
26/06/2026 14:00;180140;180330;180140;180330
26/06/2026 13:55;180080;180105;180005;180105
26/06/2026 13:50;179950;180045;179940;180045
26/06/2026 13:45;180095;180095;179950;180005
26/06/2026 13:40;180250;180265;180115;180115
26/06/2026 13:35;180340;180405;180205;180255
26/06/2026 13:30;180120;180345;180120;180345
26/06/2026 13:25;180050;180080;180050;180050
26/06/2026 13:20;180180;180180;180075;180135
26/06/2026 13:15;180230;180230;180230;180230
26/06/2026 13:10;180080;180100;180065;180075
26/06/2026 13:05;180175;180260;180145;180145
26/06/2026 13:00;180230;180240;180180;180220
26/06/2026 12:55;179895;180220;179895;180180
26/06/2026 12:50;180025;180025;179845;179845
26/06/2026 12:45;180060;180220;180060;180095
26/06/2026 12:40;180060;180060;180050;180050
26/06/2026 12:35;179870;180060;179790;180060
26/06/2026 12:30;180045;180130;179850;179850
26/06/2026 12:25;179820;180015;179785;180005
26/06/2026 12:20;179715;179860;179700;179785
26/06/2026 12:15;179570;179795;179520;179720
26/06/2026 12:10;179700;179740;179585;179690
26/06/2026 12:05;179555;179750;179480;179725
26/06/2026 12:00;179525;179650;179525;179555
26/06/2026 11:55;179425;179480;179425;179480
26/06/2026 11:50;179400;179590;179400;179445
26/06/2026 11:45;179185;179335;179075;179335
26/06/2026 11:40;179350;179400;179225;179230
26/06/2026 11:35;179015;179320;179000;179320
26/06/2026 11:30;178920;179150;178855;179000
26/06/2026 11:25;179020;179020;178820;178960
26/06/2026 11:20;178990;179290;178990;179070
26/06/2026 11:15;178280;179000;178280;179000
26/06/2026 11:10;178355;178355;178285;178285
26/06/2026 11:05;178100;178250;178000;178250
26/06/2026 11:00;178285;178385;178115;178230
26/06/2026 10:55;177955;178250;177955;178235
26/06/2026 10:50;177900;177960;177780;177900
26/06/2026 10:45;177685;177905;177550;177880
26/06/2026 10:40;177655;177715;177600;177685
26/06/2026 10:35;178110;178110;177750;177760
26/06/2026 10:30;177830;178115;177830;177930
26/06/2026 10:25;177750;177940;177595;177770
26/06/2026 10:20;177810;177905;177660;177865
26/06/2026 10:15;177855;177855;177490;177660
26/06/2026 10:10;178075;178145;177915;177950
26/06/2026 10:05;178180;178305;177950;177985
26/06/2026 10:00;178200;178200;177930;178065
26/06/2026 09:55;178395;178395;178230;178265
26/06/2026 09:50;178310;178470;178305;178360
26/06/2026 09:45;178335;178515;178335;178460
26/06/2026 09:40;178390;178390;178195;178385
26/06/2026 09:35;178600;178605;178370;178370
26/06/2026 09:30;178750;178800;178600;178620
26/06/2026 09:25;178740;178790;178645;178745
26/06/2026 09:20;178940;178940;178550;178690
26/06/2026 09:15;178815;179210;178815;178940
26/06/2026 09:10;178430;178750;178365;178750
26/06/2026 09:05;178065;178620;178065;178475
26/06/2026 09:00;177605;178190;177465;178050
25/06/2026 18:20;178470;178470;178355;178355
25/06/2026 18:15;178475;178520;178470;178475
25/06/2026 18:10;178505;178565;178505;178530
25/06/2026 18:00;178590;178590;178500;178500
25/06/2026 17:55;178560;178560;178535;178535
25/06/2026 17:50;178600;178620;178540;178540
25/06/2026 17:45;178585;178585;178550;178560
25/06/2026 17:40;178645;178645;178530;178550
25/06/2026 17:35;178655;178665;178605;178605
25/06/2026 17:30;178690;178690;178615;178645
25/06/2026 17:25;178735;178745;178735;178745
25/06/2026 17:15;178705;178735;178705;178735
25/06/2026 17:10;178700;178725;178660;178660
25/06/2026 17:05;178635;178670;178630;178670
25/06/2026 17:00;178595;178735;178595;178640
25/06/2026 16:55;178500;178500;178425;178495
25/06/2026 16:50;178565;178565;178540;178540
25/06/2026 16:45;178640;178640;178540;178540
25/06/2026 16:40;178805;178805;178665;178665
25/06/2026 16:30;178705;178705;178690;178700
25/06/2026 16:25;178850;178850;178830;178830
25/06/2026 16:20;178710;178785;178710;178765
25/06/2026 16:10;178895;178895;178895;178895
25/06/2026 16:05;178805;178850;178785;178850
25/06/2026 16:00;178730;178730;178715;178715
25/06/2026 15:50;178675;178800;178655;178800
25/06/2026 15:45;178775;178775;178650;178650
25/06/2026 15:40;178640;178640;178640;178640
25/06/2026 15:35;178710;178725;178610;178705
25/06/2026 15:30;179005;179005;178695;178705
25/06/2026 15:25;179065;179115;179025;179025
25/06/2026 15:20;178970;179020;178970;179015
25/06/2026 15:15;178735;179035;178735;179035
25/06/2026 15:10;178885;178885;178790;178790
25/06/2026 15:05;178600;178935;178550;178935
25/06/2026 15:00;179135;179135;178645;178680
25/06/2026 14:55;179215;179260;179150;179160
25/06/2026 14:50;179145;179200;179145;179160
25/06/2026 14:45;179010;179010;179010;179010
25/06/2026 14:35;179150;179155;179150;179155
25/06/2026 14:25;178950;179130;178920;179065
25/06/2026 14:20;178850;179015;178850;178975
25/06/2026 14:15;179300;179345;178895;178895
25/06/2026 14:05;179445;179445;179445;179445
25/06/2026 14:00;179400;179420;179400;179400
25/06/2026 13:55;179530;179530;179305;179340
25/06/2026 13:50;179330;179505;179270;179505
25/06/2026 13:45;179275;179285;179255;179285
25/06/2026 13:40;179360;179360;179200;179200
25/06/2026 13:35;179585;179585;179360;179360
25/06/2026 13:30;179655;179655;179590;179590
25/06/2026 13:25;179650;179650;179650;179650
25/06/2026 13:20;179850;179850;179785;179785
25/06/2026 13:15;179850;179900;179850;179895
25/06/2026 13:10;179750;179875;179750;179850
25/06/2026 13:05;179655;179655;179655;179655
25/06/2026 13:00;179570;179570;179570;179570
25/06/2026 12:55;179615;179615;179615;179615
25/06/2026 12:50;179630;179630;179500;179585
25/06/2026 12:45;179690;179760;179680;179700
25/06/2026 12:40;179625;179760;179625;179760
25/06/2026 12:35;179580;179620;179565;179620
25/06/2026 12:30;179525;179610;179525;179605
25/06/2026 12:25;179390;179500;179380;179495
25/06/2026 12:20;179230;179450;179230;179425
25/06/2026 12:15;179065;179250;179035;179220
25/06/2026 12:10;179160;179160;178960;179110
25/06/2026 12:05;179295;179385;179085;179125
25/06/2026 12:00;179190;179250;179000;179250
25/06/2026 11:55;179220;179250;179100;179220
25/06/2026 11:50;179600;179600;179210;179250
25/06/2026 11:45;179790;179790;179455;179510
25/06/2026 11:40;179780;179780;179700;179755
25/06/2026 11:35;179815;179935;179660;179915
25/06/2026 11:30;179655;179825;179510;179820
25/06/2026 11:25;179310;179635;179310;179635
25/06/2026 11:20;179150;179360;179080;179290
25/06/2026 11:15;178880;178900;178630;178900
25/06/2026 11:10;179005;179140;178730;178775
25/06/2026 11:05;178805;179005;178605;179005
25/06/2026 11:00;178040;178830;178040;178805
25/06/2026 10:55;178100;178100;177860;177915
25/06/2026 10:50;178135;178370;178100;178360
25/06/2026 10:45;178075;178165;177855;178010
25/06/2026 10:40;177630;178075;177630;178075
25/06/2026 10:35;177900;178000;177575;177670
25/06/2026 10:30;178445;178570;177785;177810
25/06/2026 10:25;178770;178780;178265;178445
25/06/2026 10:20;179005;179015;178625;178905
25/06/2026 10:15;179210;179470;178985;179040
25/06/2026 10:10;178345;179255;178345;179210
25/06/2026 10:05;178330;178460;178285;178400
25/06/2026 10:00;178175;178220;178085;178195
25/06/2026 09:55;178205;178265;178170;178170
25/06/2026 09:50;178500;178535;178245;178245
25/06/2026 09:45;178770;178900;178590;178590
25/06/2026 09:40;178780;178780;178580;178780
25/06/2026 09:35;178865;178910;178645;178770
25/06/2026 09:30;178365;178880;178305;178880
25/06/2026 09:25;178020;178375;178010;178375
25/06/2026 09:20;178540;178540;178025;178120
25/06/2026 09:15;178140;178540;178075;178540
25/06/2026 09:10;178480;178480;178170;178220
25/06/2026 09:05;177755;178720;177755;178680
25/06/2026 09:00;177650;178775;177460;177730
24/06/2026 18:20;177970;177970;177845;177845
24/06/2026 18:15;178055;178055;177945;177960
24/06/2026 18:10;178085;178180;178035;178045
24/06/2026 18:05;178005;178110;177975;178110
24/06/2026 18:00;177880;178000;177880;178000
24/06/2026 17:55;177820;177850;177820;177840
24/06/2026 17:50;177710;177850;177710;177850
24/06/2026 17:45;177795;177795;177695;177695
24/06/2026 17:40;177690;177785;177690;177770
24/06/2026 17:30;177650;177675;177565;177565
24/06/2026 17:25;177560;177575;177560;177575
24/06/2026 17:20;177545;177605;177540;177545
24/06/2026 17:15;177510;177525;177475;177525
24/06/2026 17:10;177545;177665;177545;177600
24/06/2026 17:05;177325;177540;177325;177530
24/06/2026 17:00;177195;177405;177190;177365
24/06/2026 16:55;177220;177220;177145;177145
24/06/2026 16:50;177200;177220;177130;177220
24/06/2026 16:45;177180;177180;177165;177165
24/06/2026 16:40;177145;177175;177115;177130
24/06/2026 16:35;177125;177180;177100;177180
24/06/2026 16:30;177240;177240;177150;177150
24/06/2026 16:25;177325;177395;177285;177330
24/06/2026 16:20;177270;177270;177225;177230
24/06/2026 16:15;177310;177385;177270;177305
24/06/2026 16:10;177150;177315;177100;177315
24/06/2026 16:05;177050;177070;177000;177070
24/06/2026 16:00;177145;177170;177075;177075
24/06/2026 15:55;177080;177080;177055;177070
24/06/2026 15:50;176890;177230;176890;177220
24/06/2026 15:45;177015;177015;176850;176910
24/06/2026 15:40;176945;177060;176945;177060
24/06/2026 15:35;177010;177010;176915;176915
24/06/2026 15:30;176955;176995;176910;176995
24/06/2026 15:25;176870;177010;176870;176915
24/06/2026 15:20;176880;176950;176870;176950
24/06/2026 15:15;176905;177070;176900;176960
24/06/2026 15:10;176870;177000;176815;176905
24/06/2026 15:05;176760;176870;176760;176870
24/06/2026 15:00;176755;176755;176755;176755
24/06/2026 14:55;176685;176860;176675;176675
24/06/2026 14:50;176565;176685;176460;176685
24/06/2026 14:45;176365;176560;176345;176510
24/06/2026 14:40;176475;176485;176400;176410
24/06/2026 14:35;176550;176550;176470;176510
24/06/2026 14:30;176500;176615;176490;176605
24/06/2026 14:25;176410;176530;176305;176490
24/06/2026 14:20;176605;176645;176480;176480
24/06/2026 14:15;176640;176680;176540;176675
24/06/2026 14:10;176735;176735;176675;176675
24/06/2026 14:05;176750;176750;176725;176725
24/06/2026 14:00;176895;176995;176895;176995
24/06/2026 13:55;176955;176955;176860;176890
24/06/2026 13:50;177035;177065;176970;176970
24/06/2026 13:45;176915;177060;176915;177020
24/06/2026 13:40;176930;176995;176860;176930
24/06/2026 13:35;177180;177190;176905;177015
24/06/2026 13:30;176870;177150;176870;177055
24/06/2026 13:25;176890;176890;176860;176865
24/06/2026 13:20;176835;176970;176835;176895
24/06/2026 13:15;176775;176775;176775;176775
24/06/2026 13:10;176780;176780;176780;176780
24/06/2026 13:05;176700;176750;176650;176700
24/06/2026 13:00;176750;176750;176750;176750
24/06/2026 12:55;176890;176890;176790;176790
24/06/2026 12:50;176930;176930;176830;176830
24/06/2026 12:45;176880;177000;176880;177000
24/06/2026 12:35;176850;176850;176820;176850
24/06/2026 12:30;177035;177035;176680;176955
24/06/2026 12:25;176810;176995;176805;176980
24/06/2026 12:20;177125;177160;176830;176840
24/06/2026 12:15;176935;177030;176930;177030
24/06/2026 12:10;176610;176905;176610;176905
24/06/2026 12:05;176855;176855;176490;176540
24/06/2026 12:00;176675;176835;176580;176815
24/06/2026 11:55;176490;176655;176480;176655
24/06/2026 11:50;176865;176865;176445;176490
24/06/2026 11:45;176660;176940;176660;176825
24/06/2026 11:40;176325;176610;176270;176610
24/06/2026 11:35;176535;176700;176245;176365
24/06/2026 11:30;176625;176625;176450;176535
24/06/2026 11:25;176630;176700;176490;176670
24/06/2026 11:20;176850;176900;176655;176655
24/06/2026 11:15;177115;177115;176860;176860
24/06/2026 11:10;177100;177115;176885;177000
24/06/2026 11:05;177140;177175;177105;177125
24/06/2026 11:00;177080;177350;176915;177035
24/06/2026 10:55;177410;177410;176825;177040
24/06/2026 10:50;177125;177525;177125;177295
24/06/2026 10:45;177290;177290;177000;177115
24/06/2026 10:40;177155;177350;177065;177350
24/06/2026 10:35;177075;177450;176950;177330
24/06/2026 10:30;178060;178100;177055;177140
24/06/2026 10:25;177645;178035;177615;177975
24/06/2026 10:20;177490;177750;177375;177655
24/06/2026 10:15;177270;177465;176985;177465
24/06/2026 10:10;177040;177360;176975;177180
24/06/2026 10:05;176765;177025;176650;177025
24/06/2026 10:00;176735;176900;175970;176750
24/06/2026 09:55;176780;176850;176610;176735
24/06/2026 09:50;176680;176815;176670;176815
24/06/2026 09:45;176735;176810;176560;176595
24/06/2026 09:40;176710;176710;176645;176695
24/06/2026 09:35;176760;176760;176630;176630
24/06/2026 09:30;176820;176870;176570;176685
24/06/2026 09:25;176675;176855;176610;176765
24/06/2026 09:20;176875;176920;176610;176630
24/06/2026 09:15;176910;177095;176780;176865
24/06/2026 09:10;177260;177260;176825;176840
24/06/2026 09:05;177840;177880;177130;177365
24/06/2026 09:00;177945;178450;177565;177890
23/06/2026 18:20;178565;178565;178460;178510
23/06/2026 18:15;178605;178650;178575;178585
23/06/2026 18:10;178545;178645;178545;178610
23/06/2026 18:05;178545;178570;178525;178555
23/06/2026 18:00;178390;178560;178375;178560
23/06/2026 17:55;178395;178480;178380;178395
23/06/2026 17:50;178345;178370;178345;178370
23/06/2026 17:45;178345;178350;178345;178350
23/06/2026 17:40;178260;178375;178240;178375
23/06/2026 17:35;178310;178310;178290;178290
23/06/2026 17:30;178310;178310;178275;178275
23/06/2026 17:25;178315;178315;178315;178315
23/06/2026 17:20;178290;178335;178290;178315
23/06/2026 17:15;178180;178290;178170;178290
23/06/2026 17:10;178155;178245;178155;178160
23/06/2026 17:05;178110;178140;178110;178140
23/06/2026 17:00;178080;178080;178000;178030
23/06/2026 16:55;178150;178150;178060;178115
23/06/2026 16:50;178175;178250;178140;178230
23/06/2026 16:45;178350;178350;178180;178180
23/06/2026 16:40;178330;178380;178290;178380
23/06/2026 16:35;178385;178490;178360;178360
23/06/2026 16:30;178340;178385;178245;178375
23/06/2026 16:25;178260;178345;178260;178300
23/06/2026 16:20;178060;178300;178060;178250
23/06/2026 16:10;178105;178175;178095;178095
23/06/2026 16:05;178005;178010;177945;178010
23/06/2026 16:00;177940;177995;177920;177990
23/06/2026 15:55;177910;177950;177880;177920
23/06/2026 15:50;177905;177950;177875;177875
23/06/2026 15:45;177860;177865;177805;177865
23/06/2026 15:40;177930;177930;177860;177860
23/06/2026 15:35;177955;178025;177955;177970
23/06/2026 15:30;177860;177945;177850;177945
23/06/2026 15:25;178050;178075;177915;177915
23/06/2026 15:20;178125;178125;178055;178055
23/06/2026 15:15;178205;178205;178150;178150
23/06/2026 15:10;178185;178200;178185;178200
23/06/2026 15:05;178195;178195;178145;178145
23/06/2026 15:00;178270;178315;178205;178205
23/06/2026 14:55;178185;178215;178175;178175
23/06/2026 14:50;178250;178250;178190;178190
23/06/2026 14:45;178255;178335;178245;178250
23/06/2026 14:40;178225;178225;178225;178225
23/06/2026 14:35;178155;178175;178120;178120
23/06/2026 14:30;178200;178200;178120;178175
23/06/2026 14:25;178135;178255;178100;178255
23/06/2026 14:20;178140;178235;178135;178195
23/06/2026 14:15;178150;178150;178100;178100
23/06/2026 14:10;178045;178235;178045;178150
23/06/2026 14:05;178090;178090;177955;178040
23/06/2026 13:55;178150;178150;178050;178125
23/06/2026 13:50;178205;178255;178205;178210
23/06/2026 13:45;178200;178245;178175;178245
23/06/2026 13:40;178200;178245;178200;178245
23/06/2026 13:35;178220;178245;178190;178215
23/06/2026 13:30;178165;178430;178100;178240
23/06/2026 13:25;178210;178215;178120;178150
23/06/2026 13:20;178020;178215;178020;178215
23/06/2026 13:15;178075;178075;177960;177960
23/06/2026 13:10;178150;178285;178100;178125
23/06/2026 13:05;177750;178105;177750;178100
23/06/2026 13:00;177585;177710;177565;177710
23/06/2026 12:55;177500;177585;177500;177530
23/06/2026 12:50;177310;177500;177310;177500
23/06/2026 12:45;177305;177305;177225;177305
23/06/2026 12:40;177265;177390;177265;177390
23/06/2026 12:35;177430;177460;177275;177275
23/06/2026 12:30;177575;177635;177455;177455
23/06/2026 12:25;177600;177630;177520;177520
23/06/2026 12:20;177650;177690;177600;177600
23/06/2026 12:15;177755;177795;177655;177725
23/06/2026 12:10;177905;177935;177680;177680
23/06/2026 12:05;177835;178000;177835;177860
23/06/2026 12:00;177600;177865;177580;177800
23/06/2026 11:55;177800;177800;177510;177630
23/06/2026 11:50;177725;177890;177690;177720
23/06/2026 11:45;177505;177800;177475;177775
23/06/2026 11:40;177450;177610;177360;177605
23/06/2026 11:35;177390;177440;177340;177395
23/06/2026 11:30;177390;177470;177245;177245
23/06/2026 11:25;177240;177500;177140;177500
23/06/2026 11:20;177200;177405;177200;177305
23/06/2026 11:15;176735;177215;176735;177215
23/06/2026 11:10;176905;176905;176755;176770
23/06/2026 11:05;176960;177135;176915;176915
23/06/2026 11:00;176565;177115;176525;177010
23/06/2026 10:55;176505;176655;176410;176545
23/06/2026 10:50;176350;176530;176350;176530
23/06/2026 10:45;176145;176295;175980;176225
23/06/2026 10:40;176520;176520;176085;176125
23/06/2026 10:35;176600;176795;176370;176560
23/06/2026 10:30;176000;176745;176000;176705
23/06/2026 10:25;175575;176030;175550;176030
23/06/2026 10:20;175675;175675;175345;175350
23/06/2026 10:15;175740;175825;175515;175715
23/06/2026 10:10;175270;175725;175210;175725
23/06/2026 10:05;175405;175435;175130;175220
23/06/2026 10:00;175500;175550;175370;175445
23/06/2026 09:55;175420;175440;175280;175410
23/06/2026 09:50;175385;175480;175220;175480
23/06/2026 09:45;175585;175600;175375;175435
23/06/2026 09:40;175500;175550;175465;175550
23/06/2026 09:35;175515;175560;175455;175550
23/06/2026 09:30;175410;175685;175385;175595
23/06/2026 09:25;175560;175600;175415;175425
23/06/2026 09:20;175745;175750;175485;175570
23/06/2026 09:15;175550;175750;175550;175685
23/06/2026 09:10;175650;175655;175470;175600
23/06/2026 09:05;175765;175895;175190;175665
23/06/2026 09:00;176160;176160;175735;175815
22/06/2026 18:20;177270;177270;177155;177155
22/06/2026 18:15;177350;177390;177320;177320
22/06/2026 18:10;177340;177350;177325;177345
22/06/2026 18:05;177305;177360;177305;177325
22/06/2026 18:00;177370;177375;177270;177320
22/06/2026 17:55;177370;177395;177320;177395
22/06/2026 17:50;177290;177375;177260;177375
22/06/2026 17:45;177275;177305;177275;177305
22/06/2026 17:40;177280;177320;177280;177285
22/06/2026 17:35;177255;177275;177255;177255
22/06/2026 17:30;177165;177240;177165;177240
22/06/2026 17:25;177145;177145;177115;177115
22/06/2026 17:20;177090;177165;177090;177165
22/06/2026 17:15;177125;177125;177060;177060
22/06/2026 17:10;177070;177125;177065;177120
22/06/2026 17:05;177115;177120;177020;177100
22/06/2026 17:00;177225;177225;177225;177225
22/06/2026 16:55;177265;177265;177245;177245
22/06/2026 16:50;177340;177340;177330;177330
22/06/2026 16:45;177345;177345;177345;177345
22/06/2026 16:40;177470;177470;177255;177300
22/06/2026 16:35;177450;177495;177450;177495
22/06/2026 16:30;177420;177420;177345;177405
22/06/2026 16:25;177465;177465;177450;177450
22/06/2026 16:20;177535;177545;177500;177500
22/06/2026 16:10;177520;177560;177475;177560
22/06/2026 16:05;177480;177600;177455;177550
22/06/2026 16:00;177270;177525;177270;177515
22/06/2026 15:50;177345;177395;177270;177270
22/06/2026 15:45;177425;177425;177425;177425
22/06/2026 15:40;177335;177335;177335;177335
22/06/2026 15:35;177300;177300;177300;177300
22/06/2026 15:30;177240;177240;177240;177240
22/06/2026 15:25;177275;177275;177275;177275
22/06/2026 15:20;177285;177380;177275;177380
22/06/2026 15:10;177275;177290;177275;177285
22/06/2026 15:05;177155;177155;177155;177155
22/06/2026 15:00;177175;177250;177175;177200
22/06/2026 14:55;177070;177070;177070;177070
22/06/2026 14:50;177145;177165;177060;177060
22/06/2026 14:45;176980;177060;176980;177060
22/06/2026 14:40;177045;177085;177005;177005
22/06/2026 14:35;176975;176975;176935;176935
22/06/2026 14:30;177145;177145;177050;177050
22/06/2026 14:25;177245;177250;177175;177195
22/06/2026 14:20;177295;177295;177295;177295
22/06/2026 14:15;177380;177520;177380;177440
22/06/2026 14:10;177330;177330;177330;177330
22/06/2026 14:05;177370;177370;177300;177350
22/06/2026 14:00;177345;177485;177345;177440
22/06/2026 13:55;177395;177425;177310;177415
22/06/2026 13:50;177315;177350;177295;177350
22/06/2026 13:45;177205;177300;177205;177255
22/06/2026 13:40;177245;177250;177245;177250
22/06/2026 13:35;177190;177295;177190;177250
22/06/2026 13:30;177020;177200;177020;177200
22/06/2026 13:25;176990;176990;176990;176990
22/06/2026 13:20;177035;177065;176890;176960
22/06/2026 13:15;176770;176945;176770;176945
22/06/2026 13:10;176770;176770;176770;176770
22/06/2026 13:05;176790;176825;176790;176810
22/06/2026 13:00;176900;176925;176825;176865
22/06/2026 12:55;176995;177105;176995;177105
22/06/2026 12:50;177005;177005;176950;176975
22/06/2026 12:45;177245;177245;176985;176985
22/06/2026 12:30;177210;177220;177190;177190
22/06/2026 12:25;177170;177285;177150;177285
22/06/2026 12:20;177100;177200;177095;177200
22/06/2026 12:15;177310;177355;177240;177240
22/06/2026 12:10;177230;177360;177230;177340
22/06/2026 12:05;177400;177400;177200;177200
22/06/2026 12:00;177550;177575;177465;177465
22/06/2026 11:55;177120;177520;177120;177450
22/06/2026 11:50;176985;176985;176885;176885
22/06/2026 11:45;176835;177135;176835;176985
22/06/2026 11:40;176905;176905;176875;176875
22/06/2026 11:35;176905;176905;176905;176905
22/06/2026 11:30;176785;176905;176710;176905
22/06/2026 11:25;176915;177100;176885;176900
22/06/2026 11:20;176775;176870;176750;176750
22/06/2026 11:15;176920;176960;176800;176825
22/06/2026 11:10;176775;177035;176765;177015
22/06/2026 11:05;176750;176750;176560;176585
22/06/2026 11:00;176470;176675;176470;176675
22/06/2026 10:55;176815;176815;176655;176655
22/06/2026 10:50;176335;176870;176335;176870
22/06/2026 10:45;176395;176425;176225;176400
22/06/2026 10:40;176225;176225;175950;176155
22/06/2026 10:35;176330;176375;176015;176280
22/06/2026 10:30;176965;176965;176370;176380
22/06/2026 10:25;177020;177195;176950;176950
22/06/2026 10:20;176655;177125;176560;177125
22/06/2026 10:15;176595;176880;176555;176835
22/06/2026 10:10;175830;176550;175715;176550
22/06/2026 10:05;175505;176000;175465;175795
22/06/2026 10:00;175120;175780;175120;175480
22/06/2026 09:55;175235;175235;175060;175140
22/06/2026 09:50;175120;175300;175035;175280
22/06/2026 09:45;175105;175145;175055;175145
22/06/2026 09:40;175010;175220;174985;175215
22/06/2026 09:35;175105;175150;174975;175040
22/06/2026 09:30;175065;175110;175065;175110
22/06/2026 09:25;174850;174950;174825;174865
22/06/2026 09:20;174780;174930;174725;174905
22/06/2026 09:15;174565;175200;174565;174855
22/06/2026 09:10;174425;174735;174425;174585
22/06/2026 09:05;174140;174425;173975;174425
22/06/2026 09:00;175205;175260;173990;174050
19/06/2026 18:20;175450;175610;175450;175450
19/06/2026 18:15;175255;175400;175000;175400
19/06/2026 18:10;175240;175260;175240;175260
19/06/2026 18:05;175165;175180;175165;175180
19/06/2026 18:00;175165;175255;175165;175215
19/06/2026 17:55;175070;175115;175070;175115
19/06/2026 17:50;175055;175070;175045;175070
19/06/2026 17:45;175045;175070;175045;175070
19/06/2026 17:40;175085;175085;175060;175060
19/06/2026 17:35;175115;175140;175045;175045
19/06/2026 17:30;175140;175140;175140;175140
19/06/2026 17:20;175115;175115;175115;175115
19/06/2026 17:15;175095;175095;175095;175095
19/06/2026 17:10;175175;175215;175130;175130
19/06/2026 17:05;175055;175135;175055;175135
19/06/2026 17:00;175025;175035;175020;175035
19/06/2026 16:55;175205;175205;175160;175160
19/06/2026 16:50;175305;175305;175240;175240
19/06/2026 16:45;175080;175310;175080;175310
19/06/2026 16:40;175120;175120;175000;175040
19/06/2026 16:35;175165;175165;175075;175075
19/06/2026 16:30;175180;175180;175150;175150
19/06/2026 16:25;175165;175225;175165;175225
19/06/2026 16:20;175265;175285;175265;175285
19/06/2026 16:15;175225;175225;175180;175180
19/06/2026 16:10;175320;175320;175205;175205
19/06/2026 16:05;175260;175305;175260;175305
19/06/2026 16:00;175390;175390;175215;175220
19/06/2026 15:55;175445;175445;175405;175405
19/06/2026 15:40;175445;175490;175400;175490
19/06/2026 15:35;175355;175355;175355;175355
19/06/2026 15:30;175380;175390;175340;175375
19/06/2026 15:25;175470;175470;175470;175470
19/06/2026 15:20;175420;175495;175400;175450
19/06/2026 15:15;175505;175505;175425;175425
19/06/2026 15:10;175460;175500;175440;175500
19/06/2026 15:05;175460;175460;175360;175390
19/06/2026 15:00;175430;175520;175425;175450
19/06/2026 14:55;175510;175525;175490;175525
19/06/2026 14:50;175500;175635;175480;175535
19/06/2026 14:45;175415;175565;175325;175540
19/06/2026 14:40;175215;175465;175215;175395
19/06/2026 14:35;175165;175250;175160;175180
19/06/2026 14:30;175035;175225;175020;175160
19/06/2026 14:25;175030;175105;174995;175015
19/06/2026 14:20;175025;175055;175020;175050
19/06/2026 14:15;174945;175000;174945;174965
19/06/2026 14:00;174775;174810;174770;174810
19/06/2026 13:55;174770;174770;174735;174760
19/06/2026 13:50;174920;174925;174770;174800
19/06/2026 13:45;174910;174920;174870;174920
19/06/2026 13:35;174905;174905;174800;174800
19/06/2026 13:30;175010;175010;174970;174970
19/06/2026 13:25;175050;175110;175050;175110
19/06/2026 13:20;175015;175055;175015;175025
19/06/2026 13:10;174965;174965;174925;174925
19/06/2026 13:05;175040;175040;174945;174945
19/06/2026 13:00;175100;175115;175100;175115
19/06/2026 12:55;175025;175040;175000;175040
19/06/2026 12:50;175100;175100;175000;175000
19/06/2026 12:45;175200;175200;175200;175200
19/06/2026 12:40;175140;175140;175140;175140
19/06/2026 12:35;175160;175160;175150;175150
19/06/2026 12:30;175245;175245;175100;175100
19/06/2026 12:25;175295;175295;175170;175170
19/06/2026 12:20;175320;175320;175260;175270
19/06/2026 12:15;175400;175400;175325;175325
19/06/2026 12:10;175380;175465;175375;175395
19/06/2026 12:05;175190;175345;175190;175320
19/06/2026 12:00;175190;175190;175190;175190
19/06/2026 11:55;175245;175305;175215;175285
19/06/2026 11:50;175210;175285;175190;175285
19/06/2026 11:45;175185;175185;175085;175085
19/06/2026 11:40;175165;175275;175165;175275
19/06/2026 11:30;175260;175380;175215;175215
19/06/2026 11:25;175265;175305;175265;175295
19/06/2026 11:20;175185;175185;175080;175115
19/06/2026 11:15;175240;175240;175140;175235
19/06/2026 11:10;175250;175365;175210;175265
19/06/2026 11:05;175040;175240;175040;175200
19/06/2026 11:00;174590;175000;174590;174915
19/06/2026 10:55;174725;174800;174500;174500
19/06/2026 10:50;174920;175000;174700;174700
19/06/2026 10:45;175080;175080;174880;174880
19/06/2026 10:40;175300;175300;175080;175135
19/06/2026 10:35;175230;175250;175175;175245
19/06/2026 10:30;175250;175250;174895;175120
19/06/2026 10:25;175440;175575;175300;175300
19/06/2026 10:20;175300;175480;175300;175400
19/06/2026 10:15;175225;175260;175025;175230
19/06/2026 10:10;175360;175660;175235;175235
19/06/2026 10:05;175230;175400;175230;175400
19/06/2026 10:00;175145;175215;175115;175165
19/06/2026 09:55;175270;175340;175190;175220
19/06/2026 09:50;174945;175310;174945;175215
19/06/2026 09:45;175025;175025;174850;174960
19/06/2026 09:40;174880;175080;174880;175080
19/06/2026 09:35;174800;174805;174750;174800
19/06/2026 09:30;174670;174865;174670;174865
19/06/2026 09:25;174805;174805;174620;174635
19/06/2026 09:20;174915;174915;174730;174870
19/06/2026 09:15;174845;174935;174670;174935
19/06/2026 09:10;174970;175005;174780;174945
19/06/2026 09:05;175130;175160;174980;175000
19/06/2026 09:00;175200;175890;175010;175140
18/06/2026 18:20;175540;175685;175510;175685
18/06/2026 18:15;175580;175580;175575;175575
18/06/2026 18:10;175515;175545;175515;175545
18/06/2026 18:05;175610;175610;175500;175500
18/06/2026 18:00;175435;175600;175435;175520
18/06/2026 17:55;175400;175490;175400;175490
18/06/2026 17:45;175395;175405;175395;175405
18/06/2026 17:40;175410;175425;175410;175425
18/06/2026 17:35;175400;175415;175305;175415
18/06/2026 17:30;175400;175445;175395;175445
18/06/2026 17:25;175375;175380;175375;175380
18/06/2026 17:20;175380;175380;175320;175320
18/06/2026 17:15;175350;175350;175350;175350
18/06/2026 17:10;175335;175400;175335;175400
18/06/2026 17:00;175255;175345;175255;175345
18/06/2026 16:55;175345;175370;175345;175370
18/06/2026 16:50;175295;175310;175290;175290
18/06/2026 16:40;175090;175185;175090;175185
18/06/2026 16:35;175235;175255;175140;175140
18/06/2026 16:30;175235;175235;175235;175235
18/06/2026 16:25;175335;175340;175315;175340
18/06/2026 16:20;175320;175440;175320;175345
18/06/2026 16:15;175200;175245;175200;175245
18/06/2026 16:05;175280;175345;175280;175345
18/06/2026 16:00;175225;175225;175225;175225
18/06/2026 15:55;175300;175300;175245;175270
18/06/2026 15:50;175430;175435;175415;175435
18/06/2026 15:45;175330;175375;175330;175375
18/06/2026 15:40;175395;175410;175370;175405
18/06/2026 15:35;175350;175395;175335;175395
18/06/2026 15:30;175365;175550;175365;175420
18/06/2026 15:25;175300;175370;175300;175370
18/06/2026 15:20;175270;175395;175270;175380
18/06/2026 15:15;175080;175335;175080;175335
18/06/2026 15:10;175105;175165;175105;175110
18/06/2026 15:05;174985;175055;174880;175055
18/06/2026 15:00;175090;175130;174930;174975
18/06/2026 14:50;175035;175225;175035;175180
18/06/2026 14:45;175065;175065;175015;175035
18/06/2026 14:40;175180;175185;174980;175050
18/06/2026 14:35;175180;175180;175110;175130
18/06/2026 14:30;175180;175230;175130;175230
18/06/2026 14:25;175230;175230;175110;175110
18/06/2026 14:20;175230;175280;175230;175260
18/06/2026 14:15;175130;175330;175130;175280
18/06/2026 14:10;175180;175200;175080;175200
18/06/2026 14:05;175265;175265;175190;175195
18/06/2026 14:00;175250;175380;175250;175280
18/06/2026 13:55;175130;175250;175130;175250
18/06/2026 13:50;175130;175135;175080;175080
18/06/2026 13:45;175130;175130;175130;175130
18/06/2026 13:40;175075;175110;175060;175080
18/06/2026 13:30;175195;175195;175030;175030
18/06/2026 13:25;175110;175155;175110;175155
18/06/2026 13:20;174955;175010;174935;175010
18/06/2026 13:15;175050;175100;174995;174995
18/06/2026 13:10;175115;175150;175050;175100
18/06/2026 13:05;175250;175300;175100;175100
18/06/2026 13:00;175350;175350;175250;175255
18/06/2026 12:55;175445;175450;175445;175450
18/06/2026 12:50;175495;175575;175495;175515
18/06/2026 12:45;175400;175550;175400;175445
18/06/2026 12:40;175300;175530;175300;175420
18/06/2026 12:35;175475;175475;175300;175330
18/06/2026 12:30;175600;175725;175500;175500
18/06/2026 12:25;175555;175720;175540;175670
18/06/2026 12:20;175705;175755;175590;175590
18/06/2026 12:15;175710;175840;175585;175620
18/06/2026 12:10;175805;175855;175565;175755
18/06/2026 12:05;175755;175795;175650;175650
18/06/2026 12:00;175845;175950;175755;175755
18/06/2026 11:55;175990;176135;175800;175845
18/06/2026 11:50;176020;176080;175940;175990
18/06/2026 11:45;176305;176305;176025;176205
18/06/2026 11:40;176450;176460;176335;176335
18/06/2026 11:35;176400;176675;176325;176635
18/06/2026 11:30;176330;176565;176330;176400
18/06/2026 11:25;176275;176275;176170;176170
18/06/2026 11:20;176175;176320;176100;176320
18/06/2026 11:15;175900;176240;175900;176240
18/06/2026 11:10;175895;176000;175895;175975
18/06/2026 11:05;175875;176020;175815;176020
18/06/2026 11:00;175780;175985;175730;175845
18/06/2026 10:55;175995;176040;175830;175920
18/06/2026 10:50;176120;176240;175825;175995
18/06/2026 10:45;175790;176070;175710;176070
18/06/2026 10:40;175365;175960;175300;175960
18/06/2026 10:35;175490;175705;175350;175350
18/06/2026 10:30;175455;175745;175400;175400
18/06/2026 10:25;175110;175395;174875;175320
18/06/2026 10:20;175240;175240;174970;175095
18/06/2026 10:15;175180;175450;175170;175270
18/06/2026 10:10;175255;175255;175050;175050
18/06/2026 10:05;175315;175465;175220;175290
18/06/2026 10:00;175205;175610;175135;175270
18/06/2026 09:55;175100;175100;175005;175005
18/06/2026 09:50;175025;175125;175025;175070
18/06/2026 09:45;175115;175115;174980;175105
18/06/2026 09:40;175020;175300;174980;175040
18/06/2026 09:35;174860;174960;174810;174920
18/06/2026 09:30;175000;175100;174890;174940
18/06/2026 09:25;174815;174980;174790;174980
18/06/2026 09:20;174865;175025;174700;174850
18/06/2026 09:15;174970;174970;174755;174950
18/06/2026 09:10;174365;175040;174340;175025
18/06/2026 09:05;174500;174680;173970;174380
18/06/2026 09:00;175300;175500;174140;174360
17/06/2026 18:20;175285;175300;175285;175300
17/06/2026 18:15;175140;175220;175020;175020
17/06/2026 18:10;175150;175150;175150;175150
17/06/2026 17:55;175245;175295;175245;175295
17/06/2026 17:50;175200;175200;175155;175155
17/06/2026 17:40;175200;175200;175160;175160
17/06/2026 17:35;175400;175400;175400;175400
17/06/2026 17:30;175400;175450;175400;175450
17/06/2026 17:25;175400;175450;175375;175450
17/06/2026 17:15;175180;175280;175150;175280
17/06/2026 17:10;175280;175330;175280;175330
17/06/2026 17:00;175195;175195;175195;175195
17/06/2026 16:55;175350;175350;175290;175290
17/06/2026 16:45;175095;175255;175095;175255
17/06/2026 16:40;175000;175000;175000;175000
17/06/2026 16:35;175530;175580;175205;175205
17/06/2026 16:30;175500;175565;175500;175565
17/06/2026 16:25;175735;175735;175550;175550
17/06/2026 16:20;176270;176270;175735;175735
17/06/2026 16:15;176675;176675;176270;176270
17/06/2026 16:10;176655;176655;176655;176655
17/06/2026 16:05;177055;177055;176850;176850
17/06/2026 16:00;177210;177210;177075;177075
17/06/2026 15:55;177385;177420;177225;177225
17/06/2026 15:45;177760;177760;177395;177395
17/06/2026 15:35;177500;177570;177425;177560
17/06/2026 15:30;177500;177570;177250;177250
17/06/2026 15:25;177250;177250;177100;177100
17/06/2026 15:20;177345;177345;177345;177345
17/06/2026 15:15;177180;177345;177180;177345
17/06/2026 15:10;177425;177450;177185;177270
17/06/2026 15:05;177350;177350;177000;177290
17/06/2026 15:00;178510;178510;177400;177400
17/06/2026 14:50;178550;178785;178550;178785
17/06/2026 14:45;178500;178585;178385;178560
17/06/2026 14:40;178290;178440;178290;178440
17/06/2026 14:35;178360;178490;178360;178490
17/06/2026 14:30;178410;178410;178380;178380
17/06/2026 14:15;178750;178750;178625;178625
17/06/2026 14:10;179120;179120;179120;179120
17/06/2026 14:05;178950;179040;178950;179040
17/06/2026 14:00;178775;178855;178775;178850
17/06/2026 13:55;178675;178835;178625;178625
17/06/2026 13:50;178660;178660;178530;178600
17/06/2026 13:45;178405;178530;178405;178530
17/06/2026 13:40;178500;178500;178500;178500
17/06/2026 13:35;178440;178615;178440;178615
17/06/2026 13:25;178645;178645;178640;178640
17/06/2026 13:20;178550;178550;178550;178550
17/06/2026 13:15;178485;178485;178485;178485
17/06/2026 13:05;178400;178400;178400;178400
17/06/2026 12:40;178150;178150;178150;178150
17/06/2026 12:35;178350;178350;178350;178350
17/06/2026 12:25;178290;178300;178290;178300
17/06/2026 12:20;178250;178250;178250;178250
17/06/2026 12:15;178160;178165;177995;177995
17/06/2026 12:10;178195;178215;178195;178215
17/06/2026 12:05;178045;178045;178045;178045
17/06/2026 12:00;178200;178200;178200;178200
17/06/2026 11:50;178400;178400;178400;178400
17/06/2026 11:45;178060;178060;178060;178060
17/06/2026 11:35;178360;178500;178275;178500
17/06/2026 11:30;178655;178655;178565;178565
17/06/2026 11:25;178440;178440;178440;178440
17/06/2026 11:15;178010;178235;177955;178235
17/06/2026 11:10;178105;178140;178105;178140
17/06/2026 11:05;178325;178465;178325;178465
17/06/2026 11:00;177885;178295;177885;178295
17/06/2026 10:55;177805;177835;177805;177835
17/06/2026 10:50;177900;177900;177810;177810
17/06/2026 10:45;178130;178130;178060;178125
17/06/2026 10:40;178000;178000;177900;177900
17/06/2026 10:35;178500;178500;177925;177925
17/06/2026 10:30;178000;178855;178000;178500
17/06/2026 10:25;178215;178215;177985;177985
17/06/2026 10:20;178250;178400;178250;178400
17/06/2026 10:15;177940;178185;177805;178170
17/06/2026 10:10;177735;177735;177735;177735
17/06/2026 10:05;177700;177830;177700;177830
17/06/2026 10:00;177400;177400;177400;177400
17/06/2026 09:55;177595;177700;177595;177700
17/06/2026 09:50;177400;177500;177400;177500
17/06/2026 09:45;177385;177385;177385;177385
17/06/2026 09:40;177290;177370;177200;177200
17/06/2026 09:35;177060;177060;177060;177060
17/06/2026 09:30;177185;177260;177185;177260
17/06/2026 09:25;177240;177485;177175;177460
17/06/2026 09:20;177225;177225;177140;177140
17/06/2026 09:15;176840;177175;176680;177175
17/06/2026 09:10;176830;177220;176775;176835
17/06/2026 09:05;176795;177130;176690;176780
17/06/2026 09:00;176690;176765;176070;176070
16/06/2026 18:15;176600;176815;176600;176815
16/06/2026 17:45;176500;176500;176500;176500
16/06/2026 17:30;176675;176675;176600;176600
16/06/2026 16:05;176700;176700;176700;176700
16/06/2026 16:00;176800;176800;176800;176800
16/06/2026 15:55;176875;176875;176875;176875
16/06/2026 15:45;177115;177115;176980;176980
16/06/2026 15:15;177115;177115;177115;177115
16/06/2026 13:50;177100;177125;177100;177125
16/06/2026 13:35;177200;177200;177200;177200
16/06/2026 12:05;176645;176645;176645;176645
16/06/2026 11:45;176815;176815;176815;176815
16/06/2026 11:30;176505;176505;176500;176500
16/06/2026 11:00;177175;177175;177175;177175
16/06/2026 10:50;177155;177155;177155;177155
16/06/2026 10:45;176865;176905;176865;176905
16/06/2026 10:40;176625;176765;176585;176765
16/06/2026 10:30;176550;176550;176550;176550
16/06/2026 10:15;176690;176690;176690;176690
16/06/2026 10:05;176600;176600;176600;176600
16/06/2026 09:50;177075;177075;177000;177000
16/06/2026 09:35;177200;177200;177200;177200
16/06/2026 09:20;177720;177720;177720;177720
16/06/2026 09:15;177440;177440;177440;177440
16/06/2026 09:10;177250;177250;177250;177250
16/06/2026 09:00;178000;178000;178000;178000
15/06/2026 18:10;177800;177800;177800;177800
15/06/2026 18:05;177900;177900;177900;177900
15/06/2026 16:35;178190;178190;178190;178190
15/06/2026 16:30;178000;178000;178000;178000
15/06/2026 16:25;177800;177800;177800;177800
15/06/2026 16:20;178000;178000;178000;178000
15/06/2026 15:30;178000;178000;178000;178000
15/06/2026 15:00;178500;178500;178000;178000
15/06/2026 14:30;178785;178785;178745;178745
15/06/2026 14:00;179000;179000;179000;179000
15/06/2026 13:45;179060;179060;179060;179060
15/06/2026 13:10;180000;180000;180000;180000
15/06/2026 12:25;180200;180200;180200;180200
15/06/2026 11:50;180000;180000;180000;180000
15/06/2026 11:45;180000;180000;180000;180000
15/06/2026 11:10;181000;181000;181000;181000
15/06/2026 10:50;181530;181530;181530;181530
15/06/2026 10:45;181585;181585;181585;181585
15/06/2026 10:30;181565;181565;181565;181565
15/06/2026 10:20;181145;181610;181145;181560
15/06/2026 09:45;181000;181000;181000;181000
15/06/2026 09:15;180000;180000;180000;180000
15/06/2026 09:05;180090;180090;180090;180090
12/06/2026 18:20;178695;178695;178500;178500
12/06/2026 17:30;178800;178800;178800;178800
12/06/2026 17:05;178655;178655;178655;178655
12/06/2026 13:50;178655;178655;178655;178655
12/06/2026 12:00;179675;179720;179675;179720
12/06/2026 11:55;179240;179240;179240;179240
12/06/2026 11:10;179200;179200;179200;179200
12/06/2026 11:00;179600;179600;179600;179600
12/06/2026 10:50;179000;179000;179000;179000
12/06/2026 10:45;178495;178495;178355;178355
12/06/2026 10:40;179395;179535;178695;178695
12/06/2026 10:30;179750;179750;179750;179750
12/06/2026 10:15;178305;179000;178305;179000
12/06/2026 10:10;177790;177790;177790;177790
12/06/2026 09:30;177600;177600;177500;177500
12/06/2026 09:25;177550;177550;177500;177500
12/06/2026 09:20;177385;177500;177385;177500
12/06/2026 09:05;178120;178120;178120;178120
12/06/2026 09:00;177510;179000;177510;179000
11/06/2026 17:45;179005;179270;179005;179270
11/06/2026 17:35;179080;179080;179080;179080
11/06/2026 17:15;179350;179350;179350;179350
11/06/2026 16:55;178975;179455;178920;178920
11/06/2026 16:50;179485;179485;179485;179485
11/06/2026 16:45;179500;179500;179500;179500
11/06/2026 16:40;179500;179500;179500;179500
11/06/2026 16:35;179060;179060;179060;179060
11/06/2026 16:30;179500;179500;179500;179500
11/06/2026 16:15;178255;178255;178255;178255
11/06/2026 16:10;178270;178270;178270;178270
11/06/2026 15:50;177990;177990;177990;177990
11/06/2026 15:10;177270;177270;177270;177270
11/06/2026 15:00;177700;178000;177700;178000
11/06/2026 14:55;177700;177700;177700;177700
11/06/2026 14:50;177650;177650;177650;177650
11/06/2026 14:35;177645;177645;177645;177645
11/06/2026 14:30;177240;177500;177240;177255
11/06/2026 14:25;176250;176360;176250;176360
11/06/2026 14:15;175910;175910;175865;175865
11/06/2026 13:50;176100;176100;176100;176100
11/06/2026 10:50;176700;176700;176700;176700
11/06/2026 10:30;177000;177000;177000;177000
11/06/2026 10:15;176660;176660;176660;176660
11/06/2026 10:05;176335;176355;176335;176355
11/06/2026 10:00;176400;176400;176090;176220
11/06/2026 09:10;177220;177220;177220;177220
11/06/2026 09:00;177200;177200;177200;177200
10/06/2026 17:45;176100;176100;176000;176000
10/06/2026 15:00;176100;176100;176100;176100
10/06/2026 14:35;176100;176100;176100;176100
10/06/2026 11:15;176750;176750;176750;176750
10/06/2026 10:40;176525;176525;176525;176525
10/06/2026 09:55;176595;176595;176540;176540
10/06/2026 09:45;177085;177085;177085;177085
09/06/2026 18:20;177245;177245;177165;177165
09/06/2026 17:55;177400;177400;177400;177400
09/06/2026 17:20;177520;177520;177520;177520
09/06/2026 17:15;177560;177560;177560;177560
09/06/2026 13:40;176115;176115;176115;176115
09/06/2026 13:35;176815;176815;176450;176450
09/06/2026 13:25;177200;177200;177200;177200
09/06/2026 10:55;177475;177475;177475;177475
09/06/2026 09:05;177500;177500;177500;177500
08/06/2026 18:20;176500;176500;176500;176500
08/06/2026 18:15;176575;176600;176575;176600
08/06/2026 14:55;176250;176250;176250;176250
08/06/2026 14:25;176135;176135;176135;176135
08/06/2026 14:10;176000;176000;176000;176000
08/06/2026 11:05;176200;176200;176200;176200
08/06/2026 10:50;176515;176515;176515;176515
08/06/2026 09:55;176715;176715;176715;176715
08/06/2026 09:20;177200;177200;177200;177200
08/06/2026 09:05;177340;177340;177340;177340
08/06/2026 09:00;177375;177375;177370;177370
05/06/2026 18:15;176700;176700;176295;176295
05/06/2026 17:55;176700;176775;176700;176775
05/06/2026 16:20;177000;177000;177000;177000
05/06/2026 14:35;177250;177250;177250;177250
05/06/2026 13:40;177000;177000;177000;177000
05/06/2026 13:05;177100;177100;177100;177100
05/06/2026 10:50;178400;178400;178400;178400
05/06/2026 10:40;178100;178100;178100;178100
05/06/2026 10:35;178000;178000;178000;178000
05/06/2026 10:20;178000;178000;178000;178000
05/06/2026 10:10;177705;177705;177705;177705
05/06/2026 10:05;177605;177605;177595;177595
05/06/2026 09:50;178125;178125;178125;178125
05/06/2026 09:40;178220;178300;178220;178300
05/06/2026 09:00;178830;178830;178830;178830
03/06/2026 17:55;178465;178465;178465;178465
03/06/2026 16:45;178465;178465;178465;178465
03/06/2026 16:40;178380;178380;178380;178380
03/06/2026 15:30;178300;178300;178300;178300
03/06/2026 14:50;178440;178440;178300;178300
03/06/2026 13:40;178440;178440;178440;178440
03/06/2026 13:30;178715;178725;178715;178725
03/06/2026 12:50;178885;178885;178885;178885
03/06/2026 12:15;178970;178970;178970;178970
03/06/2026 12:05;179120;179120;179120;179120
03/06/2026 11:55;179230;179230;179220;179220
03/06/2026 11:50;179165;179165;179165;179165
03/06/2026 10:50;179800;179800;179800;179800
03/06/2026 10:45;180100;180100;180100;180100
03/06/2026 10:40;180350;180350;180350;180350
03/06/2026 10:30;179940;179940;179940;179940
03/06/2026 09:50;179665;179665;179665;179665
03/06/2026 09:15;179885;179885;179565;179565
03/06/2026 09:05;181000;181000;180325;180325
03/06/2026 09:00;182000;182290;181800;181800
02/06/2026 13:15;183145;183145;183145;183145
02/06/2026 12:30;183100;183100;183100;183100
02/06/2026 11:40;183000;183000;183000;183000
02/06/2026 11:20;182425;182575;182425;182575
02/06/2026 10:35;182000;182000;182000;182000
02/06/2026 10:10;181400;181400;181400;181400
02/06/2026 10:05;181335;181335;181335;181335
02/06/2026 09:50;181000;181000;180980;180980
02/06/2026 09:35;181355;181355;181355;181355
02/06/2026 09:20;181400;181500;181400;181400
01/06/2026 18:20;180465;180465;180465;180465
01/06/2026 18:05;180610;180610;180610;180610
01/06/2026 17:10;180615;180615;180610;180610
01/06/2026 13:10;180000;180000;180000;180000
01/06/2026 12:40;180960;180960;180960;180960
01/06/2026 10:15;181465;181465;181420;181420
01/06/2026 10:10;182030;182030;182030;182030
01/06/2026 10:05;182000;182000;182000;182000
01/06/2026 09:45;182135;182135;182135;182135
01/06/2026 09:05;183375;183375;183375;183375
01/06/2026 09:00;183000;183000;183000;183000
29/05/2026 16:35;182700;182700;182700;182700
29/05/2026 16:15;182980;182980;182980;182980
29/05/2026 16:00;182500;182500;182500;182500
29/05/2026 14:10;182205;182205;182205;182205
29/05/2026 14:05;182225;182225;182225;182225
29/05/2026 12:55;182030;182030;181990;181990
29/05/2026 11:35;181335;181335;181335;181335
29/05/2026 10:25;182010;182010;182010;182010
29/05/2026 10:20;182000;182000;182000;182000
29/05/2026 10:10;182500;182500;182500;182500
29/05/2026 09:30;183020;183020;183020;183020
29/05/2026 09:25;183220;183220;183120;183120
29/05/2026 09:20;183530;183530;183530;183530
29/05/2026 09:15;183320;183320;183320;183320
29/05/2026 09:10;183420;183420;183420;183420
29/05/2026 09:05;183555;183555;183555;183555
29/05/2026 09:00;183610;183610;183610;183610
28/05/2026 18:05;183000;183000;183000;183000
28/05/2026 17:45;183515;183515;183345;183345
28/05/2026 15:05;184530;184530;184530;184530
28/05/2026 11:10;184890;185275;184890;185275
28/05/2026 09:00;183395;183395;183235;183235
27/05/2026 18:00;184300;184300;184300;184300
27/05/2026 17:40;184500;184500;184500;184500
27/05/2026 17:05;184175;184175;184175;184175
27/05/2026 15:15;184835;184835;184835;184835
27/05/2026 14:25;184440;184440;184340;184340
27/05/2026 14:20;184810;184810;184810;184810
27/05/2026 10:20;185500;185500;185500;185500
27/05/2026 10:00;186665;186665;186665;186665
27/05/2026 09:35;186465;186465;186465;186465
27/05/2026 09:30;187000;187000;187000;187000
27/05/2026 09:25;186750;186780;186750;186780
27/05/2026 09:15;186375;186375;186375;186375
26/05/2026 18:00;185300;185315;185300;185315
26/05/2026 15:15;184490;184490;184490;184490
26/05/2026 15:10;184690;184690;184690;184690
26/05/2026 14:25;184490;184490;184490;184490
26/05/2026 14:20;184590;184590;184590;184590
26/05/2026 11:50;185010;185010;185010;185010
26/05/2026 11:35;184675;184675;184675;184675
26/05/2026 10:50;185045;185060;185045;185060
26/05/2026 10:25;186010;186200;186010;186200
26/05/2026 10:05;185750;185750;185750;185750
26/05/2026 09:30;186505;186505;186505;186505
26/05/2026 09:20;186390;186390;186390;186390
26/05/2026 09:15;185960;186290;185960;186290
25/05/2026 17:30;186800;186800;186800;186800
25/05/2026 17:25;186600;186700;186600;186700
25/05/2026 17:15;186800;186800;186800;186800
25/05/2026 16:45;186635;186635;186635;186635
25/05/2026 16:40;186500;186500;186500;186500
25/05/2026 14:25;186010;186010;186010;186010
25/05/2026 14:00;185910;185910;185910;185910
25/05/2026 13:10;185340;185340;185340;185340
25/05/2026 12:25;185500;185500;185500;185500
25/05/2026 11:00;185665;185665;185665;185665
25/05/2026 10:40;185900;185900;185900;185900
25/05/2026 10:35;186115;186225;186115;186225
25/05/2026 09:20;186710;186710;186710;186710
25/05/2026 09:15;187200;187200;187000;187000
25/05/2026 09:05;187500;187600;187210;187210
22/05/2026 14:40;185035;185035;185035;185035
22/05/2026 14:15;185000;185000;185000;185000
22/05/2026 12:25;184450;184450;184450;184450
22/05/2026 11:55;184200;184200;184200;184200
22/05/2026 11:50;184000;184000;184000;184000
22/05/2026 11:10;184845;184845;184845;184845
22/05/2026 10:35;184915;184915;184915;184915
22/05/2026 10:30;185030;185030;185030;185030
22/05/2026 10:15;185580;185810;185580;185810
22/05/2026 09:25;186010;186010;186010;186010
22/05/2026 09:05;185900;185900;185900;185900
21/05/2026 17:20;186550;186550;186550;186550
21/05/2026 16:00;186445;186445;186445;186445
21/05/2026 15:50;186500;186500;186500;186500
21/05/2026 15:40;186800;186800;186800;186800
21/05/2026 15:35;187180;187235;187180;187235
21/05/2026 15:20;186950;187200;186885;187200
21/05/2026 14:15;186780;186780;186780;186780
21/05/2026 11:15;185735;185735;185735;185735
21/05/2026 09:40;185785;185785;185785;185785
20/05/2026 15:45;187070;187070;187070;187070
20/05/2026 12:30;186485;186485;186485;186485
20/05/2026 11:05;185750;185750;185750;185750
20/05/2026 10:55;186260;186360;186260;186360
20/05/2026 10:50;186160;186160;186160;186160
20/05/2026 10:35;185670;186000;185670;186000
20/05/2026 10:30;185460;185460;185460;185460
20/05/2026 10:25;185345;185345;185345;185345
20/05/2026 10:15;185000;185200;185000;185200
20/05/2026 09:35;184275;184275;184275;184275
20/05/2026 09:05;184615;184990;184400;184400
20/05/2026 09:00;183025;184485;183025;184485
19/05/2026 18:00;183750;183750;183750;183750
19/05/2026 17:45;183405;183405;183405;183405
19/05/2026 16:25;183100;183100;183100;183100
19/05/2026 15:20;183500;183500;183500;183500
19/05/2026 14:05;184220;184220;184220;184220
19/05/2026 13:25;183750;183750;183750;183750
19/05/2026 13:20;183500;183500;183500;183500
19/05/2026 11:05;185050;185100;185050;185100
19/05/2026 11:00;184750;184955;184750;184955
19/05/2026 10:55;184500;184650;184500;184650
19/05/2026 10:50;184195;184450;184195;184450
19/05/2026 10:45;183830;184030;183830;184030
19/05/2026 10:40;183750;183780;183750;183780
19/05/2026 10:35;183730;183730;183730;183730
19/05/2026 10:30;183530;183530;183480;183480
19/05/2026 10:20;183000;183000;183000;183000
19/05/2026 10:15;183680;183680;183500;183500
19/05/2026 10:10;183630;183630;183615;183615
19/05/2026 10:00;184000;184000;183755;183755
19/05/2026 09:20;184895;185055;184895;185055
19/05/2026 09:15;184505;184505;184505;184505
19/05/2026 09:10;185000;185000;185000;185000
19/05/2026 09:00;185800;185800;185570;185570
18/05/2026 18:15;186900;186900;186900;186900
18/05/2026 17:50;186700;186700;186700;186700
18/05/2026 16:40;186250;186260;186250;186260
18/05/2026 15:45;185300;185300;185300;185300
18/05/2026 14:45;186000;186000;186000;186000
18/05/2026 12:35;186250;186250;186250;186250
18/05/2026 10:05;186045;186045;186045;186045
18/05/2026 09:55;185925;185925;185925;185925
18/05/2026 09:25;185895;185895;185895;185895
18/05/2026 09:15;185910;185910;185910;185910
15/05/2026 18:20;186895;187190;186680;186680
15/05/2026 18:15;186625;186625;186550;186580
15/05/2026 18:10;186655;186655;186655;186655
15/05/2026 17:50;186895;186895;186895;186895
15/05/2026 16:45;186630;186630;186630;186630
15/05/2026 16:05;185915;185915;185915;185915
15/05/2026 13:20;186200;186210;186200;186210
15/05/2026 11:20;186245;186495;186245;186495
15/05/2026 11:10;185600;185675;185600;185675
15/05/2026 11:05;185480;185480;185480;185480
15/05/2026 11:00;185375;185375;185375;185375
15/05/2026 10:55;185260;185260;185260;185260
15/05/2026 10:50;184845;185100;184820;185100
15/05/2026 10:10;185000;185000;185000;185000
15/05/2026 10:00;185200;185200;185200;185200
15/05/2026 09:25;185915;185915;185915;185915
15/05/2026 09:10;185900;185900;185900;185900
15/05/2026 09:05;185300;185600;185300;185600
15/05/2026 09:00;186475;186475;185500;185500
14/05/2026 16:45;188200;188200;188200;188200
14/05/2026 16:10;188200;188200;188200;188200
14/05/2026 15:40;188330;188330;188330;188330
14/05/2026 15:35;188500;188500;188500;188500
14/05/2026 14:50;189000;189000;189000;189000
14/05/2026 14:20;188735;188735;188735;188735
14/05/2026 14:15;189025;189025;189025;189025
14/05/2026 14:10;189220;189220;189220;189220
14/05/2026 13:10;188770;188935;188770;188935
14/05/2026 12:30;188550;188550;188550;188550
14/05/2026 11:30;188475;188475;188475;188475
14/05/2026 09:55;187960;187960;187960;187960
14/05/2026 09:45;188255;188255;188255;188255
14/05/2026 09:40;188085;188085;188085;188085
14/05/2026 09:35;187930;187930;187930;187930
14/05/2026 09:30;187965;188060;187965;188060
14/05/2026 09:05;187525;187525;187465;187465
14/05/2026 09:00;187000;187000;187000;187000
13/05/2026 18:20;186430;186430;186430;186430
13/05/2026 17:50;186800;186800;186800;186800
13/05/2026 17:30;186890;186890;186890;186890
13/05/2026 16:20;187070;187070;186945;186945
13/05/2026 16:15;187160;187160;187060;187060
13/05/2026 16:10;187080;187110;187055;187055
13/05/2026 15:45;186715;186875;186715;186875
13/05/2026 15:35;187560;187560;187560;187560
13/05/2026 15:15;188055;188055;188055;188055
13/05/2026 15:00;188000;188000;188000;188000
13/05/2026 14:55;189400;189410;188100;188100
13/05/2026 14:50;189355;189355;189355;189355
13/05/2026 14:30;189330;189330;189330;189330
13/05/2026 14:10;189430;189430;189430;189430
13/05/2026 14:05;189530;189530;189530;189530
13/05/2026 13:25;190445;190445;190350;190360
13/05/2026 12:50;190100;190100;190100;190100
13/05/2026 12:45;190050;190050;190050;190050
13/05/2026 12:40;190250;190250;190150;190150
13/05/2026 12:35;190300;190385;190280;190285
13/05/2026 12:30;190230;190230;190230;190230
13/05/2026 12:20;190000;190100;190000;190100
13/05/2026 12:15;189950;189950;189950;189950
13/05/2026 12:10;190000;190000;190000;190000
13/05/2026 11:40;190220;190220;190220;190220
13/05/2026 11:05;189900;189900;189900;189900
13/05/2026 11:00;189780;189780;189780;189780
13/05/2026 10:55;189670;189670;189670;189670
13/05/2026 10:45;189260;189300;189260;189300
13/05/2026 10:35;188900;188900;188900;188900
13/05/2026 10:30;189400;189400;189000;189000
13/05/2026 10:25;189500;189500;189500;189500
13/05/2026 10:20;189925;189925;189925;189925
13/05/2026 10:15;189700;189700;189600;189600
13/05/2026 10:10;190000;190100;190000;190100
13/05/2026 10:05;189800;189800;189800;189800
13/05/2026 10:00;189900;189900;189900;189900
13/05/2026 09:45;189850;189850;189850;189850
13/05/2026 09:40;189775;189775;189775;189775
12/05/2026 18:20;190600;190600;190600;190600
12/05/2026 18:10;190670;190670;190670;190670
12/05/2026 18:00;190750;190750;190750;190750
12/05/2026 17:30;190600;190600;190600;190600
12/05/2026 15:30;190400;190765;190400;190765
12/05/2026 15:25;190510;190510;190510;190510
12/05/2026 15:15;190000;190105;190000;190105
12/05/2026 15:10;189905;189905;189905;189905
12/05/2026 14:55;189895;189895;189895;189895
12/05/2026 14:45;190200;190200;190200;190200
12/05/2026 14:20;190220;190220;190220;190220
12/05/2026 13:45;190030;190030;190030;190030
12/05/2026 13:00;190130;190130;190130;190130
12/05/2026 12:30;190220;190220;190220;190220
12/05/2026 10:35;191520;191520;191520;191520
12/05/2026 09:20;191250;191250;190910;190910
12/05/2026 09:15;191500;191500;191350;191350
12/05/2026 09:00;191415;191415;191415;191415
11/05/2026 17:10;192000;192000;192000;192000
11/05/2026 17:05;192100;192100;192100;192100
11/05/2026 16:50;192215;192215;192215;192215
11/05/2026 16:15;192040;192040;192040;192040
11/05/2026 14:45;192285;192285;192285;192285
11/05/2026 13:45;192375;192375;192375;192375
11/05/2026 13:00;192490;192490;192490;192490
11/05/2026 12:20;192405;192410;192365;192365
11/05/2026 12:00;192500;192500;192500;192500
11/05/2026 11:05;192945;192945;192945;192945
11/05/2026 09:30;194050;194050;193950;193950
11/05/2026 09:25;194170;194170;194170;194170
11/05/2026 09:15;193555;193555;193555;193555
08/05/2026 15:00;195020;195020;195020;195020
08/05/2026 11:05;195175;195175;195175;195175
08/05/2026 10:40;196000;196000;196000;196000
08/05/2026 10:25;195550;195550;195550;195550
08/05/2026 10:05;195200;195200;195200;195200
08/05/2026 10:00;195305;195305;195305;195305
08/05/2026 09:55;195440;195440;195405;195405
08/05/2026 09:50;195420;195450;195420;195450
08/05/2026 09:05;194020;194020;194020;194020
08/05/2026 09:00;193490;193490;193490;193490
07/05/2026 18:10;193300;193300;193280;193280
07/05/2026 18:05;193410;193410;193370;193370
07/05/2026 17:45;193460;193460;193460;193460
07/05/2026 16:25;193800;193800;193800;193800
07/05/2026 16:20;193800;193800;193800;193800
07/05/2026 13:35;194445;194510;194445;194505
07/05/2026 12:45;194500;194500;194500;194500
07/05/2026 11:25;194565;194565;194565;194565
07/05/2026 11:00;194590;194590;194425;194425
07/05/2026 10:50;195175;195175;194905;194905
07/05/2026 10:40;194865;194865;194865;194865
07/05/2026 10:35;195700;195700;195400;195400
07/05/2026 10:30;195800;195800;195800;195800
07/05/2026 10:20;196500;196500;196500;196500
07/05/2026 10:10;196600;196600;196600;196600
07/05/2026 10:05;196950;196950;196950;196950
07/05/2026 10:00;197160;197160;197160;197160
07/05/2026 09:35;197630;197630;197630;197630
07/05/2026 09:30;197260;197260;197260;197260
07/05/2026 09:15;197400;197400;197400;197400
07/05/2026 09:05;197530;197530;197530;197530
07/05/2026 09:00;198210;198210;198210;198210
06/05/2026 18:15;197900;197900;197900;197900
06/05/2026 17:40;197960;197960;197960;197960
06/05/2026 17:35;198000;198000;197960;197960
06/05/2026 17:30;198200;198200;198200;198200
06/05/2026 16:45;198415;198415;198415;198415
06/05/2026 12:35;198645;198645;198645;198645
06/05/2026 11:10;197830;197830;197830;197830
06/05/2026 10:45;199300;199300;199300;199300
06/05/2026 10:00;199150;199150;199150;199150
06/05/2026 09:40;199750;199750;199750;199750
06/05/2026 09:35;200300;200300;200300;200300
06/05/2026 09:15;199500;199500;199500;199500
06/05/2026 09:10;199550;199550;199500;199500
05/05/2026 18:15;197355;197355;197355;197355
05/05/2026 18:05;197500;197500;197500;197500
05/05/2026 18:00;197500;197500;197500;197500
05/05/2026 17:55;197365;197420;197365;197420
05/05/2026 17:35;197500;197500;197500;197500
05/05/2026 17:25;197580;197580;197580;197580
05/05/2026 16:50;197400;197400;197400;197400
05/05/2026 16:45;197505;197505;197500;197500
05/05/2026 16:20;197530;197530;197530;197530
05/05/2026 15:10;197500;197500;197500;197500
05/05/2026 14:30;197050;197050;197050;197050
05/05/2026 14:25;197200;197200;197075;197075
05/05/2026 14:20;197250;197250;197250;197250
05/05/2026 13:50;197575;197575;197575;197575
05/05/2026 13:45;197750;197750;197750;197750
05/05/2026 13:40;198045;198045;198045;198045
05/05/2026 13:35;198000;198000;198000;198000
05/05/2026 13:00;198250;198250;198250;198250
05/05/2026 12:35;197970;197970;197970;197970
05/05/2026 12:25;197650;197650;197650;197650
05/05/2026 12:15;197500;197500;197500;197500
05/05/2026 11:40;197200;197200;197200;197200
05/05/2026 10:10;196820;196820;196820;196820
05/05/2026 10:05;196800;196800;196800;196800
05/05/2026 10:00;196400;196400;196400;196400
05/05/2026 09:00;197155;197155;197155;197155
04/05/2026 17:25;196520;196520;196520;196520
04/05/2026 15:55;196520;196520;196520;196520
04/05/2026 15:45;196470;196470;196470;196470
04/05/2026 15:35;196615;196615;196615;196615
04/05/2026 14:35;196550;196550;196550;196550
04/05/2026 14:00;196560;196560;196560;196560
04/05/2026 13:50;196510;196510;196510;196510
04/05/2026 13:45;196630;196680;196550;196550
04/05/2026 13:35;196930;196930;196800;196800
04/05/2026 13:30;196990;196990;196990;196990
04/05/2026 13:25;196930;196930;196930;196930
04/05/2026 13:20;196990;196990;196990;196990
04/05/2026 13:15;196890;196940;196890;196940
04/05/2026 13:10;196835;196835;196835;196835
04/05/2026 13:05;196740;196740;196740;196740
04/05/2026 12:45;196920;196920;196920;196920
04/05/2026 12:40;197060;197060;197060;197060
04/05/2026 12:35;197110;197110;197110;197110
04/05/2026 12:30;197060;197060;197060;197060
04/05/2026 12:25;197110;197160;197110;197160
04/05/2026 12:20;197060;197060;197060;197060
04/05/2026 12:15;197420;197420;197420;197420
04/05/2026 12:10;197800;197800;197800;197800
04/05/2026 10:50;198250;198250;198250;198250
04/05/2026 10:40;198500;198500;198500;198500
04/05/2026 09:40;198060;198060;198060;198060
04/05/2026 09:30;198250;198250;198250;198250
04/05/2026 09:15;198500;198500;198500;198500
04/05/2026 09:05;198000;198000;198000;198000
30/04/2026 18:00;198300;198300;198300;198300
30/04/2026 17:35;198100;198100;198100;198100
30/04/2026 17:30;198100;198100;198045;198045
30/04/2026 17:25;198255;198255;198250;198250
30/04/2026 16:25;198850;198850;198850;198850
30/04/2026 15:30;198370;198370;198370;198370
30/04/2026 15:25;198600;198600;198335;198335
30/04/2026 15:20;198500;198500;198400;198450
30/04/2026 15:15;198375;198400;198375;198400
30/04/2026 15:10;198360;198360;198360;198360
30/04/2026 14:55;198260;198260;198260;198260
30/04/2026 14:50;198390;198390;198390;198390
30/04/2026 14:45;198380;198380;198380;198380
30/04/2026 14:25;198150;198150;198100;198100
30/04/2026 13:35;198120;198120;198120;198120
30/04/2026 12:45;197890;197890;197890;197890
30/04/2026 11:45;197880;198480;197880;198480
30/04/2026 11:25;198000;198000;197995;197995
30/04/2026 11:20;197800;197800;197800;197800
30/04/2026 11:00;197610;197610;197610;197610
30/04/2026 10:55;197830;197830;197830;197830
30/04/2026 10:30;197610;197610;197610;197610
30/04/2026 10:20;197250;197250;197150;197150
30/04/2026 09:55;197000;197000;197000;197000
30/04/2026 09:50;196970;196970;196970;196970
30/04/2026 09:10;197110;197110;197110;197110
30/04/2026 09:05;196765;197000;196765;197000
30/04/2026 09:00;195935;196625;195935;196625
29/04/2026 18:20;195000;195000;195000;195000
29/04/2026 18:10;195050;195050;195050;195050
29/04/2026 18:05;195050;195050;195050;195050
29/04/2026 18:00;195100;195100;195100;195100
29/04/2026 17:50;195200;195200;195200;195200
29/04/2026 17:45;195200;195200;195150;195150
29/04/2026 17:40;195140;195190;195115;195125
29/04/2026 17:35;195075;195075;195020;195020
29/04/2026 17:25;195400;195400;195400;195400
29/04/2026 17:15;195325;195325;195325;195325
29/04/2026 17:10;195470;195470;195470;195470
29/04/2026 17:00;195600;195600;195600;195600
29/04/2026 16:50;195600;195600;195600;195600
29/04/2026 16:10;195995;196100;195995;196100
29/04/2026 16:00;196000;196000;196000;196000
29/04/2026 15:50;196000;196000;196000;196000
29/04/2026 15:40;196000;196000;196000;196000
29/04/2026 12:50;197000;197000;197000;197000
29/04/2026 12:15;197600;197600;197600;197600
29/04/2026 12:10;197400;197400;197400;197400
29/04/2026 11:15;197650;197650;197650;197650
29/04/2026 11:05;197600;197600;197400;197400
29/04/2026 11:00;197500;197500;197325;197450
29/04/2026 10:55;197715;197715;197600;197600
29/04/2026 10:50;197700;197700;197700;197700
29/04/2026 10:45;197820;197825;197545;197545
29/04/2026 10:40;198220;198220;198220;198220
29/04/2026 10:35;198220;198220;198220;198220
29/04/2026 10:30;198325;198400;198200;198200
29/04/2026 10:25;198215;198215;198190;198190
29/04/2026 10:10;198465;198465;198465;198465
29/04/2026 10:05;198740;198740;198450;198450
29/04/2026 09:40;198895;198895;198895;198895
29/04/2026 09:35;199095;199095;199095;199095
28/04/2026 18:20;199800;199800;199800;199800
28/04/2026 18:15;199800;199800;199800;199800
28/04/2026 15:30;200035;200035;200035;200035
28/04/2026 14:55;200140;200140;200140;200140
28/04/2026 14:05;199965;199965;199965;199965
28/04/2026 14:00;199985;199985;199975;199975
28/04/2026 13:55;200065;200065;200065;200065
28/04/2026 13:50;199990;199990;199990;199990
28/04/2026 13:40;199675;199675;199675;199675
28/04/2026 12:50;199990;199990;199990;199990
28/04/2026 12:15;199500;199500;199500;199500
28/04/2026 11:30;199105;199105;199105;199105
28/04/2026 11:25;199250;199250;199250;199250
28/04/2026 10:45;199700;199700;199685;199685
28/04/2026 10:40;199495;199500;199495;199500
28/04/2026 10:35;199495;199495;199495;199495
28/04/2026 10:30;199265;199320;199265;199320
28/04/2026 09:50;199705;199705;199705;199705
28/04/2026 09:00;200265;200265;200265;200265
27/04/2026 18:10;200925;200925;200925;200925
27/04/2026 18:05;200800;200800;200745;200745
27/04/2026 17:20;201300;201300;201300;201300
27/04/2026 17:00;200950;201100;200950;201100
27/04/2026 14:05;201500;201500;201500;201500
27/04/2026 11:55;201890;201890;201890;201890
27/04/2026 11:10;202980;202980;202980;202980
27/04/2026 10:50;201970;201970;201910;201910
27/04/2026 10:45;202500;202500;202470;202500
27/04/2026 10:35;202470;202470;202470;202470
27/04/2026 09:00;202950;203410;202950;203410
24/04/2026 18:15;202900;202900;202900;202900
24/04/2026 17:10;202770;202770;202770;202770
24/04/2026 16:55;202500;202500;202500;202500
24/04/2026 16:30;202515;203570;202515;203570
24/04/2026 15:45;202610;202610;202610;202610
24/04/2026 15:10;202375;202390;202320;202320
24/04/2026 15:05;202380;202405;202380;202405
24/04/2026 14:25;201990;201990;201990;201990
24/04/2026 13:10;202190;202190;202190;202190
24/04/2026 12:45;202165;202165;202165;202165
24/04/2026 12:40;201720;201820;201720;201820
24/04/2026 12:35;201670;201755;201670;201755
24/04/2026 11:55;202060;202200;202060;202200
24/04/2026 11:50;201860;201860;201860;201860
24/04/2026 10:30;202000;202000;202000;202000
23/04/2026 14:15;203735;203735;203605;203605
23/04/2026 10:15;205000;205000;205000;205000
22/04/2026 18:20;204285;204285;204285;204285
22/04/2026 18:15;204745;204745;204745;204745
22/04/2026 18:10;204900;204990;204900;204990
22/04/2026 14:45;204975;204975;204970;204970
22/04/2026 14:40;205015;205015;204900;204960
22/04/2026 14:35;205110;205110;205000;205000
22/04/2026 14:30;205255;205305;205200;205200
22/04/2026 14:25;205085;205245;205085;205245
22/04/2026 13:30;205100;205100;204900;204900
22/04/2026 13:25;205200;205260;205150;205165
22/04/2026 13:20;205275;205275;205275;205275
22/04/2026 12:30;205620;205620;205620;205620
22/04/2026 11:45;205845;205845;205845;205845
22/04/2026 11:35;205890;205890;205890;205890
22/04/2026 10:55;207000;207000;206900;206900
22/04/2026 10:50;207200;207200;207100;207100
22/04/2026 10:35;207140;207140;207140;207140
22/04/2026 10:20;207750;207850;207750;207850
22/04/2026 10:15;207700;207700;207700;207700
22/04/2026 10:05;207500;207650;207500;207650
22/04/2026 09:25;207800;207800;207700;207700
22/04/2026 09:10;207500;207600;207500;207600
20/04/2026 18:20;208745;208745;208745;208745
20/04/2026 18:15;208355;208355;208355;208355
20/04/2026 12:15;208115;208115;208115;208115
20/04/2026 11:00;207935;207935;207935;207935
20/04/2026 09:40;208625;208735;208625;208735
20/04/2026 09:00;208100;208100;208000;208000
17/04/2026 11:50;208315;208315;208000;208000
17/04/2026 11:35;209130;209130;208785;208785
17/04/2026 10:55;209850;209850;209850;209850
17/04/2026 10:35;210050;210050;210050;210050
17/04/2026 10:30;210190;210190;210190;210190
17/04/2026 10:15;210860;210860;210860;210860
17/04/2026 10:05;211560;211560;211560;211560
17/04/2026 09:50;210825;210825;210825;210825
17/04/2026 09:25;210020;210020;210020;210020
17/04/2026 09:00;209630;209630;209630;209630
16/04/2026 17:25;208875;208875;208875;208875
16/04/2026 14:05;209460;209460;209460;209460
16/04/2026 12:10;209565;209565;209565;209565
16/04/2026 11:15;209700;209765;209700;209765
16/04/2026 10:50;210230;210230;210230;210230
16/04/2026 10:05;210430;210430;210430;210430
16/04/2026 09:05;210230;210630;210230;210630
15/04/2026 15:55;210250;210250;210250;210250
15/04/2026 15:40;210250;210250;210250;210250
15/04/2026 15:35;210140;210140;210140;210140
15/04/2026 15:05;209800;209900;209800;209900
15/04/2026 13:20;209750;209750;209750;209750
15/04/2026 13:10;209700;209700;209700;209700
15/04/2026 13:05;209685;209685;209685;209685
15/04/2026 12:10;210000;210000;210000;210000
